temperature,humidity,pressure,light_intensity,sound_level,packet_loss,signal_strength,latency,throughput,jitter,failed_logins,unauthorized_access_attempts,malicious_packet_count,anomaly_score,threat_level
-0.3963010254767583,-1.1021785715624413,-0.8284893755872237,0.6367398383952466,0.27171139651418585,-0.3626670339718453,0.5350626417826662,-1.557636671865991,0.8287016101523076,1.4778904763660994,0.505453717903368,1.4056049087251423,-1.3995105391874623,-1.3594572038718487,0
1.5769573316843204,0.11944662666471847,-0.8791793021843578,1.0697068619863281,1.0860250641360114,-0.086589914663407,-1.1082008234937573,-1.0380170369223085,0.711772526507054,0.10129173868775124,-0.5541976823133364,-1.462976537652699,0.46447007966010817,-1.3509094092183123,2
0.8278925581457218,1.2529921142585652,1.3900474712706028,-0.8378224089017864,0.9281014870223785,1.231906905009905,1.3090485756317756,1.2251039547982685,-1.3851530438049973,0.808884693945952,-1.2606319491244726,1.4056049087251423,-1.0606049721242676,0.23177300844335835,1
0.37125060555064066,0.7711432689198588,-0.8703423105240543,0.4697080518964069,-1.1867637653101952,-0.5482096809830275,0.41371567457900804,0.9986860830230887,1.5458559312722833,-0.21540452094522608,-0.20098054890776826,1.4056049087251423,-0.21334105446628107,-0.8240582426158405,1
-1.1446846615189397,1.0256813592546419,-0.7932293889168678,0.2841699105691191,-1.2029862221097039,1.2841548986824973,-1.1606285480295346,-0.4625734620993872,0.29059707932869316,0.47246052180407866,-0.9074148157189045,-0.02868581446377844,-0.8911521885926703,-0.38663052037322077,1
-1.1447672670959148,0.5196689035117091,0.8845681282283798,1.1959491406849534,-0.788131689139052,-1.4195807390545923,1.6196390183496507,-0.37068259848157387,-0.43521465916399443,-0.5539444399422611,1.2118879847145043,-1.462976537652699,1.481186780849692,-0.35676841811162063,0
-1.4800886368661765,0.6343544478547068,-0.1812759342842677,1.4517818303606753,-0.4640604851672275,0.9629260731132245,0.08652485695626473,0.17973618522723533,0.9572783974850811,-0.693714736040678,0.1522365844977999,1.4056049087251423,-1.230057755655865,-1.1514687279856948,0
1.287434413835988,1.1716680546197002,0.9441570337808305,-1.6700710667333045,-0.29877833794027153,1.207690485850619,-1.4517497859243331,-1.6930378449410748,-0.8122531618356124,0.28876348348068415,-1.613849082530041,-0.7458311760582388,-1.230057755655865,-1.7853754317409543,1
0.3796636230281964,-0.8812011413392541,-1.5042898858025648,0.6413389058040488,0.6474139554777383,-1.0954736095269777,0.4610816925856721,-0.8467347974078725,0.7338461845329641,0.004732741320317578,-0.9074148157189045,-1.462976537652699,-0.721699405061073,1.2612884248447116,1
0.7459676255872393,-0.06023871703589659,-0.05106045013259864,-1.5315008796361078,-1.5259016544178614,-0.23566135978843306,-0.8291411278057915,-0.9626610064514933,-1.5838212741826616,0.29339655732336845,-0.5541976823133364,-0.7458311760582388,-0.04388827093468376,0.767184458526358,1
-1.608514118821392,-0.9786473831388675,-1.6135821658503706,0.20424103793644538,-1.602672842364846,-1.1519270549765876,1.0718117544890937,-0.8142926549842637,1.2510444417424154,-0.7451254287949787,1.2118879847145043,0.6884595471306819,-0.8911521885926703,0.6796891114207326,0
1.6426974705055217,1.645817392799688,-1.513627871927032,-0.7080324975218543,-0.35649355168729485,0.7200813535070701,1.1206003290043187,1.1361205892341533,-0.13586226681773295,-0.4603956438280862,0.1522365844977999,1.4056049087251423,-1.230057755655865,0.16454205403999211,0
1.1719052526132523,1.4964950171934965,1.3906769193993171,-0.6411767837710891,0.7083435553916116,0.12760164953445188,1.6769937985385932,-0.7117863710150059,0.5324344242710246,-1.4641109108415737,-0.5541976823133364,-1.462976537652699,-0.5522466215294757,0.716996762991153,0
-0.951800563322426,-1.6010973517992169,-1.2499976850057095,-0.4798967462208301,-1.0488493667980203,0.4734778606048975,0.029561549390505884,-1.021341256307236,-0.9403229505396827,-1.576239383406834,-1.613849082530041,-0.7458311760582388,1.3117339973180946,1.5564870663389494,1
-1.056304183782813,0.6798908014157601,0.10331145791375704,0.45719993319128716,0.5141834062259862,-1.04472354781071,-0.13243595000457956,0.07687852191898016,0.6755813474350073,-0.8628631044416175,0.8586708513089362,1.4056049087251423,-0.38279383799787836,0.5907580853657327,0
-1.0508946291817047,1.4320833613935746,-0.3142893805150889,-0.545930612827231,-0.8172464609470435,-0.9919337676219855,0.898400844597496,1.3458996886331513,1.0129397278656775,-1.4983332033763728,-1.2606319491244726,-0.02868581446377844,-1.5689633227190596,-0.8419567022931589,1
-0.6370543845835692,-1.117784396119041,-0.5337246705930758,0.8462627337847114,1.3673756189326685,-1.580926795286522,-1.2460366597019852,-0.8463647897017363,-0.0470890366911318,-1.3936290182713047,0.8586708513089362,-0.7458311760582388,-1.0606049721242676,0.25057637836973173,0
0.11815380603631935,0.2086260119854065,1.3679455855144027,-0.2998038843598242,1.400877389701541,-0.6102641356749899,0.18511311948080178,-1.4180976677829868,0.4652014009056238,1.1209923199942438,0.1522365844977999,-0.7458311760582388,-0.5522466215294757,-0.20806868407828727,1
-0.19970301621641945,1.3986636445550988,-1.654164037641018,-1.4738175262555642,-0.6865752244497545,0.21200531211927695,0.18280669807614472,-0.44233956864225055,-0.10695312679644835,-1.6237645579090398,0.8586708513089362,0.6884595471306819,0.6339228631917054,0.20000024367515312,0
-0.6816211394487016,-1.619864514455862,0.5554834764241602,1.0245812034265487,-0.9213199530337212,1.243626395643605,-1.3945145802569836,0.9315568072274416,1.4448927806384502,0.5749675215186569,0.1522365844977999,-0.02868581446377844,0.46447007966010817,0.06119798685306677,0
0.41643829600773824,0.6519672285395911,1.5867228072663608,-0.7145784385617467,-0.2888420857687193,0.5828156285857756,-0.2601094036223102,0.23991105086194586,0.04031462480680394,-0.7951333235929497,-0.20098054890776826,0.6884595471306819,-0.04388827093468376,1.2814012343032235,1
-1.2012780676893662,-0.7179345192385113,0.1988183373728695,-0.20118372647941601,-0.8845600556412712,-0.21819106743353983,1.243059252409813,1.174353037155493,1.2595546431673224,1.3288460644923132,-0.20098054890776826,-0.02868581446377844,1.3117339973180946,0.5411379268161962,1
-0.6784857430418865,1.429165572519916,1.4952620978150475,0.6812345621629359,0.6219021726972316,1.5729297806190898,1.2529657959243619,1.6758027074008546,1.1161388286875837,-0.04185174436245593,1.5651051181200724,-0.7458311760582388,-1.5689633227190596,-1.1149675158656391,0
-0.42430965712288676,1.5889431670932503,-1.5494085703654628,-0.5514966349286838,1.1579984376205963,0.7638144931568189,-1.3607959273836465,1.0896154195427707,-0.2693855231628781,-0.6780507300790201,1.5651051181200724,0.6884595471306819,-1.0606049721242676,-1.5646927689294836,2
-0.11708079716436194,1.4972043267348571,-0.2877938458579073,-1.51491305941916,0.6243729448781208,1.4935148081480332,-1.3902058493683265,0.42642008897419204,-0.9089621568553311,0.07391154628123471,0.8586708513089362,1.4056049087251423,0.9728284302549001,-0.27230626035407335,0
1.0100282158260125,-0.11232251052617755,-0.833817221420038,-0.40668972085244837,1.1520185366411537,0.10075580921219655,-0.7963478290144542,0.038525466244209265,-0.285063625598756,-0.40720577673076586,0.505453717903368,-0.02868581446377844,0.9728284302549001,-1.7342446832208183,0
-0.9951762748478618,1.2156580352300637,0.786205090661572,1.5857509225045086,-0.3387670324754023,-0.8287841930993607,1.3172377725640507,-1.5531782558652938,1.2042845277360243,0.23937297694038528,0.8586708513089362,-0.7458311760582388,1.3117339973180946,-0.6516612413943155,0
0.08211850369054668,1.1557586135147397,1.648343737532648,0.5285888951139625,-1.1783321348469158,-1.5417316592407233,-1.2583578269600926,1.7626435464719319,-0.9176541584342224,-1.3554811554813138,0.8586708513089362,-1.462976537652699,-0.38279383799787836,-0.47381907566549547,0
0.3498666935633549,-0.6434543600729237,-0.8463038604124989,0.6324658297875048,0.8506247598824623,0.787476997271657,0.7827927476447982,-0.34725860659396524,0.13449324772058502,1.773666740010595,0.505453717903368,-0.02868581446377844,-0.04388827093468376,-0.44675364740208257,0
-1.5199295539485536,1.1022257995217015,0.5223883616821131,0.49557903447957424,-0.4661542812483771,-1.3048305325954972,-1.3541383663495092,-1.1593222417715203,1.1329584003441022,-0.2526100858831644,-1.2606319491244726,-0.02868581446377844,0.9728284302549001,1.712646441412044,0
0.40168428292813163,-1.6093809618895496,-1.0474282420584824,-1.0175900618627687,0.6180195493249367,-0.6770082815908969,0.4483220434998703,0.6473189043770455,-0.47154321917590303,-0.5268012722551434,1.2118879847145043,1.4056049087251423,0.12556451259691354,-0.7031515078624446,1
-1.0950068615490092,0.3056136954193756,0.21658618248166023,-0.2515878259906498,-0.779516890355402,0.11764884394400299,-0.4739187767474122,-0.6955824110657945,0.551990795263718,0.7567577730352779,0.505453717903368,-0.02868581446377844,-0.721699405061073,-0.8414699531699442,0
-1.4562249743199458,-0.9485169827823665,-0.13242486285594746,0.909964492166647,-1.4402648519707246,0.22816834152547225,1.0207756228741034,0.363124491431655,-0.8538489081447452,-0.4712406575542944,0.1522365844977999,-0.02868581446377844,-1.5689633227190596,-1.3273360657641269,1
1.5706942360798262,-1.3232620237070407,1.6163615032047582,-1.3585035708298911,1.7388724131309357,0.3532905956724291,-0.8965072082992586,0.3665996829619204,-1.3372070513454581,1.1931377993194436,1.2118879847145043,1.4056049087251423,0.29501729612851085,0.03758668670378389,0
1.6280469664619197,-1.4726015742667493,0.3652702883150252,-0.7421868100430279,-1.178734912211079,-1.149313129241128,0.5037937299732526,-0.1286671754959645,1.0914383789084339,-0.15078876495433677,-1.613849082530041,1.4056049087251423,-0.721699405061073,-1.2404488647231875,0
1.0895558940976764,0.6480928387519685,-0.5262794683830561,-0.7475428034282141,1.724357980895812,-0.41074905139990603,-0.8896281916322278,1.2422152300451839,-1.373758147433344,0.789907287746652,-1.2606319491244726,0.6884595471306819,0.46447007966010817,0.41415005473510885,0
-0.6357819964374566,-0.5723195055270602,-1.3365625430204056,-0.20379578265612144,1.6854937909721004,0.4107582316797004,0.7609116497325962,-0.7634304929051908,-0.7625677099587316,-1.3805852249905282,-1.613849082530041,-0.7458311760582388,1.1422812137864973,-1.2351359526021566,1
-1.3445075161114344,0.7456056069204744,-1.2086886763752167,1.7111940934873153,1.0455103011916485,1.630700893731757,1.313480623707498,-0.11847385705306185,1.3067046802511995,1.238685063342252,1.5651051181200724,-0.7458311760582388,-1.5689633227190596,0.27244096368795484,1
0.6643228820056012,-1.5123108998631787,-0.9537394403770172,-1.4767882450239567,0.5766897704886942,0.7928265398780042,-1.2656122042065028,0.19426604213938026,-0.49638672397254363,0.8472082770215358,-0.9074148157189045,0.6884595471306819,-0.38279383799787836,1.1651407582869162,2
-0.17159438313825537,-0.6565008137539355,-0.8654530830774126,0.09892207426289076,0.2919829382439609,1.4673551774856441,1.28902405805823,0.6364887116116332,1.7247787616221328,-1.010872172576881,-0.20098054890776826,-0.7458311760582388,-0.38279383799787836,-1.6379845673158617,0
-1.2610593981397498,0.1111956200784972,1.1985397155584092,-1.086134593899562,1.2976619856235834,0.9124629346793678,0.3462372745671808,1.0590975697035263,1.7484907162964691,-1.246432149623452,-1.613849082530041,-0.02868581446377844,0.12556451259691354,-0.28881866438169346,1
0.01685104152165903,0.9714498190270296,0.2024482864197568,1.677346254260535,-0.7139508773217439,0.3226169309494511,-1.2645462382330523,-0.30748586184537235,-0.773576031777417,-0.6400527555054658,-0.5541976823133364,0.6884595471306819,0.6339228631917054,-0.14109878244526805,1
-1.5612386388157369,-0.6446458606511403,0.07223099285960971,-1.3168385763338462,-0.09217718096993584,-1.0601658420447257,-0.22710477111598631,0.5747629010937207,-1.57932980149412,1.699485826378247,0.8586708513089362,0.6884595471306819,-0.04388827093468376,1.0392555277888502,0
1.4351931405419163,0.4070419805530047,-1.3342457781068875,-0.30303907188019935,0.4370397159145534,0.5819791109540522,-1.1480023320995167,-1.1650013864411373,0.774802294425823,-0.850897502098799,0.1522365844977999,-0.7458311760582388,0.8033756467233027,-0.11653960633232865,0
-0.7927517224712993,1.2976152634549407,1.2313200622420963,0.8643734567839597,-0.2892380029608558,0.4321570731982286,0.7149416497617179,1.5811864669635647,-0.125880977277626,-0.14420576922862335,-1.613849082530041,-1.462976537652699,-0.5522466215294757,0.23975985146878975,0
0.589968798937385,0.3727040163076245,0.7586461665044506,0.7479738934062166,-0.2323915347479097,0.35981532267934624,0.9170221798801118,-0.34874160455162556,-1.3674332184360956,-1.6551584968376756,-1.613849082530041,-0.7458311760582388,-0.5522466215294757,1.0397280301733276,1
-0.6114754230300996,-0.9384135741473445,-1.4963657001076773,-0.23624005856353025,-0.5714677286815607,-0.030024618599072767,-1.33814706536607,0.8678904052837386,0.7835211620544809,-0.35306090354409475,-0.9074148157189045,-1.462976537652699,-0.04388827093468376,0.2119437385501834,0
0.10209712506951475,-1.6525486470210944,0.7070877501202041,-0.5023672332012008,0.24462744519106697,0.10445285151463547,0.04430770875377125,-1.6224547683835067,-1.6140818165996695,0.26426180349832357,1.5651051181200724,0.6884595471306819,-1.0606049721242676,-0.5085907869712265,1
0.1933404672974184,1.2432437054693635,0.14157800575263865,-0.3239530098201406,1.2434979405448854,-0.5674515270751893,1.1095604744505805,-0.9733526008334007,1.3601879236459375,1.6181206231588845,0.8586708513089362,-1.462976537652699,1.3117339973180946,-1.4830555453485945,1
-1.0459289131245673,-1.6632709123611367,-1.4479815716492979,-0.7895997646633859,-1.020617833012594,0.07212659047151619,1.529252160857909,0.016546318683909485,-1.2330816566302518,0.07070994364577697,0.8586708513089362,-0.02868581446377844,-0.04388827093468376,0.8205243596438588,1
1.6415836549718767,1.2590043529596466,-0.1518096699122753,-0.9954462277129537,1.5360277967147529,-1.0410254399314758,0.06978526743139295,1.39017172222419,-1.2732834177389194,1.1429024448674259,-0.9074148157189045,1.4056049087251423,1.481186780849692,1.3256180104603594,0
0.9756328776082349,0.0750566583046207,-0.060955876421397874,-0.02561708070972453,0.6801713123148411,1.061095743302969,1.5779977791843223,0.15761573203480211,-1.1018493325825904,0.17847693442747023,0.505453717903368,-1.462976537652699,0.6339228631917054,1.6794361527110775,1
1.538547397868881,1.479402917225344,-1.1586843039140324,-0.7747314167220383,1.148260739479605,-1.0817759811178003,0.14634592348595105,1.5714326317137461,1.67947818999054,-1.6169871314175353,-0.9074148157189045,1.4056049087251423,0.46447007966010817,1.5239813300304779,0
1.3855579157979048,0.9990486654528721,1.525812199194522,-0.708629901041664,0.21657699637670413,-1.4305412621165168,-0.3422727885945466,0.0050084960300286275,0.7326392196560253,-0.6446060120532462,-0.5541976823133364,-0.02868581446377844,0.8033756467233027,1.0619516655982293,0
0.3686529065837493,1.6809700098917044,1.1963344735587982,0.5810487263195674,0.9956216593015071,-0.21525142913965595,1.2255113668754607,0.02836824475554,1.1162078738878454,0.2792593588698153,1.2118879847145043,1.4056049087251423,0.9728284302549001,0.511351556030401,1
1.4781870064709122,-0.535212560962983,0.5734942579936239,1.669875525726383,-1.6671111591091583,0.5529937887884184,-0.0011261791760360696,-1.273383442352251,-0.3150081321140437,1.609147084826061,-0.5541976823133364,-0.02868581446377844,-1.3995105391874623,1.00487744870436,0
-1.3759454846904693,0.89086300644265,-0.13805915991534337,0.3955429009527077,1.1311928649347334,-0.210163044098691,-0.07391975564442865,1.124709356875461,-0.5323909713895713,1.2848219958844893,-0.9074148157189045,1.4056049087251423,-1.0606049721242676,-0.24469533353106668,0
-1.0078167894322212,-0.3598309749233645,-0.3119834510066832,-1.4436922064275106,-1.5836048493762407,-0.7670307024410482,-0.010346914323021296,-0.8266447663287055,-0.893366204037842,-0.9518717449844208,-0.20098054890776826,1.4056049087251423,1.3117339973180946,0.33718742416752473,0
-1.5241184595450874,-0.09293704716502729,0.5113700596060311,-1.448566913598715,1.3807265598911524,0.20656169855246687,1.2206143301455923,1.4651791974644839,-0.020733077437636215,-0.9811108575963019,0.505453717903368,-0.7458311760582388,1.1422812137864973,-0.5429245405438611,0
-0.564832743292614,0.4125688467006671,0.1480959548184803,1.6101082964368358,1.736712941257622,-0.5239995264632579,1.1693572946693103,1.5045501141430275,0.23159722235759098,-1.0482599675269137,-0.20098054890776826,-1.462976537652699,-0.04388827093468376,-0.6215756610323184,0
-0.3478846071209852,1.2554961167585224,-1.5149361675060813,-0.6743038646439463,-0.6978068893869811,1.5028643519868408,-0.3100564188315117,1.6186269978980283,0.5150002298276339,1.5095234603409204,-0.5541976823133364,1.4056049087251423,-0.21334105446628107,0.9162913814054267,0
-0.7497057411820194,1.633543414496388,0.03475360067757259,-1.3910023988058702,-0.9899544028471349,1.4674983447053165,-0.5525386825500962,0.13294805690422423,-0.8131285968054593,1.2619002624857818,0.8586708513089362,0.6884595471306819,0.8033756467233027,-0.16655038748820417,1
1.159216065649327,0.8945786308623531,1.0463605262552316,0.3795042191310237,0.9462495232349402,0.01351782890478496,-0.004768193809500849,0.6837864392424655,1.6383135306038672,0.9860868661959058,-0.5541976823133364,-0.7458311760582388,0.29501729612851085,-1.0312655817902543,0
-0.4572165212107799,-0.3056066749270826,-0.1485768200294817,0.4654288894722588,-0.8409736734440503,-0.5901414740548596,0.274401798952284,1.0399384801256961,-1.1228133123870379,-0.3689907697084859,-1.2606319491244726,-1.462976537652699,-0.21334105446628107,-1.0678293208987997,2
-0.716877779068369,-0.29331324299002776,-1.5504456507130588,0.5522330923803137,1.2957811861546105,0.8256972216642228,-0.8804611360457574,-1.2338155287410812,1.6985740525731436,0.02689856205088357,1.5651051181200724,-0.7458311760582388,0.6339228631917054,1.2828214096268387,0
0.1795928084463582,0.7894878318860755,0.9770888522539416,-0.778683726018163,-1.3648707715181763,-1.5974788768064028,1.0381834882372294,0.4164265334557194,-1.6719306999924155,-0.11511292093701028,0.1522365844977999,-1.462976537652699,0.46447007966010817,0.6339873434475469,0
-1.1963794130558885,-0.9184930287587635,-1.0361861582155598,-1.6597551828780686,-1.2842453617749041,-0.08197705920378562,-0.02357161260726838,-1.5734442474763046,-0.01903979588190778,-0.8630723937213265,-1.2606319491244726,-0.02868581446377844,-0.721699405061073,0.16290017219210717,1
1.0683211234684598,-1.3578211342311712,-0.839107423139734,1.6575758551876738,1.6920227105284347,-0.5609444659213934,-0.5499636910073713,0.05336012955516496,-0.5428303849907977,0.02919400186400405,-0.9074148157189045,1.4056049087251423,1.481186780849692,-0.3560878365984753,0
-1.4236930046958003,-0.5218229848137346,-1.1623610018865589,-0.8363376778288804,0.6269779487845241,1.460201153082415,-1.3346093839606483,-1.1501413230986937,-0.13248548805504617,-1.653469483847848,-1.613849082530041,0.6884595471306819,-1.0606049721242676,-0.24922443577303996,2
1.7008399115792259,-0.7525526725323686,-0.5926801341738434,0.6483457036862109,1.2306352462492425,-1.6829654757379413,-0.8787070976106545,-1.0515352323505398,0.29836889192218813,-1.2942160399304576,-0.20098054890776826,-0.7458311760582388,1.6506395643812892,-1.5846557533784993,1
0.9657419853370427,-0.7214986663024215,0.8754579934380249,0.7552219128947825,-0.5922420085472158,0.18803097734067645,1.5745513334948127,-0.41198955629747913,-0.18046341750290815,1.382190989579387,1.2118879847145043,-0.7458311760582388,1.1422812137864973,-0.1630547720332938,0
-0.9984575396189839,-0.936193782524245,0.05844560715428709,0.41778946664474126,0.6362041793616801,0.8379136720933359,-0.6499187578707437,-0.1753454254793815,-0.25399335383726024,0.9038079019055576,-1.2606319491244726,-0.7458311760582388,1.481186780849692,1.054930845346162,1
-1.6600991468829436,-1.5919672876938342,-1.0240789531886914,-0.619766345614332,0.3493135887228369,-0.046519611197439484,-1.1203804157352468,0.4944371416548579,0.8728553999454643,-0.2621397069131173,0.505453717903368,-0.7458311760582388,-1.230057755655865,-0.402412616734624,0
1.1137486744482166,-1.6748975127538825,1.2922103542206107,-0.7657824629211781,0.3803890465715037,-1.429030312412797,-0.11269791744017792,-1.4325226313311892,0.7067857757910876,0.07217909093828445,-0.20098054890776826,1.4056049087251423,0.6339228631917054,-0.418168265739578,2
0.7418057408718083,1.646003603725845,1.2982399687254507,0.37469778167150325,0.657304342669396,1.6398429930658858,-0.6430536547620817,0.07487095184328647,1.2292901001861203,-0.449612227378717,-1.2606319491244726,-1.462976537652699,1.1422812137864973,-1.7338657060743068,2
0.8176635745663656,-0.2713434826474953,1.267250169358591,1.3121206583795733,0.2834438271136597,0.06762127828751967,-1.5820697767892067,-1.05258096650965,-0.8385085718786364,0.8651574359696025,0.8586708513089362,1.4056049087251423,0.46447007966010817,-0.15259285444091328,1
0.9624048216780325,-0.42011052458454773,-0.9073437632275398,1.5937312879349312,-0.22689415295135995,0.40035179335540894,-0.5876044198627017,0.32167694805607194,0.43613863265023484,1.019077458766264,0.1522365844977999,-0.02868581446377844,-0.21334105446628107,-1.6994551792497958,0
-1.4254259057125815,0.5911099637335828,-0.17611465038863433,-1.3426734008962078,-0.7611026272546615,-0.9059143738365123,0.17542044330922538,0.5444146410549697,0.34987739171325305,0.9449601159892105,-0.5541976823133364,1.4056049087251423,-1.5689633227190596,0.24982306573004598,0
-0.4513519557102436,-0.9887676265406214,1.661053545866337,-1.1718213642519588,0.9574749961358737,-0.05177787622963126,0.20167750064923115,0.2610462532639465,-0.41390153972990446,0.8007341683776144,-0.5541976823133364,1.4056049087251423,1.1422812137864973,0.022474011841017077,0
-1.2821873435060418,1.516703783937643,0.9279862435229477,1.5867555673210199,-0.934301323120212,-0.23980264917585237,-0.4722211207463016,0.8987013397084781,-0.0015567545601490487,-1.036447100871541,-1.2606319491244726,-0.02868581446377844,0.9728284302549001,1.2142803206910346,0
1.2769110853851928,0.9564583999509597,-1.6357699092635989,0.8596597321332267,0.6915666179328952,-1.4653810540562564,-0.15886696229568803,-0.5153646501822129,-0.6122602147166886,-0.5631850292215833,-0.9074148157189045,1.4056049087251423,1.3117339973180946,0.29070760656759026,0
0.4556354700372326,-1.4299442663297972,-1.504845996906293,1.3711338363183145,-0.909672032341091,-1.3572181312635028,1.6306196275512612,0.9928506593946962,-1.2217667204557412,-0.09556166841727454,0.505453717903368,-1.462976537652699,-1.3995105391874623,-0.6333134948323849,2
-0.5457647268330909,-0.306243587632172,-0.13242868304837047,-1.0048764414031417,0.4577613577409397,1.1728345529467314,-0.400431187730501,-0.1741869018136406,-0.9666851762145615,-0.5886342467622558,-0.9074148157189045,0.6884595471306819,0.6339228631917054,0.056264209130970445,0
-1.4613389723073278,1.274127548363694,1.4002551515951562,0.3394871995607711,0.882464265553929,-0.8948084489869964,-0.8117788978588546,0.006369591462945928,-1.3505565282766139,0.9153692245784465,-0.20098054890776826,-0.02868581446377844,1.1422812137864973,0.7124784735974105,1
-0.6139712319180343,1.4987983795402469,0.12493105363319666,0.7360483458221166,-0.9606683420475544,-1.0500122333067676,-0.8627469338759435,0.5819798460445255,0.6968362336494011,-0.5937385209094848,1.5651051181200724,-0.7458311760582388,-1.230057755655865,-1.4540082867969621,1
-0.5653362129449694,-0.13565019731850847,-0.015809853345839227,0.6626137447393436,-1.5145195477982214,0.02230395503534988,-0.12274036238434238,-1.629417175298224,0.6176348618028072,-1.2714449857348469,0.1522365844977999,-1.462976537652699,-1.3995105391874623,0.4312438746857761,2
0.8197150411197911,0.36430870268912924,-1.3662397532557182,-0.28714680346934734,-1.2667387937892778,0.9350717191007666,0.9192736980332589,0.6026704199684288,1.6452342556830917,-0.34663237672561786,0.1522365844977999,0.6884595471306819,-0.38279383799787836,1.4883099554985573,0
0.5044703039541544,-1.1641521012413483,0.5313565020265418,-1.658762651418018,0.39031991440391356,-1.5101806239322244,-0.992167919742921,0.47832854606018327,0.8620610954198977,1.7131159027692213,-0.5541976823133364,-1.462976537652699,-1.3995105391874623,-0.7202138739430987,0
1.3594797107976253,1.657804014658624,1.1003983434217939,0.3232138335417858,1.2395626297233118,0.2710374798825956,0.7458414642966402,-0.6058304826722545,-1.5400959250898625,-0.9606451311698931,0.1522365844977999,-1.462976537652699,-1.3995105391874623,0.45109749348825173,1
-0.06178824790908436,-0.9428230960688145,-0.41987475712946065,-0.8286250050622049,-1.5666584600768942,-1.3120699510785898,-1.6304467511565164,-1.392610455139347,1.4099887513591502,0.40907346402507483,-0.9074148157189045,-0.7458311760582388,-0.21334105446628107,1.147473208096666,2
-1.269429473784611,1.4919492410988968,0.9403752884031723,-0.1401129846348781,0.8373700254676862,-1.5983503264057353,-0.25683271376946704,-1.3745568307582434,1.333524668557108,-0.22630918746638326,0.505453717903368,0.6884595471306819,1.6506395643812892,0.040439230173780205,2
0.7636812019622778,0.4883834630747871,1.590447806664476,1.6316130245111184,-0.5329770841429586,-1.5420178870663142,0.9757155218342203,1.5480920732398022,-0.15305702119205042,-1.509759278508941,0.505453717903368,-1.462976537652699,-0.721699405061073,0.7778339585597025,1
0.9264951914156939,0.34487807251696023,-1.027916145709452,-0.3189837112363615,-0.054338238013862644,1.1613887496939943,-0.5337772626329232,0.726576954082919,0.35224634185710146,-0.031624093821110526,-0.5541976823133364,-0.7458311760582388,0.29501729612851085,-0.6777239495924275,0
0.24322866733908258,0.019419027477691666,0.07202006652467845,1.2202946119738114,1.5165853824120141,-1.3163528034279282,0.24320097126912424,-1.2475528560763136,1.7355304603693147,0.7282287876729718,-1.2606319491244726,-0.02868581446377844,-0.21334105446628107,-0.695434764740748,1
0.9613665483585551,-0.9462537109161134,-0.7409515052668445,-1.0540897191991927,-0.5655834093795653,-1.5682852567451162,-0.995652003315866,-0.441221363323345,0.16238478563287365,0.05824214934832754,0.505453717903368,-0.7458311760582388,-0.5522466215294757,0.5975903746340896,0
0.01212037334226236,-1.1316429805150703,0.9997241956373504,0.6358929743573477,-0.10035490150977777,-0.20952972079889629,0.8587576788202126,0.3866686783563274,1.484703921976768,1.3308331529789699,-0.9074148157189045,1.4056049087251423,0.29501729612851085,0.732873986544918,1
0.11122345383023363,-0.981123836478209,0.2587958029356643,1.699453801136051,-1.6758948242985987,1.1953944852088703,-1.5229519631727289,1.2402947089400067,-1.4302283348197926,-0.7370533098958573,-1.613849082530041,-0.7458311760582388,-0.8911521885926703,1.5612128801248282,1
-0.21478566058348125,-1.0977089218870708,0.45495207847364977,-1.3566868763282032,-1.4389773447280698,-0.8166613783651987,1.240496467342264,-1.5405652055706118,-1.0473298994935152,-1.4557736426847947,-1.2606319491244726,-0.7458311760582388,0.9728284302549001,-0.9859241612890871,1
-1.5919566626070594,0.9333093321383791,1.0171398191421157,-1.6834703403206477,-0.8215599987857192,-0.2655313119723732,-1.0190743451766424,-0.8629274220359496,-0.16215109281017373,1.5594032857636837,1.5651051181200724,-0.7458311760582388,-0.8911521885926703,-0.11545960740289786,2
-1.30950882094046,-0.5372210143575528,-0.36635006706485024,-0.19833433151173405,-1.6264651701954702,-1.5863749599764374,1.315966898395791,1.4305427080794961,0.3483247956637217,-0.42054445701728843,1.2118879847145043,-1.462976537652699,0.29501729612851085,-0.8940958315670186,1
-1.5713736526569553,-1.538038770872275,1.4204592143250787,-1.3890519722437544,0.4788491236346252,-0.17085606467918518,-0.48613630237194233,-1.6616985683801055,1.1688724093005642,0.2822948440820305,0.8586708513089362,0.6884595471306819,1.6506395643812892,-1.5036212982018842,0
0.5005418983427178,1.582246858938141,0.10540483015352176,0.9010401554646803,-0.23618722513811413,0.27382302050524904,0.792070635562756,-0.9866546156730006,1.7787210627151548,1.0467923912817012,0.1522365844977999,-0.7458311760582388,-0.21334105446628107,-0.34789105921351693,0
-0.6024172580133583,1.2901100071933684,-1.1855997654260277,1.4813320998964532,0.18851131785315828,0.25062280299499123,-0.6011405799001297,1.6738082282208877,-0.34614494750488656,-0.6116095980782237,0.1522365844977999,-0.7458311760582388,-0.5522466215294757,-0.4521475833569431,2
0.06272152820464999,1.4406573016932507,0.6660041186344406,-0.1968040849623249,-1.1143894871043971,-0.5744255237443956,1.424788946585025,0.4601269522495103,-1.5565096485923169,0.7778727869688224,-1.613849082530041,1.4056049087251423,1.481186780849692,-0.8228480434536317,0
1.4291863574199657,1.6706075632944415,1.0011248532435275,-0.8090329670212817,-0.6913025812668242,-0.6328704343143032,-1.266180850659804,-0.7750035970491552,1.1154987747458573,-1.2814205745817004,-1.2606319491244726,1.4056049087251423,1.6506395643812892,-0.7278513190601114,0
-0.825244998322639,-1.1406580088408327,-0.6389866854797877,-0.1954688254769696,0.5920438935993292,-1.3556154150833957,-1.087021038587539,-1.4586394072590103,0.41789009803240273,-0.728696468563109,-0.5541976823133364,-0.02868581446377844,0.12556451259691354,-0.5010356448988987,0
-0.27354802050825994,-0.37931057164301574,1.2211302424169006,0.813954859124692,1.6437128056370354,-0.4555131975032151,-0.0009624480131662367,-1.594887938870297,-1.0207748971677353,-1.248472393877905,-0.9074148157189045,-0.02868581446377844,0.29501729612851085,1.7465796325958418,1
0.9085703051281938,0.8602175539653686,1.389664288099703,-1.6809062423780907,-1.547751638666119,-1.3802787805802268,-1.4205331465945452,-0.8344416479325122,0.029535485023075556,1.114971844748665,-1.613849082530041,1.4056049087251423,-1.230057755655865,1.0102338070165702,0
-0.8954322494297082,0.6471746276503523,-0.7761751042016093,0.34601118787817003,1.3823693904567556,0.9276294587203937,-1.026727273051231,1.4015259035734529,0.9068399988734254,-0.9721062616239892,0.8586708513089362,0.6884595471306819,1.1422812137864973,-1.5347052116664317,2
-1.4153733509629505,-1.2091386459499083,1.6560000595536593,0.4292590421776718,0.28875323078991194,1.6184380853452252,1.5555078113079779,-0.23336910024622842,1.0064578711342163,0.782266276240947,0.505453717903368,-0.02868581446377844,-0.5522466215294757,1.3301782441836367,2
-0.6866818638718131,1.0574299474401496,-1.244951173885628,0.5144586139143166,0.24353820062913056,1.6315851417163516,1.6685069536093773,0.835625801094554,0.04651552016890542,1.5832773858100255,-0.5541976823133364,0.6884595471306819,-0.04388827093468376,0.47498272316026424,2
-1.1268668444040955,-0.9675835275171027,-1.0339423661472837,-0.8673175543842973,0.02153447505270985,1.2683147924848448,-0.40419220381840903,1.53074938067632,-0.6426317654721054,0.10984359540242357,1.2118879847145043,1.4056049087251423,0.8033756467233027,1.3952025570201678,0
1.5049803338021528,-0.969716622262746,-1.0951783875482712,0.7811445793341109,-1.481551674114995,0.3540134886923986,1.4847855816090234,-0.2610164648445964,1.7272503990039727,0.15330620670621167,-0.5541976823133364,-0.02868581446377844,-1.3995105391874623,-0.5679252715102604,2
1.0886073432569947,0.10257749563911642,1.3478317956389856,-1.393361431584652,-1.4101001244745959,0.7002286348915784,0.17789309380185583,-1.0221979103807755,0.6269765128495868,-0.12680808030571297,-1.613849082530041,-0.7458311760582388,0.46447007966010817,-0.12868841591812127,2
0.4902448271666236,0.2942114876868046,0.5227943484274377,-1.0166185188856351,0.3725816660630671,-0.7377912432794329,-0.7720133575244488,0.12201805226664679,-0.2774229399336616,-0.6060194854502078,1.5651051181200724,1.4056049087251423,-1.0606049721242676,1.4153504953859755,2
1.305532368110181,0.25019847087168234,-1.2057373186362657,1.3518432684613368,-0.5342331587501502,0.45772652412085846,0.7220235281285989,1.4949265058480483,-0.7303733019561981,-0.0749611498169901,-1.613849082530041,-0.02868581446377844,1.3117339973180946,-0.8151976817335375,1
1.0733729738614768,-1.4228363073311612,-0.2136872593151233,0.8673005649155984,1.4761499525040018,-0.14812286498312266,0.5718211586919009,1.1307428522911875,0.8671110877126074,0.375914865564776,-1.613849082530041,0.6884595471306819,-1.5689633227190596,1.4842848518005354,1
-1.0400533832209828,1.268452217649833,0.3885752131952299,-1.6645225967714943,-0.3052843092794227,-0.05690067312852389,1.7121400661341812,-1.462717235903133,-0.8660722667653682,1.7346651162207158,-1.613849082530041,0.6884595471306819,-1.3995105391874623,1.1731182234256383,0
1.3777893546325264,-0.8266475579136725,-1.441996832406022,-0.8451269913171015,-1.223804877192402,0.8971178549896504,-0.7882266208859343,0.7381422763279311,-1.1158954229303704,1.563654690478382,-0.5541976823133364,-0.02868581446377844,-1.3995105391874623,1.7169666517807263,2
0.1681067068413136,-1.2926226584048408,1.307996362035552,-0.9637588904946759,0.7695824556899195,-0.749164518199275,0.6172569591626725,0.314381099927354,0.15362713611671466,1.2955399697527465,-1.613849082530041,0.6884595471306819,-1.0606049721242676,-0.6303441047132179,0
1.0862777378846629,1.3071012788884824,1.0367226467099977,-0.7667949640996272,-0.7002977305895562,-0.6241991679892692,-1.5238337248105855,1.4927475313714134,-0.6966108340212506,1.3912010261983123,-1.2606319491244726,-0.02868581446377844,-1.230057755655865,-0.9468872017009291,0
1.3898866395754406,1.5361882414799861,0.009641203421105827,-0.8479784015266003,0.10941280032076688,1.4744059742851168,-1.3110413205194038,-1.2637805696729172,0.5048273615146548,-0.10264027087435379,-0.5541976823133364,-0.02868581446377844,1.1422812137864973,-0.6067053782781218,2
-0.5899254665249013,1.2159489720252215,1.5995689717856896,-1.4941666956792805,0.7106776033581792,-1.5299772691603388,-1.6899499229944335,0.18142764299403433,-1.3065107275248944,0.5696540379963221,0.505453717903368,0.6884595471306819,0.6339228631917054,1.624304097369318,0
-1.3021096352300392,1.03579945540591,-0.29134715871611877,-0.10977811522155916,1.4168337951271113,-0.04438741773461768,1.7478298586552607,1.3944215297255358,0.5971228997772428,1.4122504307887758,-1.2606319491244726,-1.462976537652699,-1.3995105391874623,-0.5988140155932944,0
-0.8983878274814014,0.5075426863705492,1.6580268681750086,0.8463829526395538,1.039835033616589,1.4334407999769352,1.0669090958324554,-0.25405185526886875,-0.7203294509816415,-0.36822608354368797,0.8586708513089362,-0.7458311760582388,0.9728284302549001,0.23144799923730847,2
-0.2162693684764619,0.1501147127490397,0.5697000095685859,0.4063498389509004,0.6357762198797723,0.38712489761904856,1.0132098996602164,-0.001319301115864369,-1.723733363592532,1.6487500365728256,0.505453717903368,1.4056049087251423,0.12556451259691354,-0.3462860523215272,2
1.122493242680308,-1.4382452222720084,0.45525791974272056,0.6373288962188935,0.6471905794025827,0.16586250243647277,0.056691555677104585,-1.4464556798411032,-1.274615675456936,-0.2872533331230655,1.2118879847145043,-0.7458311760582388,0.46447007966010817,-0.3729642569020336,0
1.2687846687047257,-0.3374976800133798,-1.1580635216755026,-1.4291304156516944,1.5761148148328392,-0.8604745237734374,-0.6672972096740879,-0.7171598508729656,1.5850024480312577,0.3697985792566001,0.1522365844977999,1.4056049087251423,-1.5689633227190596,-1.0984432440951342,2
-1.655201694049603,-0.4599611622803362,1.3063145664076583,1.6103439879295478,-0.6916790882501915,-0.5368929501518349,-1.1811390110727675,-0.554352327207985,1.3501130631380447,0.7553211856905203,-0.5541976823133364,1.4056049087251423,-1.3995105391874623,0.13083065066445443,0
0.07017590008287215,-0.8466659921033147,-0.2578609504391736,1.2157205214352924,-1.7197448048714101,1.2232614253288285,-0.7204496361189094,1.6249911680870943,-0.8964679243638636,1.6091401601053077,0.1522365844977999,-0.7458311760582388,-1.3995105391874623,1.2478849943664247,0
-0.24947853229196684,0.740994456073257,-1.170872885948158,1.0990731511233556,-0.7749449665166966,0.21018372675314045,-0.4051870885088899,-0.7012744351869434,1.0346758948680428,-0.8942123088440763,-0.5541976823133364,-0.02868581446377844,-0.8911521885926703,-1.613090210901137,0
-0.9183451102317495,-0.03815034441207053,-1.6858850790674813,1.1615621768339803,-0.9635375621088036,0.05631446056313643,0.9081888341449122,-0.07550563082755433,0.432746434627179,0.8841321915995674,0.505453717903368,0.6884595471306819,-1.0606049721242676,1.3903127767314785,0
-1.2685009480526543,-1.4585865025130926,0.19739851327228033,1.5447583053765108,0.5851024137907973,-1.3799845594552869,0.16006475276109114,0.6634566204979917,1.7171903590791555,0.08517578004885505,1.2118879847145043,-1.462976537652699,0.29501729612851085,0.5900400114822894,0
-0.5227601114683051,-0.9821613766002021,0.08602897242001159,0.18816015000058578,0.4869989203394744,-1.669040110668418,-1.4359163846447727,-1.124363882804765,-0.40019030423082436,-0.8093192677381414,-0.9074148157189045,-1.462976537652699,-1.230057755655865,0.4157357953238643,0
1.5502284406045932,0.6034761959134847,0.7467345055031628,-1.0130854463955854,0.34659110598722026,1.6094807855302466,-1.641223463053264,0.014298354015808454,0.691132580779418,0.99219797779706,-0.9074148157189045,-1.462976537652699,1.6506395643812892,0.44850496668585665,2
-0.572118573581938,-1.47541739246303,1.3349874349184945,0.44145380720500754,-1.6669609990115726,-0.42026725201624865,-1.3501100331629126,0.8995565118410572,-1.4993651430405335,0.1965422487460355,-1.2606319491244726,-0.7458311760582388,-0.04388827093468376,-0.7304445369741086,1
0.09772233847917162,1.1785549077072812,-1.4559627457283906,0.8818226536269008,0.8186262777867757,0.36238889540727776,-0.2859576872231682,1.3501493236272704,-0.31992720874693914,0.5821694343611026,-1.613849082530041,-0.7458311760582388,1.6506395643812892,-0.30527977054725164,2
0.7286601933118875,-0.040647258093828825,0.7885302484716383,0.864486636336643,-0.595029096885486,-1.4487084081440427,1.5189958072110261,0.5052768701259746,1.6920672936132466,-0.6166185859663385,-1.613849082530041,-0.02868581446377844,1.3117339973180946,1.068647370645184,1
-0.4336669267376895,-0.0905026276859788,-1.0842083748758538,0.10851895766100714,0.5963398756665215,0.6388157274486772,0.4975802694724434,0.6555523707984499,0.1860525185743863,-0.05503675477470718,-0.9074148157189045,-1.462976537652699,-0.04388827093468376,-0.6942810172000956,0
1.6491094109859548,0.29238932864222456,1.2245646560884358,-1.4734490245126017,0.2179295641472367,1.5018230745589538,1.0653627743970078,-1.2504293378175628,-0.7040831446662924,0.42749675742476934,0.505453717903368,-0.02868581446377844,-1.5689633227190596,-0.10901241596470396,2
1.6171400024380582,1.0877262320672567,1.0899358814975226,-0.41649641609708615,-0.5280505250031504,0.2670843023806598,-0.0930086059615189,1.6272879132686364,-1.2982429393286206,-0.3258163841233192,1.2118879847145043,-1.462976537652699,-0.721699405061073,-1.7198609331504116,2
-0.8167171173704273,-0.5451515082306445,0.1321315682606,1.5030468897950133,-1.254171842021963,-1.2881817815502303,-0.4545852069133191,-1.2283393606054693,0.7693610321553809,-1.058190133853378,-1.2606319491244726,-0.7458311760582388,0.12556451259691354,0.8335528515879128,0
0.023945760056409946,0.5855247386860977,0.7153750566138661,0.3285320590926588,-1.3942557691520405,0.28803663191289985,-1.329155512489963,1.0264436696910482,0.5613721089923748,1.648317480589793,0.505453717903368,0.6884595471306819,-1.3995105391874623,-0.2961320489840378,0
-0.6485750485254561,0.20104746778939342,-0.6472872866621089,0.1674788010819175,1.177022803972487,0.9267689451119179,1.3212674860227378,-0.7639598280477738,-0.3990096523533594,0.05202810514388235,-1.613849082530041,0.6884595471306819,-0.5522466215294757,0.08891037012930499,1
-0.7035007186254796,-0.8217571004995075,-0.10752057902790972,-0.7736147318607689,1.4800899855881529,-0.318449740607502,1.0009062937300701,1.584505063851127,1.6464217358537192,0.8408340244364348,-1.2606319491244726,0.6884595471306819,1.6506395643812892,-1.379881796729131,1
-1.5526821283664685,1.2724554660572416,1.098793466885039,-0.42579990879303464,0.543079581525406,1.3194015931353655,-1.1229398791183947,0.834313066974772,-1.6458872292845432,-0.3040571091405867,0.1522365844977999,0.6884595471306819,1.3117339973180946,1.756868008504939,2
0.40860052453436035,0.9944013682196068,-0.14848967006591685,1.4142713747125393,-1.3628073190467664,0.519696849199037,0.06544358316148555,0.9531947858957794,-0.647916109746061,-0.5023302520119352,-0.20098054890776826,1.4056049087251423,1.481186780849692,-0.7082769258674575,0
0.042543979048554614,0.5185336899049583,-0.4977387777204165,0.6149482111657729,-0.3212028781802216,1.3865566138234244,-0.020491236632993706,-0.9246398244173636,1.5405281967226816,-0.31782564886547116,0.8586708513089362,-1.462976537652699,-1.0606049721242676,0.4810140359964091,0
-1.5027087008782072,1.1764141841717795,-0.02820126001808192,1.0372483384988729,0.8191884141128458,0.4325921024740276,0.45506850386593717,-0.13811278518265363,-0.5869023165375371,-0.31061906032473346,-1.2606319491244726,0.6884595471306819,0.46447007966010817,0.2887609953919671,1
-0.7247137857912572,1.2336401004385902,1.1215531871777062,-0.1258254583118434,0.99668276195346,-1.2702864467171147,1.5638662571569202,0.4756177643141068,-0.8303770351595767,0.16802516158175465,-1.613849082530041,1.4056049087251423,1.3117339973180946,1.0178677952469342,1
1.4315816758565216,0.6894366454395162,-0.5754942919424273,0.48847247902665,-1.3112334263775671,-0.653079623249598,0.2985703218390807,1.009941624064896,0.1691770263258968,0.16550666713396503,0.505453717903368,1.4056049087251423,1.6506395643812892,-0.7391459282500492,0
-0.8585690731282903,1.129954021346782,-1.1311928732318814,-0.8451013287558337,-1.7235170466278105,-1.0263600185965729,0.16198291394591904,-1.3288222419364977,1.195721313952091,0.001272399622451704,0.1522365844977999,1.4056049087251423,0.46447007966010817,0.9135573424692234,0
-1.1827808993164255,0.6521425256324241,0.7214716004782201,0.7511393018768338,0.760576214642841,1.4196912745926598,-1.5297069576945626,1.6855409182045058,-1.3589469612134406,-1.2836653890898986,0.8586708513089362,-0.02868581446377844,1.481186780849692,-0.4220292620852374,1
-0.0027527983254334513,0.5927997415394695,1.113736270036301,-0.21922324770230248,-0.47968334419028463,0.906194157851162,-1.4862503536830445,1.432199052158066,1.6183436489656853,-0.002551327453744316,0.8586708513089362,-0.02868581446377844,1.1422812137864973,-0.3195272131889245,1
1.6966052557071292,0.3821142157067295,-1.382886024007884,-0.16703401586708375,-0.8358981215904687,0.615581294674166,-1.0565398736904994,-0.7445328107990424,1.0938796134631796,-1.1619751745033906,-1.2606319491244726,1.4056049087251423,-1.5689633227190596,0.6159328822191573,0
-0.8500298419456789,0.8413099898720537,-0.9036336274592207,0.5550880450456301,-1.678633005998843,-0.6832660486130342,-1.591353558349374,1.1953062047461231,-1.082075888293576,-1.3143378247120068,0.8586708513089362,0.6884595471306819,-0.721699405061073,1.0149835259792395,0
0.622891918483908,-1.1930136689178759,-1.2406126655636227,1.5572261329001558,0.16114224648022762,-1.0877686523226413,0.8634453764719328,0.12625299314469773,0.7994206572547768,1.5455035487420563,0.1522365844977999,-1.462976537652699,1.481186780849692,0.5950245873256729,2
0.9293533821751144,1.2801281957504953,-0.5316660613332027,-1.4889979469077008,1.2455079675479948,0.8925322414524326,0.7943039044581216,-0.07221265748736082,-0.3599445408940473,0.3835119889594233,1.2118879847145043,-0.7458311760582388,1.6506395643812892,1.4284138226479322,2
-0.8651594988010186,1.2492176520890943,-0.17917240303884152,1.1677066032024785,1.6169532181319455,-0.08409108722261847,-1.2336550383618183,-0.5897228928016035,-0.29848986972338093,0.576908091265008,0.505453717903368,-0.02868581446377844,-1.5689633227190596,-0.7701832257094832,0
0.8149552077543538,-1.6359535263232554,0.8481795682907671,-0.6914428461586312,0.24990582238435077,-0.9433481191429373,1.1836443113043464,0.3462348888794758,1.0521105047348365,-0.3368696109385211,-1.2606319491244726,0.6884595471306819,-0.38279383799787836,1.4310505187060516,0
-0.41944208183493753,1.0916153226342598,0.511969372712012,-0.16223583679259018,0.07100936105990975,0.4087784752043756,-1.168977797842646,0.8691815991137698,1.6884059059005525,1.461589334862524,0.8586708513089362,0.6884595471306819,1.1422812137864973,-1.3220334465000456,2
0.4864846943149226,-1.2948314157675402,0.4079555361833614,-1.6359984583432414,-1.426915714036916,-1.5849519558992178,-0.6634693533070689,-0.2508594117590877,-1.2756089098056307,0.5004590064550328,1.2118879847145043,-0.7458311760582388,0.8033756467233027,0.5687856619348531,0
0.4906761902556466,-0.5886051110737992,-0.5164058369043407,-0.66118935740582,0.19104945470657728,-0.5960703405634508,-0.8437204511962746,0.5156708671819211,-0.23349167906013799,0.9658268762636392,0.505453717903368,-0.7458311760582388,1.3117339973180946,0.16856754234302457,1
0.15588867716182145,0.8097791562542789,1.1669817286716635,0.04280203708004573,-0.39811503126518993,-0.10346817746893935,-0.4178399402398013,0.7618107666213967,-0.019692359006634533,-0.4547056855176552,-0.5541976823133364,0.6884595471306819,-0.5522466215294757,-0.020972283967596716,1
-1.3697902729810172,-1.1856353543080753,-0.10711005705454085,-1.516343422364502,0.39429077811737634,-1.2126135453950535,-0.824082716726782,0.8032786770365906,-0.39059717767790353,1.6425425107366418,1.2118879847145043,-0.7458311760582388,0.9728284302549001,-0.6780755618439633,0
1.181699569130922,1.0647367261039216,1.640798350239763,0.002516820332737643,-0.3676012850284707,1.68202628407162,-0.015048626772326015,-1.5114009191293327,-0.4371161480750676,1.1477035292197844,-0.5541976823133364,0.6884595471306819,-0.5522466215294757,0.011563166984964329,1
-0.5804163119325447,1.1132471060066096,0.45343663759082686,1.5252019713412954,-0.8853709691165927,-1.0010965279667123,-0.29663086592284227,1.3251910773664082,-1.5393060135666365,1.2664472653199905,-0.5541976823133364,-0.7458311760582388,1.1422812137864973,-1.211481963408568,1
-1.0402299244186832,0.0015423324870215208,-1.2946770027465118,-1.3444634946347396,-1.3923497998002874,-1.2735206325051893,1.703314348831873,-0.08468989534042178,0.7055888156463027,-1.151016897264455,1.2118879847145043,-0.7458311760582388,-1.0606049721242676,-0.4691714001110464,1
-1.539365996083055,-1.7142342989302832,0.5981225365097308,0.9571134891901362,-0.6250708625685408,-1.020340559703405,-1.5103573889037873,-0.7723884687843697,-0.1782469205250777,-0.800787481078555,0.8586708513089362,0.6884595471306819,0.29501729612851085,-1.4371371220670779,0
0.34465549069777673,-0.7532404409608133,-0.6102723627306779,-0.28184076751808473,-1.3864908694932474,0.9361580419143865,-1.212503863724773,-0.8449081725482073,-1.0340650223227645,-0.7487918726354064,-0.5541976823133364,1.4056049087251423,0.46447007966010817,0.25517782045010134,2
0.6414843054518639,0.37634638204919846,0.6330575716610011,0.5755227242193818,-1.1065414654199153,-0.2524088782213301,-1.5210638005151371,0.002259686459530741,1.1681834545793128,-0.8009789076888157,0.8586708513089362,0.6884595471306819,-1.0606049721242676,-1.4475558116608978,0
-1.6222017388299161,1.6236226712732527,-1.489575371187795,-0.8037073976410672,1.720573669249488,0.23162570659955795,0.45765714837890265,1.4202978392157846,1.1204235443163166,1.2716232807526004,0.8586708513089362,-1.462976537652699,-1.5689633227190596,-1.2165918679686727,1
0.07478479055713295,0.4273202790547006,-1.1273383708374993,-1.1555346031178175,-0.17442486381578048,-1.6518078063956603,-1.5152507860976232,-0.36528545824569264,-0.00037244390655421356,-1.6485468324681352,0.505453717903368,-0.7458311760582388,-1.5689633227190596,-1.4843984657977556,2
-0.903317383797978,-0.84649547894629,1.2161668860007986,-1.152145865319857,0.1317434845611982,-1.6053724368969144,1.1848903424317916,0.9388395559100675,-0.6666091773628563,-1.4917621040754272,1.5651051181200724,-0.02868581446377844,-0.5522466215294757,-0.4262892934481459,0
0.5305509446537854,0.43482660642349086,-0.9473282793116354,-1.4663484334228412,1.323884035616965,-0.18211004274843345,0.0643318921567656,-1.3538972047081776,0.5373966515886067,-0.7903210417294114,0.1522365844977999,-0.7458311760582388,-0.21334105446628107,1.2212544926222568,1
-1.0818478876786415,0.11288744645848672,1.151814807156696,-1.0641960248668574,1.7492925528302488,1.100814957867243,0.11636773457150054,-0.022171834213974544,-0.7031166829580195,-1.0528696717499155,0.8586708513089362,-1.462976537652699,-1.5689633227190596,1.4535102237463788,2
0.6872849106134792,0.9342027653097633,-0.7680120549733314,0.6071127183090003,0.3091017820962875,1.3380873829068463,0.23580222450456573,1.7885034063817111,-0.8879640085601206,-0.9394467481674779,0.505453717903368,-0.02868581446377844,0.9728284302549001,-1.5329589338891725,0
-0.3545352973186481,-1.3697832945647301,0.4835189258175107,1.3665826545463717,1.1105884214984556,-1.4245205851935145,-1.113631475989357,1.0115716464688234,0.8650255052961147,1.0678555395784148,-0.20098054890776826,-0.02868581446377844,1.3117339973180946,0.4794420549020316,0
1.5290643987597514,0.8697689540009355,0.6599856291549748,1.130627162985761,-0.583131606869341,0.1380335202649388,-1.020821938373416,-0.9545960260611565,-1.5816445759372095,0.23520836595058164,-0.5541976823133364,0.6884595471306819,0.8033756467233027,0.6576819367785675,2
-1.2080348333820652,0.11727445665126121,0.035277143827781604,0.680153446036336,-0.6570749058115759,1.4349245765370966,-0.6025493878426532,0.06696888181030045,-1.388647374850292,-1.7411461641428465,-1.2606319491244726,1.4056049087251423,-0.721699405061073,0.11899360715672695,0
-0.5109406491827989,1.5613231924240558,-0.6784010206570033,-1.3268671455334509,-0.31884297878327805,-0.38225797841160586,0.3459650312707748,-0.8734915534157746,-1.700530976617044,-0.23925290110679265,0.8586708513089362,0.6884595471306819,-1.3995105391874623,0.5954474297509756,0
-1.290391487395004,-0.5654807966379285,-0.9973583608368158,-0.7026029929868031,0.6223327056715376,1.1454805191873654,-0.9779077251298999,-0.2556772244521751,-1.1824223403840721,-0.3152703388985048,1.2118879847145043,-0.02868581446377844,-0.21334105446628107,-0.9542637713185164,2
1.4878427176966864,0.43008824133535517,-1.615042418977299,-0.6305942188858694,0.6561156084445096,-1.261956811866462,-1.3017671738052947,1.0454451457897551,-1.4800301042886117,-1.3575647499027765,-0.5541976823133364,-0.02868581446377844,-1.0606049721242676,-0.038825600911177885,2
1.3256657216190406,1.4552983345534465,-0.6830968558116572,-0.8396067966038785,-0.62395112915783,1.5116060853507625,1.6465006601716186,1.0143353056756135,1.8054506968545019,0.6359542429914227,-0.5541976823133364,1.4056049087251423,0.46447007966010817,-0.3920785574075186,2
-0.7956228833897699,-1.3850923386852785,0.5189057091326553,0.08601693905279675,-1.2589381574291443,0.8751381316153117,-1.6275737407351072,-0.892890888962288,-0.7007847097849282,0.7279907118462416,-0.20098054890776826,-0.7458311760582388,0.12556451259691354,-1.4692296534642963,0
0.5812759416641261,1.4731051923077203,1.50036436754838,0.15777680504718583,0.4824105108509055,1.5321558157226345,1.068372233496177,1.5445789850047642,-1.1954505578683403,0.7946404381609018,-1.2606319491244726,1.4056049087251423,0.46447007966010817,0.44727536277796404,0
1.1197788952366545,0.6193195702450791,1.269405057856857,-0.4661809239534043,-1.275975592586939,0.6163384803220019,1.0177409282274252,0.3869678260658757,-0.8702807584000792,0.8215106538219807,0.505453717903368,0.6884595471306819,0.12556451259691354,-0.01890054190153565,0
0.22241850323327753,-1.5038165622681292,0.9075142651051615,-0.476995867218308,0.294374072095745,-0.46725644820466244,-0.6771490053166663,-0.3597487137504525,1.5939008978030558,-1.7614213010528272,-0.20098054890776826,-0.7458311760582388,1.481186780849692,-0.805895386894743,1
0.13491508436554037,-0.705557745461284,0.9845550439177645,1.1810204253231873,0.6952915801892726,1.5212469128513884,-1.235138585091998,0.06870397952766738,0.1193347106824961,1.6209438753522107,0.1522365844977999,0.6884595471306819,-0.38279383799787836,-0.09590406825940424,1
-0.8507250018395787,0.6887830171322317,0.5595974135268107,1.0439039968366324,0.7203707864307435,-0.7711384863243954,-1.2005998430431482,0.43087338851023327,-0.4313415615333338,1.1255324144300092,-0.5541976823133364,1.4056049087251423,-0.5522466215294757,0.9828381066243389,0
-1.3601564305742846,-1.5054822634398008,-0.8333729742605184,-0.6376173419373234,0.9047683836679037,-0.5753048524436115,0.704871259398842,0.2722175634708902,1.3715131362522244,1.4438624537966738,0.8586708513089362,-0.7458311760582388,0.9728284302549001,1.0771158427650007,0
1.3937376385485682,0.2573352517595846,1.393284500141502,1.4786772005586508,1.321235985827431,0.7000304712248866,0.5162415956248381,0.0141671907760571,-0.324383450511103,-1.7061383283646274,0.8586708513089362,1.4056049087251423,-1.230057755655865,0.5330048745005642,1
1.4047047450498187,-0.5517469271384469,0.5793799892772866,1.6149688352485918,0.02041978868297094,0.9232023892833408,0.9994754550159375,0.07922897603255116,-0.5370141127851932,1.5498050604674407,-0.20098054890776826,-1.462976537652699,1.1422812137864973,-0.1171397512631658,1
0.48920952480675206,0.39000392215753155,0.199756101539188,-0.5714501661273859,0.823758147280462,1.4908795597221653,1.5338038946731274,-1.0743991996583595,-0.9897934401844071,1.1098584839864907,0.1522365844977999,-0.02868581446377844,1.3117339973180946,0.2691373533887032,0
-0.5179153785783208,-1.5794731184904531,-1.347254479374841,-0.47477551172234334,0.436281922454948,-1.0159553861670758,0.6858641183691856,1.1600943789334996,-0.38533293860022266,1.2071259850681209,-0.9074148157189045,-0.7458311760582388,0.8033756467233027,-0.4130390249973276,2
-0.4830520621971194,1.2481673930770714,-0.19051528831876358,0.053289035753768574,-1.072554275115114,1.0362683506511723,-1.1652984361546235,0.208551831128948,-0.6019720867583541,-1.4308165117764178,-1.613849082530041,-0.02868581446377844,1.1422812137864973,-1.3374384311335814,0
0.8072129562673441,1.5972663170078207,-0.14472731003219977,1.5741294246711575,-1.6340091138825759,0.8305878585583308,-0.8628312855726857,-1.2335864223825854,0.6763975546282289,0.8580590239014124,1.2118879847145043,-1.462976537652699,0.12556451259691354,-0.41087438564734574,1
1.3933763332069953,1.5814771973858917,1.2465471785814213,1.3478250064440518,-0.731037407837972,-1.5037871398687956,1.204759877243447,0.9965396116048565,-0.6980454227533675,1.6422049678794595,1.2118879847145043,-0.7458311760582388,-0.8911521885926703,0.10670023496417089,2
1.3590471008879195,0.8308156454812488,0.15228263334597417,-1.3543300717625053,-0.17815690282192462,-0.38485134543816074,-0.9807106659954644,1.5804696751688327,0.32153557388546755,0.6444842054958155,-0.9074148157189045,-0.02868581446377844,0.9728284302549001,0.35170047021723405,1
0.9918755642886703,-1.2906663801947444,-0.41994173340058105,-0.3410010363088128,0.4290721824981624,-0.7462338800541612,-1.4530486448532776,1.632662045905466,-1.4910117294590288,0.26157180986901396,-0.5541976823133364,-0.02868581446377844,0.8033756467233027,1.5568897839134055,0
0.5197932792006204,0.8603021995841258,1.632865885955289,0.2200000276418816,1.241351901483485,-0.671074031269378,0.7250669232890832,-0.39804799238640276,-1.0464887312454512,1.5915439826366131,0.505453717903368,-0.7458311760582388,-0.04388827093468376,0.9901179729258285,0
-1.390851879853114,-1.651911294245458,-1.3481799499882878,0.044552471203948674,-1.0390457318235844,1.6761186659636185,-0.31348761908918815,-1.2180054898094235,-0.28037319618371637,-0.19097711782195578,-1.2606319491244726,-0.02868581446377844,0.6339228631917054,-1.24646375952311,2
-1.1254715052245234,-1.6603462113745078,-0.27486876251736897,-1.0355022026953307,-1.2856595712391352,0.4992660021383551,1.4735766910347075,0.12651883254745627,1.596820790467051,0.36345452894665814,-0.9074148157189045,-0.02868581446377844,-1.3995105391874623,-1.167100717021066,0
1.3983214421485002,-0.6280123390664731,-1.5846312516902359,1.2867008487071376,1.6373542805204897,0.758386221773879,0.5419624854520664,-1.298447569174872,-0.38726434942752447,-0.07253833704082209,0.1522365844977999,-0.7458311760582388,0.9728284302549001,-1.430649771818229,1
0.39786296219976414,-0.06291562146059627,0.8174693064533365,0.6515393740722883,-1.3467243638494002,1.6542219752472942,-1.3912483794023929,1.585889592324453,0.6294987636821735,1.5462145253430666,0.8586708513089362,-0.02868581446377844,1.481186780849692,0.8500887198486414,2
-1.6475133779316085,0.9018857684272376,1.4307386894252268,1.2136829205569182,-0.05446835371280542,-0.4195213082634435,1.569631927734874,-1.0492291713216435,-0.8203293387448778,-1.4918162230800311,-1.613849082530041,-0.02868581446377844,-0.38279383799787836,0.7354255349172079,2
-1.331495383823009,0.6036015639291183,-0.7653918636590413,1.28651753269442,0.3190411347028889,1.0495606216562325,-0.8106377955379029,-0.8062760172525218,-1.2742699803481352,0.015335216959556945,-0.5541976823133364,0.6884595471306819,0.8033756467233027,1.7377285587596054,1
0.5933232992229062,-0.20926520875442997,1.2251312905476135,0.9009406394800412,0.16489229797438348,-0.2211848732710288,-0.5390276925435732,-0.2659464972370165,-1.5170866595078323,0.6742882434985227,-1.613849082530041,0.6884595471306819,-0.04388827093468376,0.07698122094508492,2
-1.6616763628672149,-0.7991632396719731,-0.7234652113372768,-0.17868046045298433,-1.4235118578651251,1.2837535393060702,-0.3144059621472534,-0.34837056325107696,-0.6419264372603268,1.0464498964000444,-1.2606319491244726,-1.462976537652699,-0.8911521885926703,1.1656618290702272,2
-1.1282820780009237,1.6781977870908502,1.4055900983017757,0.4196729845415335,-1.5246929961519322,-1.0994871394757508,-1.5265943937252928,1.0966400438426485,-1.165697947741477,0.30574453117484685,0.8586708513089362,0.6884595471306819,1.6506395643812892,0.2716059784682934,0
0.20027050364837026,-0.2767941434986442,0.8658561850109067,-1.152485343188615,-1.3556585500666287,1.5541304930301871,0.011072885626566172,-0.09149005426648801,-1.107740466920366,1.4613654161415195,0.1522365844977999,0.6884595471306819,0.9728284302549001,1.3361637798099653,0
0.6905639799970846,-0.1904861123718344,1.0412084026867154,0.6400310422390719,0.3191246989809036,-0.9676271004246322,-1.277640669414979,-1.0942173429458248,0.9722405529448165,1.5786430092527188,1.2118879847145043,-1.462976537652699,0.29501729612851085,0.7887121456929022,0
0.5537998226138636,-1.175828861183254,-1.6673016022659082,-1.0865237253981106,0.1752543971426354,-0.59589648544288,-0.3188608556876093,-0.7555545968337603,-1.6684497658992057,-1.5335360737592347,-1.2606319491244726,-0.02868581446377844,0.46447007966010817,0.5092488229034534,0
-0.9109424947766559,0.9854421874453049,1.5847124141652327,0.7109388548424718,-0.9082488825000999,0.8916367087515032,-0.49241918935625956,0.0939094308791258,0.25280081232816193,-0.334824063370369,-0.9074148157189045,-0.02868581446377844,-0.21334105446628107,0.23112915079421362,2
0.7600318944885257,0.6391676349415389,0.7719208868391455,-0.910705331606843,0.5011705868751832,-0.36225319132742534,0.9652697365305145,-1.176087577118761,-0.3794322091004971,-1.6784241776751467,1.2118879847145043,0.6884595471306819,1.1422812137864973,0.795684635364937,1
-0.8664898691002825,-0.9801534212338388,-0.680327099132309,-1.302004094708249,1.1370780215942542,0.3796810997850069,1.0700059513717703,0.4539951293999681,0.07108748317326179,-0.5935146542036986,1.2118879847145043,-1.462976537652699,1.6506395643812892,-0.28915175931958537,2
-0.5645951766038716,-1.45401585289728,1.1254956959228333,-1.1353065352907057,-1.5785812391923384,-0.18644163938645206,-1.1737195307905224,0.2927841102237406,0.27059673371721876,0.14209755978540567,0.1522365844977999,-0.02868581446377844,0.29501729612851085,-1.4446634510191902,1
0.8775428917513315,0.5940274010931691,-0.7602843880771428,-1.7055688002157356,0.014039383574799546,0.8438169933245361,-0.4377160971903156,0.8158518954603721,-0.6137294050239988,1.4680218193584569,-0.9074148157189045,1.4056049087251423,-0.8911521885926703,-1.6470637326740099,1
0.5458257466725068,0.5050404368682964,1.2747379445982174,0.797512516830352,0.680948376787096,-0.9345548352932943,-0.41422770563250766,1.59894283527737,-0.6784556129431533,1.2402280357115496,-0.20098054890776826,-0.7458311760582388,0.29501729612851085,-0.0768105986150808,1
1.2293753627858033,-0.8004203775784631,-1.341778529734983,0.8452220296524674,-0.8434658162106204,-1.5222495713606181,-1.180634297129925,1.5095728735651062,0.8752603976803847,-1.3095013645908224,-1.2606319491244726,-0.7458311760582388,-1.5689633227190596,0.3533369972607953,0
0.5731553090110061,1.5197936575040896,0.6928064828099921,0.08576441315636493,-0.6500041534622657,-0.6868533917645422,1.0537173117464842,1.6283383006729428,1.364017498299953,-1.43172785551686,0.505453717903368,-0.7458311760582388,1.6506395643812892,-1.508067453274308,2
0.2673095451184175,-1.2188564174932914,0.13180362027952555,-1.1490021630036749,0.4169743565948721,-0.08356965875299985,0.73870099735524,-0.8345451785570999,-1.0419070009086853,0.3279020586368521,1.5651051181200724,0.6884595471306819,0.9728284302549001,-0.7639438124088208,0
-1.3581974677320507,-0.2557236752705586,-1.3970085757712,-1.4207309323757367,1.4087100075962682,-1.1432078852114869,-1.0460595110960624,-1.2318817425123991,-1.3785433108074092,0.12525344153486329,0.8586708513089362,-0.7458311760582388,0.29501729612851085,-0.6383033581610654,1
-0.4196726697661424,1.4949766847487027,-0.8966817681267568,-1.6457222251039165,1.1016951580050127,-0.4970320482456418,-0.4371265673067974,-0.6324146228718354,1.4580247344414952,-0.8170476560924639,0.1522365844977999,-0.7458311760582388,-0.21334105446628107,0.22280596339441058,0
-0.7707565909950737,-0.2988935208917536,-1.686585469813611,-1.1336872120982453,0.31055214253711144,-0.34070718544369427,-1.3381176975674658,1.4492811523242053,-0.4842411831543403,1.427804236080105,0.8586708513089362,1.4056049087251423,0.46447007966010817,-0.7940625252151191,2
-0.8434050823921257,0.45030457635115734,-0.11578114832840958,1.3985891121047205,0.8236623154616606,-1.5259380090374974,0.4658252910099394,1.7195616835497314,0.22978454995395267,1.5267834034392542,-1.2606319491244726,-0.02868581446377844,1.1422812137864973,-1.44798244989142,2
1.653316632959783,-0.37467983051274767,-0.6923253394499937,-0.8690121412512164,-0.4509869525626921,0.29352260237355415,-1.284362500328613,1.3237061885601709,-0.450040872840909,-0.33396984902647725,-0.9074148157189045,1.4056049087251423,1.1422812137864973,-1.2004539916796189,1
-0.33274567787095743,-0.7971480072179529,0.33026588383956773,-0.4753120009402264,0.5123033359951189,1.3349894752772382,1.7011204715412156,-1.3075478637367812,-1.2786346331466472,1.395356951855323,0.505453717903368,0.6884595471306819,-1.0606049721242676,-1.167939085443402,1
1.3760343592309465,1.633181067296184,-0.7061878300043205,-1.3446301937184642,-0.09740842125912913,-1.1995203899599234,0.9923494887828846,1.6330872943957642,0.3645422507988729,-0.4001462389646361,1.5651051181200724,-0.7458311760582388,0.6339228631917054,1.2238886073681843,1
0.4824872986073119,-0.3344817167941335,-0.6969587842267685,-0.935978443129587,-1.061055908087936,0.3436895511312194,-0.3559195383012487,-0.20722757113708595,0.13699066871969495,0.8511047232035193,-1.613849082530041,-0.02868581446377844,1.481186780849692,-0.7731852014688041,0
1.0430269509816656,1.3254242992984338,0.8287903104814424,0.10075054849637283,0.7243014078080908,0.575245169363699,0.29440058273129327,-1.661190299917466,-1.0049974959281522,-0.0739428013079498,0.505453717903368,-0.7458311760582388,-0.5522466215294757,0.7660748782737252,0
0.04240037843482746,-0.9487026789131842,-1.5635725465199748,0.4099153092230821,0.2175326180361694,-0.2737580398166918,1.4435401764576097,-0.14038209572494176,-0.12275243158900431,-1.3269352612256318,0.1522365844977999,-0.7458311760582388,-1.230057755655865,0.2408434117440508,1
0.29674632136683715,-1.006399175340795,1.3784837809441919,-0.8556874514921903,-0.4726179704898885,0.7010308835738156,0.2099199081339055,-1.532108469083683,1.1005250118243515,1.5287967629138055,0.8586708513089362,0.6884595471306819,-1.5689633227190596,1.7043799966957063,0
0.007743863717169,-1.6294928512600948,1.2042114989581925,-1.5109091521784472,1.4554678133359453,-0.30352151250024484,-1.1009072929772463,0.21598796222295538,0.3684220234817503,-0.15140622416977362,0.505453717903368,-0.7458311760582388,0.29501729612851085,-0.8143052071021595,0
-1.0103506824993755,0.49530083864300173,0.5693030934333538,-0.3469304844778739,-1.6505981712073183,0.02135545785972669,-0.3957525584321183,-0.5050238014510512,-1.3810298402222883,0.8428434062778214,-0.5541976823133364,-1.462976537652699,0.8033756467233027,-1.2236435368131382,0
0.7952140914795496,-0.474213044468363,0.31258807082882145,-0.8946226583881671,-0.6220893259982928,-1.6990525884699157,1.2080443080036851,-0.03137839043571346,0.2181008531484437,-0.4596297809508463,-0.9074148157189045,-0.02868581446377844,0.12556451259691354,-1.6039598309930143,0
-0.7174330944854816,1.223586979971578,1.3420244135819102,-0.9457825992636546,-1.5252006111844365,0.6685885116069065,0.5210982240853281,0.45931407087075754,0.7665603960210021,-1.6946580300747889,-0.9074148157189045,-0.02868581446377844,-0.04388827093468376,-0.928265801028775,0
-1.5957347220085343,-0.11576141283082934,-1.091373807049507,1.639581660779251,0.9503098245032394,0.5634945243775213,0.5435831052472372,1.3569824513135693,1.0854799996032038,-1.4051333108280695,-0.5541976823133364,-1.462976537652699,-1.3995105391874623,0.6565569658089931,0
0.5315766791263545,1.579133619264301,-1.4574683534994854,0.439766611228502,0.7255892465801328,-1.5916392890775448,1.2898037744763653,0.6304377484970339,0.505580423200801,-0.0020407075947288596,1.2118879847145043,0.6884595471306819,-1.0606049721242676,-1.4851444576018336,0
-1.0724494884499107,-1.100834297464861,-0.904886318479139,0.23224833088432578,-0.5677437106152428,-0.45049058591369634,1.3835628482113396,-0.1696858020004629,-1.1834327219192433,0.6849683367220337,1.2118879847145043,-0.7458311760582388,1.1422812137864973,-0.9148815844157453,0
1.5418339441835514,1.2381906752808556,1.0056577193896727,-0.2605237287390525,0.633340756860486,1.6625741704789994,1.4727220971414214,1.183604245039723,0.7929168014833636,-0.5746549357325442,-1.2606319491244726,-0.7458311760582388,1.1422812137864973,1.2690015279461488,1
1.5879654372990415,0.9230792873141828,-1.6099451203560284,-0.21453311957989538,-0.3424470439256726,-0.2689080785287384,-1.375950079120798,1.4861421087931035,0.6765318604541912,0.704556509154056,-0.20098054890776826,-0.02868581446377844,-0.38279383799787836,0.29490056884670746,2
1.4541799698180158,0.9036472401768358,0.27674056024271254,0.17646464341467133,0.9144719267704347,0.0120426011412889,0.1754804526306999,-1.2733371669598488,-1.6380030669093197,0.7157160658593851,-1.613849082530041,0.6884595471306819,0.6339228631917054,-1.5414279691163708,0
-0.4113063329677061,1.1565592797583337,1.6970150727703723,0.7196004599387561,-0.13926168380351162,1.423509505979272,0.8536267130179177,0.17404230893430306,-0.26497972577947765,0.7345107115637893,-0.5541976823133364,0.6884595471306819,-1.0606049721242676,-1.6195347407177672,2
-1.6260758698968973,0.8697555602581502,1.2160251958650177,0.7395633295827471,-0.2854382846374289,0.7569529691193565,0.9103185721742788,-0.6947969731669724,-0.544310714537972,-0.01515229109037971,-1.2606319491244726,0.6884595471306819,-0.721699405061073,-1.5714664665930274,0
1.5002572822618883,0.40816833638491795,0.06553553897289255,-1.1129230686688871,1.5370634138248593,0.28924266354100103,0.39161523946282606,-1.528624880348879,0.6484213743371438,1.4825290667743025,0.8586708513089362,-0.7458311760582388,1.481186780849692,1.578614196171916,1
-0.21258309477392653,-1.2866990379575387,-1.5102281891543181,0.034006768447275765,-0.8484640534186861,1.0355994222220888,-1.1275352319156917,0.653772629913082,-0.9584091872094735,-0.026943756045059913,-0.5541976823133364,0.6884595471306819,-1.0606049721242676,1.2495558781248812,1
1.6315497630201485,-1.6247261115166578,1.1323068945946952,-0.273853782722996,-1.303458825277617,1.2658763475875314,1.050150352896044,1.3358064917290056,0.37000242171164455,-0.16499216462240704,-0.20098054890776826,-1.462976537652699,-1.230057755655865,1.2319183793692252,1
1.6211561574430748,1.4170155182349593,0.3324034475934028,1.3275961030149939,0.31548084591775083,-0.14383806458140352,0.7831882426097072,-1.1218380645762336,1.5126525879510526,-1.0546148295017146,-0.5541976823133364,1.4056049087251423,1.6506395643812892,1.5154579158320154,1
1.242341658474132,0.37539925051935197,-1.3336808593177838,0.492564387071278,1.6577328903663313,-0.08080301082089941,-1.406039031423085,1.1589733179201878,1.1035554559137075,-0.6706800255072227,-0.20098054890776826,0.6884595471306819,-0.721699405061073,0.017009028519343026,0
-0.6705942617689049,0.9913582262434664,-1.406223445928395,0.14712623621212567,-0.40557968172039766,-0.38890671598578264,-0.10186519981257904,1.3028852528496608,1.5419045137686282,-1.6114927608987406,-0.20098054890776826,1.4056049087251423,-0.5522466215294757,-0.905429305675192,0
-0.3601437450404933,-0.08729840178583359,1.4016547152328291,-1.3095357434492871,-1.5072167665196834,1.619932089883579,-1.1027066960928396,1.5168976184788823,1.7441362437655274,0.4848738750425162,-0.20098054890776826,-0.7458311760582388,0.6339228631917054,-0.35462405596600716,2
1.2359278227604558,-1.334420272024082,0.574106677813858,0.402529861894763,-0.5400005020278085,0.6874300161772996,-0.5381141373095331,-0.7623137130381106,-1.6867697423495283,-0.8803140768712755,-0.9074148157189045,0.6884595471306819,0.29501729612851085,0.7809975826174087,0
-0.5936292411779284,-1.3074462213252567,1.1251244228032484,-1.3032172927013166,0.04125466929567377,-1.436572130955994,-1.6410436105933328,1.4804214869458814,0.4829769064889608,-0.6830902469552326,0.505453717903368,-0.02868581446377844,0.9728284302549001,1.3431243732531393,0
-1.0985390803309876,0.6113740655829327,1.29616459918031,-0.534906854181719,-1.1587761843786462,1.2610099151327328,-0.3210724689000175,-0.5678504790981348,-0.2611096236233376,0.9716587253902996,-0.9074148157189045,-0.7458311760582388,1.6506395643812892,-0.23393979246005953,0
0.22789966344610493,-0.26267094279594244,0.23875987744013571,-1.2136820681226301,0.5720825212492706,-0.06194270069604262,0.19533937133928983,0.24569627310379755,1.323525594183786,-0.6012996891387539,-1.2606319491244726,-1.462976537652699,-0.38279383799787836,0.12475552394382346,0
1.527094426842121,-1.0494748337362376,0.051769822854355364,0.7043875390654694,1.7568989124874514,-1.4866297373410302,0.43604511258813566,-1.5165230090247004,-0.8319301799298675,-0.9027948549834391,-0.9074148157189045,-1.462976537652699,-1.3995105391874623,1.5425191468428545,1
0.70472398954178,-0.05280975130804157,-0.24774931201488032,-0.9922362128205124,-0.14778792155414658,0.17731442760509591,0.5876661759965046,-1.539792096806735,1.7530819419970585,-1.1621388245153308,-0.9074148157189045,1.4056049087251423,0.46447007966010817,-1.4055998419147322,1
0.27331166577611743,-1.5162397758517865,-0.6383502228999673,-0.34404410270082875,-0.4861982988147533,-0.28126677582973847,1.1843778077419296,0.835765715058891,0.4509545063961808,0.9859981108937698,0.8586708513089362,1.4056049087251423,-0.38279383799787836,1.294004858303532,0
-1.3462048965096145,0.25665364753503433,-0.23340116401237307,1.4154192461419184,-0.32581817170891003,1.3121767468148628,-0.9594500620825869,-0.13305610186678965,1.0884364549110916,-1.3016771217486087,-0.5541976823133364,-0.02868581446377844,1.6506395643812892,-1.2203013596524852,0
0.42724112624349186,-0.8150281970886136,0.9344130737665431,-0.998996321240202,-1.3219512600600483,-1.0187500755403314,-1.287436176875664,-0.7938923679115865,-1.4211505071806056,-0.1526218922273733,-0.9074148157189045,-0.02868581446377844,0.9728284302549001,-0.059508468120377925,1
1.7116858305262532,0.9948570500304004,0.34253986991863855,0.0608704584128621,1.3575645410320756,1.1347515100883794,1.2370243952343367,-1.0252314786374934,-1.0742500071368415,0.03593864079172167,1.5651051181200724,-1.462976537652699,-1.0606049721242676,-1.0088695176995843,1
-1.199256929826921,-0.6733762945884834,1.3427843788536429,-0.2483127781302721,-0.2765571364471541,0.20489246341595216,-1.162669610364349,0.6587127090388097,0.9638900010232665,0.6758394934907045,-0.20098054890776826,0.6884595471306819,0.9728284302549001,0.36641314730410424,2
0.09614362894933753,-0.17736093987371865,-0.20316645800768088,-1.6492317037328288,-0.37266618252838585,-1.5355610459169802,1.6625344153547,-1.6924740978256219,-1.6466539645917408,0.4839809656086642,-0.5541976823133364,-1.462976537652699,1.6506395643812892,0.20770523645610053,2
1.3257811995527014,-1.6963100393708526,0.360321746660594,1.0560056657282066,0.5776222507267653,1.6377115682823533,1.2059494902398835,1.136069062604204,1.1711770860304986,1.113163818006298,1.2118879847145043,-1.462976537652699,-0.721699405061073,-0.43095056336477316,2
0.8579437180367209,-1.4880318433644693,0.4436799973243726,-1.4713984044582338,-0.18164627251755544,0.04895605066667747,0.026132807153714296,-1.4155926336707085,-1.6751463154744581,-1.602922415054807,0.8586708513089362,-0.02868581446377844,-1.0606049721242676,1.2975968100392579,1
0.708100612291834,-0.39214584835429217,0.3073410602557575,-0.05629561165861044,0.5376566320596657,-0.7181716336722146,1.6855371869671905,-1.0214525985479297,0.6048428064011133,-0.7104455594949755,0.505453717903368,1.4056049087251423,0.9728284302549001,0.5697978385903285,1
0.7268283750785043,-0.09272059188859832,0.6891847960944844,0.245518468827744,-1.5092765589715111,-0.10052803946693929,-1.3672220606268823,-0.3375832394940317,-0.4303637862611738,-0.7682679181737531,0.8586708513089362,-0.02868581446377844,0.46447007966010817,0.7893705427901686,0
-0.44784012906528636,0.3184565297010039,-0.9120343236928712,0.4821138693880695,1.1149472240347098,1.243359554496135,-0.6569422549284571,0.008737245648034053,0.4431091720449639,-1.2438404317777874,-0.20098054890776826,-0.02868581446377844,-0.8911521885926703,-1.251230708530799,1
-0.6735294448791365,-0.737405671869785,0.03427560602092354,0.6923670570298314,1.557205416260475,-0.6696462513557766,0.5004185491618829,-0.447289565496648,0.7427849622205044,-0.7361978956032854,-0.5541976823133364,-0.02868581446377844,0.8033756467233027,1.368635426561245,0
1.0928567030768306,0.6436178595809356,-1.370538456356793,-0.8280283691566547,0.5395121587673334,-1.0579066240564539,-0.4948464920388209,-0.5676769709432476,-0.5105453972470305,-0.663197273417893,0.505453717903368,-1.462976537652699,-0.38279383799787836,-1.1926448056918248,2
1.0954329418625008,1.2090828090121815,-0.4057924361107568,-1.677677229673518,1.6062588489353817,-1.27795544428571,1.5023502528533272,1.6909863135876375,-1.3418757085571957,0.08896595679779752,-1.613849082530041,0.6884595471306819,-0.5522466215294757,-0.9932690636748894,0
1.2905035906846432,0.934221919090586,-0.050730448629806836,0.8139403469814724,-1.195371643462991,-0.6940147750682342,-1.47686251565774,0.559075739652534,-1.4777051328357795,0.5918522035565255,0.1522365844977999,-1.462976537652699,0.6339228631917054,-1.332077869030775,1
1.4486187154086998,-1.6004398682132208,0.5156752861432974,0.15813575696195545,-0.05821793944238181,0.9741685843965762,0.19373333824708358,-1.611597399987676,0.36313979890201076,-0.4102464454468681,0.8586708513089362,-0.7458311760582388,-0.5522466215294757,-0.21509736274279592,0
0.07221396207840715,-0.09077529253694862,1.5424470568030404,1.207429397737452,0.37570281303569886,-0.09284936146109743,0.33688267381726067,-0.18328602014365908,0.1210899121803062,0.7895945992289192,0.505453717903368,-0.02868581446377844,-0.5522466215294757,1.3848858103824275,1
0.03856191275424476,-1.376804367007237,0.3381603923239151,1.1559904496741304,0.30569084320023254,-0.9374942857916316,0.5505023641315956,1.378780963770176,0.9064527639246849,-0.5695841891421143,-1.2606319491244726,-0.02868581446377844,1.3117339973180946,-0.8871785596209478,0
1.0549583884641764,-0.9073033698090115,0.8301695796435636,1.2326033585165743,-0.3231753367490168,-1.1495564459609258,-0.8206210577852996,-0.6352959256631365,0.08237987926383546,-0.7322781227404958,0.505453717903368,-0.7458311760582388,-0.04388827093468376,-0.453318294094997,0
0.5469594509287794,1.642374707625008,0.013287264803593648,-0.018440581081912783,-0.5442593112460361,-0.5733780089379836,-0.44456981628801423,-1.3618417602289141,-0.22705567832473986,0.15741547545966325,0.1522365844977999,-0.02868581446377844,1.3117339973180946,1.2359469606621711,0
0.7250570661181058,-1.2481751361101794,0.45330547360119344,-0.5474028517895354,-1.281214571070189,1.52727770101142,1.209894050642895,0.9692464346912155,-0.3134051433601076,-1.6775116687239244,-0.20098054890776826,-0.02868581446377844,0.6339228631917054,0.41958848444167335,0
1.0463878937216609,-0.0278353890340207,-1.4851315161434995,1.0518152432537133,-0.3570799905637536,-0.5377536189825829,-1.030309649013944,0.4341833305396831,-1.630842247638652,-1.4786806285629515,-0.5541976823133364,-0.02868581446377844,-0.04388827093468376,0.8981388798448954,0
1.3690436932007415,0.3805540252267881,-0.8536645125754541,-0.13648148059958407,-1.156202432416362,1.6940297308358259,1.1518369499146535,0.308815190500721,-0.5350692541224696,-0.27951082364971175,-1.613849082530041,-0.7458311760582388,-0.5522466215294757,-1.0246890146488818,0
-0.5214587524750193,0.6692410208787744,-0.4837820630263895,-1.0718947809390122,0.8381179937469219,-0.04578455458387856,0.23946574816371355,-1.505745651014924,1.735324234510355,1.5819097642598503,-1.2606319491244726,-1.462976537652699,-0.5522466215294757,0.7725060320876422,2
-0.39272956993299873,0.1802174371494682,-0.10295836015971699,1.273280892605756,-0.995143780672411,-1.1046544881254603,0.9284845620397114,-1.200510308082944,1.3720949234685897,0.7968338218688216,0.505453717903368,-0.02868581446377844,-0.5522466215294757,-0.9760098673400157,0
-1.3571454772847498,-1.7026436534730391,-1.572157204174241,1.3696183691538977,-1.5193265118657613,1.3585032609694214,0.7607289187010848,0.4922493263986476,-0.5569738263937177,-1.4491164884075936,1.5651051181200724,0.6884595471306819,-0.8911521885926703,1.741130174356862,0
0.3014596692431488,-0.6182497984261227,-1.2473173091647334,-0.08404268361041882,0.20323551845818152,-0.13184256441765102,-0.9869076626950465,-0.9640936166974778,0.35909639481005906,1.2393900941230456,-0.9074148157189045,-0.7458311760582388,-1.5689633227190596,0.21240033619605903,2
-1.555917408656593,0.03661895784180731,-0.7764855022745686,-1.4481614131557927,0.3527597723622508,0.7306927102776527,0.26072801681539853,0.07619944845361552,1.279009323936531,0.8350910100064465,-0.20098054890776826,1.4056049087251423,0.6339228631917054,0.6979321730534399,1
-0.08444956696215207,-1.4352328681383122,1.6147346810287106,-0.3581294483027757,1.3179347271279258,1.6787642400745522,1.2929173869910895,0.21951276522986796,-0.16030988220541195,0.40477530394284933,0.8586708513089362,-0.7458311760582388,1.3117339973180946,-1.3666045790079475,0
0.17941660984627664,-0.5355032168632252,-0.5887839898134286,1.0936508344615534,0.2891035022921829,-1.550904239963391,-0.21130864076661163,-0.6983253039208641,-1.6609352582472678,1.1471066415802555,0.8586708513089362,-1.462976537652699,0.46447007966010817,-0.8935861443104689,0
-0.6976760313733433,-1.6224082078720903,-0.07009517282324043,1.436719524711941,-0.5184577463848712,-1.3899660575547774,1.6343243710386153,1.6365888950205179,-1.4604605090808518,-0.3286565688800943,0.1522365844977999,-0.7458311760582388,-0.38279383799787836,-1.2902836674366176,2
0.34445109204591534,-1.4670363277600027,-1.0543119653574575,-1.0019425496256364,1.0775816368337245,0.7680059484821966,-0.14190378929803055,1.264497945338483,0.08470964454415737,-0.9761776624185337,-0.20098054890776826,1.4056049087251423,-0.38279383799787836,-0.3946005247650461,0
-1.5745550347232695,-0.3769778483056935,0.3730244187432234,-1.4786354317861472,0.1610706874598977,-0.7494874804753761,-1.210417248457371,0.8427899153503816,1.7119958528713295,0.0539991164055639,-1.2606319491244726,0.6884595471306819,-0.04388827093468376,-0.7738426583321757,0
-1.551102487250343,-1.2816625449640549,-0.7631687246226544,1.351425614661473,-1.4470649146171695,-1.0868808310242777,-0.3586954387516475,-1.4200022671243981,0.7327816617300218,0.1845550881584442,1.2118879847145043,1.4056049087251423,1.1422812137864973,0.8312778129597043,1
1.1381984894349697,0.20724134864447222,-1.0168118453236548,-0.35261566878469197,0.2502742285254408,-1.588314598130609,1.5829122754881604,-1.3211998488709604,-1.4732019299437495,0.14726809655124895,-1.613849082530041,-0.7458311760582388,-0.721699405061073,-1.4012709550013147,0
-0.44544454298048863,0.6247271393919078,0.04876246784253916,0.179453895014542,1.443884162549142,-1.6489101952607255,-0.5994293546699172,0.03655812966046705,-1.0533243434699198,0.24211302516215663,-1.2606319491244726,1.4056049087251423,0.8033756467233027,0.8997232146945291,2
-1.243859301591203,1.0052239842598725,-1.7103291970909753,1.6682288481265855,-0.3411375107258497,0.9549245761245473,1.2942123512409336,-1.1295259904047563,1.0096885608187407,1.6024486220571705,-1.613849082530041,-0.7458311760582388,0.8033756467233027,-1.6266103591835368,0
0.10954679634168234,-1.0507571157239501,-1.7029005589489814,-1.480063368687217,-0.689928955608502,-1.2594044073394024,1.3396302840553198,1.7413755942241869,1.2582467461775166,1.4377064294110138,-0.5541976823133364,0.6884595471306819,0.9728284302549001,-1.0675443555218522,1
0.9580321099686852,-1.162615906240799,-0.9752454679214064,0.5515806906532553,-1.2231490687398814,-0.10636171879189293,-0.4942261092834244,-1.137227294930743,0.4650867655530414,1.3436374707557075,-0.5541976823133364,0.6884595471306819,-0.38279383799787836,1.0424488718786822,1
-0.9398758335974742,-1.3780450649129183,-1.602885250151466,-1.453729168177393,-1.1953255705340653,0.3716736263317397,-1.4159776551595111,0.017899300256712342,0.559837603604088,1.0801728174484517,-0.20098054890776826,-1.462976537652699,1.481186780849692,0.8665227972159444,0
0.4542393631362198,0.4431286034534279,-1.3574555845936191,-0.4012840888249946,-0.21395537214822008,-0.24256234788557887,0.7985430374308665,-0.4152430719486963,-1.6241403965111445,1.583737330649411,-0.20098054890776826,0.6884595471306819,1.6506395643812892,-0.086458844245019,2
-1.3867164820599152,0.6829744282164465,-0.5629220385523979,1.094617796350674,0.3543298596875531,-1.6307128688400887,-0.6277748987756501,0.5513739272614203,1.2124835286087197,-1.412351855216299,0.8586708513089362,-0.02868581446377844,0.8033756467233027,-1.6113101415576876,2
-1.5020135776033163,-1.6279449259143617,1.0332191875538623,-0.19872043731494718,-1.4424075147226105,0.9861160449776138,1.0000899126355265,-1.240762175246051,1.0697823688058834,-0.8214956208837209,-0.9074148157189045,1.4056049087251423,-1.230057755655865,0.39125646929742397,0
0.14075105778207048,1.4696254364447652,0.23971087197152616,1.7699119006562307,1.553942517225692,-1.6881196076852227,-0.17491699253990706,-0.1827925740015508,-0.8063342503501966,-0.006166536767600393,0.1522365844977999,1.4056049087251423,-0.721699405061073,-0.3353960048725428,2
0.17253450960818364,-1.5581432677923086,0.035321796235318226,0.23986443618425074,0.9105643408908178,0.9113483740709143,-0.027770751707456656,-0.7292348048172219,0.7876116551339426,1.2401577219181663,-0.9074148157189045,-0.7458311760582388,-0.38279383799787836,-0.6579890542821695,0
0.5040334078003627,0.11737634763076724,-0.7190918320034384,-0.5909384360866206,0.32273947225261956,1.3659912412468447,0.9827749868008444,1.423528443026878,-0.9629509666746683,0.02968215596726279,-1.2606319491244726,0.6884595471306819,0.9728284302549001,0.500402587888519,2
0.8076775415906889,0.6918251324638889,1.4778154893699167,-0.943835994279967,1.1662797902383322,-0.22703521485626024,-0.38311403003318945,-1.551364081865979,-1.5816271301868154,0.8908828273422938,0.8586708513089362,-1.462976537652699,0.8033756467233027,-0.2284903881102362,0
1.6630481733555502,1.246223566567752,-0.36275466276940876,-0.48841081180081175,-1.443902800547025,0.12827525243916654,-0.17328537845548203,1.5147451987756022,-1.0115804815019782,-1.2688641801249159,-1.613849082530041,-1.462976537652699,0.46447007966010817,-1.459525858813425,0
0.08919374940410761,0.7090362950943166,-1.4295069121949298,-0.4115362105670273,-0.060231818783849804,-0.07431615192593799,-0.40442999124564105,1.231243371749828,-1.0913684809382658,-0.8665626500259761,1.2118879847145043,-1.462976537652699,1.6506395643812892,1.4858928616889362,0
-0.5729626367989965,1.0091322477106204,0.3946623581316196,-1.4725586389876384,0.47437633321262446,-0.3779823738938036,-0.43499041142852385,-0.6489400734768861,-0.5273030488417806,0.8332305383043359,0.505453717903368,-0.02868581446377844,0.8033756467233027,0.9942655698061601,0
1.0443108634907319,-0.5737739835219875,-1.337448484076169,-0.42187012014826786,1.1670271226871793,1.3456488959829567,0.11270375340310228,1.0777749886185146,-0.24122223892759334,-1.1774705777492918,1.5651051181200724,0.6884595471306819,1.3117339973180946,-1.5884362088855035,0
-0.7514755904494506,1.053978371424631,-0.5410223405530235,-0.0912760164982245,1.0094107089150754,1.368167392450417,1.0894436302012684,-1.5842751648054927,0.07813795576115774,-0.5157191423876435,-0.5541976823133364,-1.462976537652699,0.46447007966010817,0.0878556428121003,2
-0.1756392749175089,-1.4617756462115143,0.017231380277342927,0.8114751127588874,-0.7571030133376337,-0.5626985891711245,-0.4542321934347097,1.7013438599774016,-0.03453755916398097,-0.8224069421112842,-0.9074148157189045,-0.02868581446377844,-0.38279383799787836,-1.4918707948669199,2
-1.4103167902631462,1.3278809598231787,1.2797931577392094,0.5809559059308681,1.5585178007788998,0.4034083896774776,0.10686148073927537,0.15529735951112483,-0.7650732247403919,-0.5210176395866357,0.1522365844977999,1.4056049087251423,0.6339228631917054,1.20455688756853,0
-1.5921908591011709,0.13893490040173964,-0.030493173451965713,0.7626806686455095,-1.2898593938804404,1.4822446515421055,0.6126567207987033,-0.6288878509181609,-1.6211867000677533,0.7500708291104676,1.2118879847145043,-0.7458311760582388,0.12556451259691354,0.40241618371190513,0
1.6178287892807375,1.0624451032588342,0.6878940220803593,-1.6833175893134333,1.3291692359136342,1.6038530783096914,-0.7730597365132501,-0.42064333868117776,0.42044564603507945,-0.4572420583612636,1.2118879847145043,0.6884595471306819,-0.721699405061073,-1.1732991916341213,2
1.1840202719168678,-0.18729734305000423,1.6879947037282357,-0.9523708639106214,1.6633786051828696,0.03630702284151051,-0.7451465010956758,-1.4606962847962173,-0.32170859398410323,0.20732562367630752,-0.5541976823133364,0.6884595471306819,-1.5689633227190596,-1.7158942504341304,0
0.7045336051381603,0.4676024891684813,-1.2766946962177794,0.5982594567868401,-1.1056464449120262,-0.15789536961866182,1.5197562303424095,1.7802981505023003,-0.6658239896857268,-1.407255494922871,1.5651051181200724,1.4056049087251423,-1.3995105391874623,-1.6771253052580215,0
-0.278445354207115,0.06637825656618083,-0.7836544373809435,-0.02230056708950503,0.7952123449105409,-0.7603184283846893,0.7950092818116219,-1.5559072511873857,1.3486468951052315,1.0929413548965745,-0.20098054890776826,0.6884595471306819,0.46447007966010817,0.02455590505158313,1
-1.0855196035585903,0.7689676886230424,-0.37114958077569604,-1.6939697567205645,-1.5830932455042686,1.5928286055758998,0.28964467934619703,0.6058761495732368,0.9225548745087673,-0.450003204587488,1.2118879847145043,0.6884595471306819,-1.5689633227190596,0.8364682140572796,0
-1.1432517342685367,-1.4565876030361278,-0.2773478617270032,1.0969928848335737,-0.30935772633452807,-1.2304098663006626,0.533208634398946,-0.13918047803783407,1.316120450471658,0.538059055067886,-1.2606319491244726,0.6884595471306819,-1.0606049721242676,-1.357881775248121,0
-0.8219891850275312,-1.5294461975855955,-0.314545903550004,0.9863398214899073,0.07736507908778054,0.2814912235289073,-1.6023047045086414,1.6383133019510818,0.030082602063582868,0.8105843720459208,-1.2606319491244726,0.6884595471306819,-1.3995105391874623,-0.998637146582914,1
0.20195848343602626,-0.8899833006712202,1.39471627495749,0.20270617456908166,0.30188355667696654,-0.7469783512967346,0.4309357037100556,-0.8300358036540592,-1.2604530086102905,-1.0181621299872579,-0.20098054890776826,-0.02868581446377844,1.6506395643812892,-0.6196059304215565,1
0.768308516807913,-1.1897964290975305,0.7284197033268616,-1.4804174931217813,1.5412750421449677,-0.7592322002879834,0.05594151938081281,0.17458255318707996,0.7434586013441696,1.375401879913565,-1.613849082530041,-0.02868581446377844,0.9728284302549001,-1.0101082540484343,0
0.582006548073168,1.2490123364451735,0.36312916303396114,0.9643575959509735,0.6214376747654585,-0.323459075778624,0.18108729297757264,-5.05985398963138e-05,-0.9940783427412501,0.42348983964522124,0.8586708513089362,-0.7458311760582388,-1.230057755655865,-0.3904307781506341,2
-0.720304637641602,-0.9854801072774588,-0.6644194778364615,0.325964110310079,-0.044746669846825696,1.7309397930242385,-0.46232810598140756,0.7742892549413057,-0.1604682257282524,-0.2413720438971638,-0.20098054890776826,0.6884595471306819,1.1422812137864973,0.21143054522035848,1
1.5911734226034422,1.6054030655079672,1.1062057659321778,1.0182955737170156,1.1008252131915959,-1.5343294132815193,-1.4221372881420515,-1.4550606217910191,-1.4941715913004392,-1.1150577472761134,1.5651051181200724,1.4056049087251423,-0.8911521885926703,0.6596537899468378,0
0.8481088308877515,-0.5825206205155468,1.5580374511290698,0.9127834379613513,1.5921898598154374,0.2770360874851336,-1.0358469339685241,-1.0133776618283918,1.2010622848857821,1.5797404479599397,-1.2606319491244726,-1.462976537652699,-0.38279383799787836,1.6569417717218828,0
0.21951855651041507,-1.1125024118326665,1.0972837538137017,1.0917804141122605,-1.6466492241005726,-1.4388240174227562,1.5796051952930872,-0.9404221150244626,-1.278144353278373,0.9158231198681477,1.2118879847145043,-0.7458311760582388,0.29501729612851085,1.5391595808137688,0
0.41598571914120247,0.9679412431554986,-1.7238930629449198,0.09650217728001698,1.7037775445474288,-1.1899098887495958,-0.29217046829737153,0.8981930183681486,1.4768188684994425,-1.0239645734193794,-1.2606319491244726,-1.462976537652699,0.29501729612851085,0.2490274441236079,0
-0.24198152945866946,0.5194100682969257,0.46121291215028754,-1.2224736910524607,-1.4231630831395359,-0.20377620537033592,-0.09194309032998997,-1.0297080427725178,1.3390385851115205,-0.5641041546672048,0.505453717903368,-1.462976537652699,-1.5689633227190596,0.8356691265996562,0
-0.8305918695447299,-0.03020639327556965,-1.5532722071503273,0.6313424503242343,1.1172615354062905,0.04150020750150104,-1.521464727900101,0.31997941002062436,-0.07768324162574565,1.1094532865088653,0.8586708513089362,0.6884595471306819,-1.5689633227190596,1.6107932394395106,0
-0.4598900534633112,0.1655445247024005,-0.8425962837187813,0.4543409310921129,-0.7457117178434051,-0.8291712069781428,-1.5737580610257862,-0.9380377491676556,0.914135309475501,0.7052274166211283,0.1522365844977999,1.4056049087251423,0.8033756467233027,-1.4915332313657106,0
0.9164300333509267,0.7265502666522319,-1.524396177410602,0.8796284328983094,-1.2625321119855875,-0.6296739297016626,0.7730708378534624,1.331782824528328,0.4712921138560574,0.9538218007457429,0.505453717903368,-1.462976537652699,1.1422812137864973,-1.7699241537090498,1
-1.6297168278865768,-0.9538384316851497,0.3489833680923041,-1.1192542248591786,-0.18924318809182292,-1.4236195213484761,0.15465319982359543,1.6146776708634207,1.1222488058663527,-0.1971329508273655,-1.613849082530041,-1.462976537652699,-1.3995105391874623,-1.683496082820504,1
-1.281490127486406,1.6754907130010404,0.6339618427231904,-1.0316183289362826,0.522737242025334,-0.6754699480633035,0.05316900476093989,0.1268466328234676,-0.19387761860565425,0.7789781453612463,-0.5541976823133364,-0.7458311760582388,1.1422812137864973,0.22478677058620528,1
-1.521463061161262,1.6017320620072582,-1.3352137846589835,1.3970314941726967,-0.3947216593515727,1.619421103723691,-0.8639296927334744,-0.456722489019861,1.0610380161622628,-0.3911224119277055,0.505453717903368,1.4056049087251423,1.6506395643812892,0.938257491554438,1
-1.539524696847977,0.4907085850021211,-0.40810698994777045,0.90660492123939,-1.533279648933652,1.5438250316603617,0.8682723461700891,-0.8719709983301372,-0.0852195667658772,-1.012481541430916,-1.613849082530041,1.4056049087251423,-0.21334105446628107,-0.4772043755497914,2
1.2507361856633648,-1.0528382877773461,-0.15891441276901375,1.4592602925761662,0.36752050269785724,-0.5659439582875373,-1.1225307419680053,-1.519074065837469,1.6110591041866373,0.4818305350179852,-1.613849082530041,-1.462976537652699,0.29501729612851085,0.16001423464303902,1
0.7308482741880026,0.5930992537441383,-0.45899991402977347,0.9371187777749022,1.4242960025706748,0.25043903741259477,-1.0476032266430524,-0.751024021003895,-0.00044166660250688283,1.6992849114922561,0.1522365844977999,1.4056049087251423,-1.0606049721242676,0.05674815307253006,0
-0.055079471943301796,-1.4888826706985445,-1.3127121878355381,0.372906324490277,-0.3868256516066221,1.422351343556122,-0.11256193254777987,0.6035186726244248,-0.0846436763533744,-0.6602340771911367,-0.5541976823133364,-0.7458311760582388,0.46447007966010817,-1.4511216426904283,0
-1.343952545231718,-1.6311418530245856,-0.2872621563951286,0.5718873416250988,-0.9689745489295494,-1.7030976367789799,-0.714906867845523,0.17995565124356738,1.0584267436086605,-0.12703493539647184,-0.9074148157189045,-0.7458311760582388,-1.0606049721242676,-0.639891151375295,2
0.00465535102631722,-0.8537570363890655,0.8562741553563242,1.3925558144232222,-0.17974885863420356,1.0801553166636317,-0.8489482716643477,1.6211945489556676,1.1878371933824683,0.6283644361239338,-0.20098054890776826,-0.7458311760582388,-0.5522466215294757,-1.7205659350391902,0
-0.05748385320669716,-0.1520126577909675,-1.484871822805838,0.308828085622199,-1.5549169772588025,1.5564947044663735,0.5246364437455302,-0.302323907362477,0.24102807415180072,0.1585438888927287,1.2118879847145043,0.6884595471306819,0.6339228631917054,-1.3941295647763166,0
-1.085836223178868,1.2369899560977733,-1.4533006021468136,0.49596028885855725,1.1385434262404037,-1.408540083642633,0.5444372851681978,0.7426741217331464,-1.0872246872328968,1.2291415379154949,1.5651051181200724,-1.462976537652699,-0.21334105446628107,1.1135986049270439,1
-0.19317326386286407,0.7538314228796948,-0.5081576183302051,-1.1660657293264518,1.1589616698068317,-1.165945689141971,1.1437193090309261,0.024412976557897623,-0.06642644926797844,0.939490550606879,1.5651051181200724,1.4056049087251423,-1.5689633227190596,1.176386449004273,1
-0.3142279667889678,0.8070338995627099,1.5121390794215102,-0.057461336992362146,0.32754137667490557,1.5993133952630598,-0.2610608167763555,0.10606944621626185,1.7071503906944292,-1.554889834416414,1.5651051181200724,-0.7458311760582388,-1.5689633227190596,1.0781478908238968,1
0.4301277584066707,-0.27914984451888747,0.5719464232451634,0.7893318355109386,-0.4918692362203311,0.13518640741897936,-1.4511052886409412,-0.753572592614131,0.944685437834144,1.7787400365301544,-0.9074148157189045,-1.462976537652699,1.6506395643812892,0.8094477321252135,0
0.49603230990202846,-0.5515690921671884,0.6067013569502335,-0.7663187212012302,1.0663193614976105,-1.6753764569310314,-0.758463386333662,-0.09628702926043861,1.1509164823639848,0.9063705105120422,-0.20098054890776826,-1.462976537652699,-1.0606049721242676,1.0472695811703934,0
-1.5238557090012341,-0.4656101582283975,-0.4835518014218672,-1.0061981065439818,0.2113316404364333,-0.8331857681491299,1.6806476262115677,-0.04068386099485346,-1.6082305989924663,1.3017466462447558,1.5651051181200724,0.6884595471306819,-1.5689633227190596,0.6097447362779097,2
-0.3960527448264391,1.6457542369888318,0.3140998695483423,-0.6165554964816314,1.1575366606179642,-0.16786295062911277,0.3555032454863345,0.7875492627856155,-0.06606759051235464,0.547503872737069,-0.20098054890776826,1.4056049087251423,-0.04388827093468376,0.6056352370193672,0
0.4644089823518082,-1.5987607840208014,-1.6944086256490907,-0.8691386095824423,0.4791402861319815,0.6727012816417367,0.7473641673698063,1.6092506772784885,0.5676292224189141,1.2747329553999385,1.2118879847145043,1.4056049087251423,-1.3995105391874623,0.5967955716105946,0
0.04410990042697215,1.2327405611516296,0.46016198793658897,-0.9619912599694834,1.012675524146164,0.8119555387632656,-1.6780728910825502,-0.5374453633430892,1.217809509981179,-1.363104563266403,1.5651051181200724,-0.7458311760582388,0.8033756467233027,0.04843786605530565,0
1.2542611445571277,0.24536769052503313,1.414252873700752,-0.22882872576706875,0.36438743192329553,1.719275994815085,0.08597327765699705,-1.5456937316093544,-1.5499231151085977,-0.5285487295862455,-0.5541976823133364,-0.7458311760582388,-1.230057755655865,-0.4905368548286101,2
0.5768565818871217,-0.23421793207023492,0.3791972908748642,1.4578983921835276,-0.2789452330673394,-0.729815476721628,-1.5738878036826547,0.04889705625266915,1.2972378277226253,1.3461334877475006,-1.613849082530041,-1.462976537652699,-0.21334105446628107,0.8215245025055242,1
-1.1209997515102723,0.7472864813317521,1.2779897868545578,0.058267254408460735,1.6180493129000284,0.1375387956603379,0.2621696324716459,0.21803665795832233,0.2194459379676342,-1.04654995537735,1.5651051181200724,1.4056049087251423,1.1422812137864973,-0.7219459474449571,2
-1.437330044119239,-0.06967573496900034,0.7626345909555775,-1.056255716962834,0.1639832415400196,0.1205986431669434,1.4761002597928266,-1.1023912843623012,-1.0251312146586187,-1.4841662972259528,-0.20098054890776826,1.4056049087251423,0.46447007966010817,0.15165561236502925,0
0.5211208259784498,1.2546268083267516,-1.3143181699140571,-1.4437194381065053,0.3871543937635663,-0.3211180563492806,1.6406380153263447,0.9765499454907229,-0.599948429031245,1.0330192733988282,-1.613849082530041,-0.7458311760582388,-1.230057755655865,-0.2401462550133904,0
-1.5882161951363756,1.3480327614304148,1.3769634914836206,0.7186447565688482,-0.9544808367308066,-1.1392575618545113,0.1631411378928318,1.7647755321630612,-0.7251752799872295,1.2009809041044743,0.1522365844977999,-0.02868581446377844,-1.0606049721242676,-0.8007156041450602,0
0.32712975389295246,-0.29206711263614005,-1.5005804886288234,-0.3756862654384357,0.4588797984030059,1.6571243290501823,-0.12122030137584155,1.6272816618166752,0.1572611999650527,-1.1848524969784702,1.5651051181200724,-1.462976537652699,-1.0606049721242676,1.6959792068464954,2
1.5410519244391476,-0.7882021051748648,0.10863550893785384,1.1575360748477865,0.27035710922462003,1.2276508738758491,1.5598267363052312,-1.0017300633893023,-1.5413726613774497,1.2678568493015667,1.5651051181200724,1.4056049087251423,0.12556451259691354,-0.864631349758083,0
0.2918499187605193,0.29219259077739695,-1.2400442743406719,0.5906689219987684,-1.0788387270308097,-0.000454803029434383,0.6226105145162927,1.3800259607313397,-1.1625956710178302,0.6736334993417579,0.505453717903368,0.6884595471306819,-0.5522466215294757,-0.6838659202720366,0
-0.34962220532389054,1.3879633578896153,-1.6889860080510801,1.0681704460702597,-1.5157621188872281,0.36250085031181756,-1.4793723116054893,0.7800032749376282,1.1563417764209218,0.08257694519995487,-1.613849082530041,0.6884595471306819,0.12556451259691354,-1.2121466873595101,1
0.5240967378114466,-1.0147626993668013,-0.2766385290440833,-0.762814775351266,0.38460718709847735,-0.9382573025772237,-0.09524977336010561,-0.10016456427821235,-1.2545232747567532,1.1824144579319478,1.5651051181200724,-0.02868581446377844,0.12556451259691354,1.1533787675420801,0
-0.10960486689535621,0.3970270675332805,-0.7137502468378074,0.705383800138008,0.9404201204505874,0.15679831889633422,-0.8738731455940351,0.20451587956674014,-0.8972221518606608,-0.2749730551008105,-0.5541976823133364,-0.7458311760582388,-0.04388827093468376,0.30790662764745025,1
0.18959552630299722,0.42645291957923204,-0.05646679799410813,-0.7903480845880214,0.10219557606886553,0.6798323000227726,-0.08116516558457727,1.2895568363762526,-0.11742950982294229,-1.0737163587935745,1.2118879847145043,-0.7458311760582388,-0.8911521885926703,0.402506654808066,2
1.5452800214218758,0.7741843748140509,0.25744144799135243,1.5669621074194986,-0.9325564547378321,0.05778422141952665,-0.13067934757813668,-0.007850767385972655,0.10856049473594284,-0.7515361627411246,-1.613849082530041,-0.7458311760582388,0.46447007966010817,1.144726256732382,0
-0.35670217213143035,-1.2855936986660705,-1.578730297955374,0.5098698818574091,0.6014537891295054,1.701506268932561,0.3067659480720986,-0.38333573806922716,0.9823477426430316,0.029676151865692356,1.2118879847145043,0.6884595471306819,0.29501729612851085,-0.5635977115762524,0
1.6128359998721369,0.71498756944535,-1.3059028990888462,-0.5792405363692537,-1.4441854642060536,0.3905106365702151,-0.471490535799077,0.038195043809181,-0.1388344045467067,0.12246214383031143,0.8586708513089362,-0.7458311760582388,-0.04388827093468376,-1.0975318760557256,0
1.4215976645432136,1.3765581324219824,0.19356657955872728,-0.771315598074099,-0.18234295708810433,-0.4410679823263552,-1.1362264736785754,0.3397778523461217,1.0754167190613493,1.0949381953334052,-0.20098054890776826,0.6884595471306819,-0.5522466215294757,-1.0804646555814374,0
-1.0084734105653168,-1.120839541865838,-0.5480983670021341,-1.0457572165962024,-1.1537398381235686,0.9468513219910909,0.035949586379283006,-1.0299223987087727,0.4673970674625776,1.044486098644765,0.1522365844977999,-0.02868581446377844,1.481186780849692,0.8301961186387471,0
-1.441465258778685,-0.9227178094434685,0.7805344745083252,0.7133533052954432,-1.0801620308834181,-1.1347579356279611,1.163353410131339,1.4697275425446135,-1.323664393382629,0.29988630694485696,0.505453717903368,-1.462976537652699,1.481186780849692,0.4063546901016357,1
-1.3338705970275748,1.5900965862728405,0.5159072391935772,-0.9487102114703712,-1.017947234441517,-0.3942176346046296,0.5894683280544363,0.6735788453774126,-1.1704112396308715,1.007015225922324,-0.5541976823133364,1.4056049087251423,1.481186780849692,-1.052089805531172,0
-1.6166056920784253,-1.1164092337819869,1.1812894654251551,0.36643848610651564,-0.3746453268510082,-0.5241496216324244,-0.5350379810317475,0.5298918077068062,-0.175342533503057,-1.0815901264989132,0.1522365844977999,-0.02868581446377844,0.29501729612851085,-1.2712393261599453,2
-1.3555665912584327,1.1894374525011726,0.6542796657021009,-0.7883468619278168,-1.5451931534163565,-0.23060838673390965,1.527042065264792,-1.3444949598129465,-0.31765120251812573,-1.5840824689174193,0.505453717903368,0.6884595471306819,1.6506395643812892,-1.3584295147925036,0
0.6601232593541277,-0.05047000023060494,-0.24945768961179154,0.5992535559903842,-0.3359718725432157,0.9801597203668707,1.446529778335167,0.42772239205207974,0.911214522433403,1.336250504841261,0.1522365844977999,-0.02868581446377844,0.8033756467233027,0.45529479912264914,0
-1.435207031715583,-0.8895455567105461,0.5870704843987565,1.1334700271007072,0.06140279523726369,-0.049442824672327836,-0.9805645154570017,-1.2691208247444794,0.33407536999978954,-1.4936964011416134,0.1522365844977999,1.4056049087251423,-0.8911521885926703,-1.7896529804280183,0
-0.5865960677861135,1.245472917171452,-0.7814183468914657,1.0045543894995954,-0.03771294344466383,1.0224867122874597,-1.567365009992114,-1.4175307846053793,-0.3486916768584241,-0.8868645548346868,-1.2606319491244726,-1.462976537652699,0.6339228631917054,-1.724556728054636,1
1.2144841651061138,-0.2113109685068946,-0.674949307761826,0.9445783172500961,-0.3883300671573915,0.2699338081737068,0.8563864444214063,0.15781148762258343,-1.1192620582940622,0.7039554372825704,-0.20098054890776826,1.4056049087251423,0.29501729612851085,-0.39680934780860394,0
-1.5993102766580682,0.02670849293049332,0.9864062085068953,-1.056947101088771,1.2036330806968842,-0.5410654244125263,1.15440063447882,-0.27946957576433396,-0.9204739109409859,-0.309727985711009,-0.9074148157189045,0.6884595471306819,0.12556451259691354,0.6825908128540515,2
1.1103480730842759,-0.5060335300800977,-0.19270449419637484,-1.4038611021819225,-1.216670336880958,1.0777168934417982,1.6387230080156008,0.3737716064320167,0.3155137097799855,1.345754164728836,0.505453717903368,1.4056049087251423,-0.8911521885926703,0.695786648680995,1
-0.7137260919380014,0.2942488676779153,1.0187444134786645,0.7283975826140358,0.04043521346056674,-0.9001026220975452,1.369278234062814,-1.380573161104009,-0.2235355145557326,-0.7049880994461323,-0.5541976823133364,-0.02868581446377844,0.9728284302549001,-0.25172488433383045,2
-1.2743248885742462,-1.1761710996409123,1.1014970745762598,-0.42615509482513814,-1.5072005339716439,-0.9482143066848189,0.3702696794763921,-0.1804516309789626,0.10078512860738786,-1.719513457868275,-1.613849082530041,-0.7458311760582388,1.3117339973180946,0.6816027551755096,1
0.7071465575908954,-0.39698080783320033,1.2224488057863903,-0.202652764294214,-1.475406578826551,0.020890611493421515,0.1268816608352003,-1.080106207098957,-1.1195557488102708,-0.6954996920318235,0.1522365844977999,-0.02868581446377844,0.29501729612851085,0.0736648797058676,0
0.4749672815973466,1.5833072897189462,1.4257776795405999,-1.6037446047571957,0.27823455627420474,-0.8220553572410059,-1.6073407837926375,1.7723990983990858,0.6253587555514127,0.28821479435267366,0.1522365844977999,0.6884595471306819,-0.8911521885926703,1.7039960979691404,2
1.3261200507916235,-0.8522143080426005,-0.24582932972749083,-0.8060128203219402,0.25085980295818344,-1.6930536631664308,-0.851733374413398,0.27664103561019143,1.2975918070212282,-0.4285511133200586,0.505453717903368,-1.462976537652699,0.9728284302549001,-1.2090253627439502,2
0.8384308942141697,0.5126606998233013,-0.6317407907737791,-1.594918532391869,1.3392851517888669,0.5183634265113352,-0.11635151229992456,0.7201070030437539,-0.8102182030542967,0.13502175678170744,0.8586708513089362,1.4056049087251423,0.29501729612851085,0.3582572465314665,2
1.0727183429098321,-0.6226027214639699,0.27464752009237126,1.3578350600847064,0.2224478707743722,0.043692526293006115,0.4668519296606286,-0.5511510580640807,0.017786783656274875,1.346761741703348,-0.9074148157189045,-1.462976537652699,-1.3995105391874623,-0.03312251463866243,0
-0.7131103276171125,0.9123831947674224,-0.4517049349575422,-0.8625170580227693,1.6244859229077167,-0.18317468606160128,0.22080621867173228,-1.3612006506197023,1.733577194161827,1.4740149082912204,0.1522365844977999,0.6884595471306819,-0.721699405061073,-1.094552873579611,1
-1.0713232068743743,-1.2879701384309894,0.3396167030916215,0.2338503309074561,-1.5537583579283996,1.6208398028841673,0.8609697764365585,1.7329667564810072,-0.5432773914722805,-0.8184787179017359,1.5651051181200724,1.4056049087251423,-1.0606049721242676,0.892323498355778,0
0.8916643643221073,1.5847068153947486,0.699345886266224,-1.5763992738577945,-1.3817367371435918,0.25163345871519555,-0.7373971459048804,-0.6886619731620824,0.38480043668927344,-0.12288305336459843,-1.2606319491244726,-0.02868581446377844,0.46447007966010817,-0.8047008340868975,0
1.0842043336890157,-0.18225954715361317,0.6402094328477849,0.616290446409568,-1.5699059956522012,1.2626426921398066,0.2473983244478976,-0.2056468048665205,-1.4048575069630824,0.18562688481405498,1.2118879847145043,-0.02868581446377844,-0.04388827093468376,-0.4248615972920067,1
1.7132313969978736,-0.9278295829928419,-0.4400693816975378,-0.5844246635798238,-1.0773092410855512,-1.24204822040641,-1.3991103370946643,0.5881665323305683,0.4236835109824226,1.6038937324581923,-1.2606319491244726,0.6884595471306819,1.1422812137864973,-0.44946578387561015,2
-0.2658945246439816,-1.4844369727581888,-1.1549474576767906,1.4232573470353085,0.16452842579239219,0.24473942778346935,-0.27502214492524085,-1.6071575578018693,-1.4068565858172848,1.7794353443772577,-0.9074148157189045,1.4056049087251423,0.6339228631917054,-0.916660475054421,1
-0.40493838360458084,-1.1548248724123225,-0.24739847542490137,1.3890295392846874,0.5283730661130962,1.2783771540649027,0.8869543618278231,1.1514075185344106,1.6758236441231105,-0.9268670230553654,1.5651051181200724,-0.02868581446377844,0.8033756467233027,-0.24962522407485405,2
0.9800170410082419,0.043680588461092344,-1.2384712108310694,-0.5765206869118096,-1.564606121529625,0.29282552303187825,0.6909523347692876,0.1903543551316097,0.8123762642701867,0.8162233838697538,-1.2606319491244726,0.6884595471306819,-0.38279383799787836,-0.09711788612380606,0
-0.511840713109996,-0.5821529199371284,1.3344332116477742,1.4338798388967215,1.5762761375305139,0.7595556392836251,1.7173799731746102,-0.7169015858597092,1.0693732133757103,-0.42113055698533564,1.2118879847145043,0.6884595471306819,1.3117339973180946,0.8716910687795371,0
1.508609460485107,1.102115856176713,-0.5387701786795281,1.766333432035458,1.2141636747968017,-0.4373667037250218,-0.7438746246795269,-1.4775426382385106,0.771402982256001,-1.7328573870997428,-1.613849082530041,-1.462976537652699,-1.230057755655865,0.9462516811565423,1
1.2608466522062856,-0.2606793619502143,-1.1976298132106196,1.1700549043032438,-0.6889289076265582,-1.404652237142338,0.016853072242035156,-1.1232575831289862,0.36595097275994276,-1.7287996694874381,-0.20098054890776826,-0.02868581446377844,1.1422812137864973,-1.2229892094946235,0
-0.20980945330681217,-0.8844668720136707,-1.6416889823100942,1.2379995562032702,-1.4543652248614447,-0.14033616946299832,-0.5655552319213788,1.4491009592928252,-0.12968724026706266,-0.1284660251278489,-1.613849082530041,1.4056049087251423,-0.5522466215294757,0.3300202600875205,2
0.8925421856428843,0.3770930791430119,0.49364004291377583,-0.8429182103379453,-1.1309945408380602,-0.35974757347591907,-0.18200198562470715,0.7151464118533398,1.3182751674843323,-0.029998961522254952,-0.20098054890776826,-0.02868581446377844,0.46447007966010817,1.4152458481274224,0
0.9051172412602753,0.6840067748639774,0.46293717230391496,0.30147909110177423,-1.2807946015114384,1.2751962379546948,1.2557162753875277,-0.8163336748389126,1.6673166460304198,-1.6815776774077325,0.8586708513089362,-0.02868581446377844,0.9728284302549001,-1.400993307751076,0
-1.3258365638007976,-1.1641248388584011,-0.5569208534367324,-1.4776495549827435,-1.2935642639044802,-0.8803633784217731,0.659211534605493,-1.4635216636357058,0.04445152593260806,0.6741995075567494,0.8586708513089362,-0.02868581446377844,-0.8911521885926703,-0.09866238355619067,1
1.4120160924515748,-1.1621480516002742,-1.48244788321377,-1.381046086849438,0.08531295387738004,1.620029261652604,1.3437413198530568,0.7312683970788094,1.5776278377654673,-0.7190882241330347,0.8586708513089362,0.6884595471306819,-1.0606049721242676,0.8936206891299534,0
0.051357082727770766,-1.6105321858696326,-0.3193377873999657,1.7758845971457193,-0.8660163567182432,1.5902901072304498,-1.0007216911347891,0.31617272156986503,0.3432771820427545,0.22374257381987764,-1.2606319491244726,-0.7458311760582388,-0.04388827093468376,0.39697038753254377,2
1.1514074652490482,0.7854463604452417,-0.6580697560167297,-0.5718108925950064,-0.4742988973518807,-0.8677830686394975,1.3123862554587273,-0.2733805256187982,0.18393730562676303,-0.6945655740092606,0.8586708513089362,-0.7458311760582388,0.46447007966010817,-1.4303246701445034,0
-0.5829179756785834,0.5368620833220645,0.6013686091469648,0.9003401715896113,1.728140562437331,-0.5203682535453941,-1.497111279659947,-0.417032601188978,-0.11348710117351471,-1.1689592202435226,-0.20098054890776826,-1.462976537652699,-0.04388827093468376,-0.37158376542327703,0
1.3879411312281953,-0.11089580964539648,0.3558115942535717,1.1045725615569304,0.6635198906048095,1.3737796714089618,1.365006266642184,-0.9325229655860289,-0.9826850173118731,-0.317792174659747,-1.613849082530041,-0.02868581446377844,0.6339228631917054,0.024105349499368406,2
-0.3460887004539436,1.154461035496332,-0.4743487993209447,1.283929725716115,1.5867753663395843,1.6196417627009936,-0.5671320691889975,0.6575109250310964,-1.71140862744482,-0.9379796094275064,0.505453717903368,-0.7458311760582388,0.29501729612851085,1.7716441945262051,0
-1.6418947170099232,1.0226304640547037,-0.9792941362723829,1.771469259235598,-1.2263336123716495,-0.1903662114481424,-0.6171552371524953,1.7146965728995227,-0.8684729567638733,0.1347672328294428,0.1522365844977999,-1.462976537652699,-1.5689633227190596,-1.151271837115067,2
1.4217049775619344,0.26823739943638253,1.6715389427824008,-0.8691530771672588,-0.3905787622958232,-0.6139676088254109,0.06484968168867304,-1.0768455947484736,0.08233614055325142,-1.0565732159798085,-0.20098054890776826,0.6884595471306819,1.6506395643812892,1.7236399287374087,0
-1.3663761066019071,1.2369857618800506,-0.16660689485626445,-1.5716095932170848,0.21148784457469239,0.09558729467675985,1.5448851796497651,0.40294003808947104,-0.37766480966785787,0.04117196396571228,-1.613849082530041,-0.02868581446377844,1.6506395643812892,-0.4447475070977282,0
-0.5854384738895101,-1.0312704273089948,0.6397592788459247,-0.2765308826949921,-1.4558633710836892,0.6549199234585525,-1.5384834324873697,-0.20432339281176187,-0.13474780964822242,-1.2035527688142589,-1.613849082530041,1.4056049087251423,-0.5522466215294757,-1.0736150681455565,2
1.5747232258880899,-1.3528715121031125,-1.2454969389125967,-1.2582480552145185,-1.7090168355928341,-0.7783768868846855,-0.4871662672543659,-0.12529991621312248,1.7517303698285396,0.6176320549239356,0.1522365844977999,0.6884595471306819,-0.21334105446628107,-0.3089830393074574,2
1.5765903362010993,-0.8124388348747636,-0.05788075112726755,-1.6342084550858076,0.6151015542854512,0.8234165126415538,1.2544104884651204,-0.801425046525851,-0.48290507582663167,0.9118143571002166,1.5651051181200724,-1.462976537652699,-0.38279383799787836,0.4059253916680573,0
0.28487611490286396,-1.5406268092851718,-1.634498783592477,-0.45381528524770987,0.5152823680595506,-1.5457770788920686,-0.33583613345080543,1.2036449228023711,-0.12163969822279043,-1.3701565320708808,0.505453717903368,0.6884595471306819,0.46447007966010817,-1.0264868023750722,1
0.4848797886440255,0.08270069753759708,0.01049600444243827,1.024505800228822,-0.2906391637745832,-1.5539516609229211,-1.0157575339486578,0.010130867784474177,-1.251291860284544,-0.10280611925903109,1.5651051181200724,1.4056049087251423,0.6339228631917054,-0.7477221105660515,2
-0.14319275107720905,1.4709726525218778,1.5888670795618374,0.2647343651879927,-0.015562496807752487,-0.3880875865894854,-0.236592964800067,0.21433025317940801,-1.554587957585053,-1.5103013367509341,1.5651051181200724,0.6884595471306819,0.29501729612851085,1.2662766516002963,0
-0.6748345269925364,-1.6013824826968959,-0.4068409195516252,-0.620218263833685,-0.2744036058971831,-0.5016129055477611,-0.372101272908395,-0.6236911067729088,1.0241744430684125,0.3595145537246871,-1.613849082530041,-1.462976537652699,-0.38279383799787836,1.7829599929327047,0
-0.5534138582068784,-1.3179784722877843,-1.5950559062052543,0.57261816523773,-1.6398856289618162,-0.6325243535526891,1.4576097334720828,-1.0554487514659514,0.29843481368076397,-0.8240450273202478,1.2118879847145043,1.4056049087251423,1.3117339973180946,-0.6521072206656506,1
0.6242032888154949,-0.18770569361391645,-1.622730343457032,-0.9022539510559877,-0.5537225834643038,-0.02575582793252271,0.9276104415426963,-1.3922027488272137,0.9720473461970077,0.10931967384288388,-0.5541976823133364,1.4056049087251423,0.9728284302549001,-1.25767904723931,0
0.8976911810717694,1.4616224279214414,-0.39383000058517664,-1.6623018850488034,-1.10589505374745,-0.6148790884020939,0.04077063421087948,0.8138040268104895,-1.1933420850166188,0.0732806290546914,-0.20098054890776826,0.6884595471306819,0.12556451259691354,1.0467616123597654,0
1.0319572365936864,-0.6535363020640954,-1.1784744357831334,0.9568084679235527,-1.380283814262722,-1.0593543935362795,1.709533775592014,-1.004791310371209,0.30249586659053357,1.516102787093444,-1.2606319491244726,1.4056049087251423,0.9728284302549001,0.3575005121836371,2
1.0252416213617526,0.0007447634140961657,-1.648902254861854,0.4657582342255086,1.6137745684628546,-0.6538482165158883,-0.09679695504866198,0.729372289395127,-0.825450863110574,0.18541131722588416,1.5651051181200724,0.6884595471306819,0.6339228631917054,-1.4309845964508854,0
-1.366652052321465,-1.5937489747347033,0.8736065704546901,0.9496466375568657,0.367166730577032,1.6482944074240726,-1.5023754462580114,-0.32304511031054245,-0.9161323889682734,0.305673017490402,0.8586708513089362,-0.02868581446377844,-1.230057755655865,1.5961266746650087,2
0.01425984952105129,-1.2281519107475067,-0.15104428163971143,-1.576543518807103,0.8182014977270455,-0.3022003802557194,-0.797802150722081,-0.23385669507299142,-1.6837356864991018,-0.3373679745143698,-1.2606319491244726,1.4056049087251423,-1.3995105391874623,-1.5109269367929004,1
-1.4818861295631531,1.6422635246020023,-0.7336998533541851,1.210928396850378,-0.6235174942001611,-0.18595979989311603,-0.19765395428207858,-0.04632873287200553,-1.262546388375766,1.6037772349639348,-0.9074148157189045,0.6884595471306819,-1.230057755655865,0.44655991053894606,1
0.2029935062685539,1.5686052948155251,1.3688055254248341,0.4510317009845838,-0.35217994497210114,0.270127846498237,-1.1616688488838964,-0.40264544128854163,-0.628262121347889,0.9942513279915733,1.2118879847145043,-0.02868581446377844,-1.0606049721242676,-0.2738317890160351,1
-0.1668750376030405,-1.7191852376969452,-1.3295299350395604,0.2550071823695041,-0.8971446836053085,1.677481366616716,1.568625531794453,-1.3405488154748837,-1.3102680447364576,-0.7495766239434783,-1.2606319491244726,1.4056049087251423,-0.8911521885926703,0.20073268123212398,0
1.3611627755149553,1.5230405105325973,1.5609917792548793,0.4687998798441348,-1.3853716711394106,-0.8886457672259661,0.9445811363299753,-0.6065865500594729,1.770200214770349,1.2319137239648184,0.1522365844977999,-0.02868581446377844,-0.04388827093468376,-1.0274996835909675,0
-0.4772113464218911,0.45233848437754676,-0.6486069347565543,1.3063151420718864,-1.0990948799306641,0.6324771213458201,-0.7770386408262989,0.6368737212441761,-0.6305147902794325,-0.2283540983477378,-0.5541976823133364,1.4056049087251423,1.6506395643812892,0.6710046068516274,0
-1.278084628527903,1.235777086882432,1.328604657829273,0.3372194381612872,1.0584031273729784,0.7525344202190929,0.33666949606120344,0.6440726082705643,-1.2626058611191433,1.1768010493912993,0.505453717903368,-1.462976537652699,-1.3995105391874623,1.642436976076475,1
-1.1892988685861015,-0.17900553397425234,0.3460488004858232,0.31631422092090594,0.6399090268202925,0.3766125668580979,0.7878079788849012,-0.6887839238971651,-1.018862573048904,1.1563087555760252,0.1522365844977999,-1.462976537652699,0.29501729612851085,-0.15048048517619864,0
0.9289801394538583,0.02937478733943961,1.116245993609563,1.7472009307559269,0.18426831515826683,-1.4180449895501217,1.5469182047910068,-0.07819588466776957,0.35876963518391314,-1.0918849731245936,1.5651051181200724,0.6884595471306819,-0.8911521885926703,0.08032482223247198,0
0.43823747131573065,-0.062219185245280494,1.6576924578905177,0.9301860682113177,-0.0663330020446897,0.6172208263604855,1.3409586074462692,-1.0145782789011766,-1.4975650247442627,0.7246005845247443,1.2118879847145043,-0.7458311760582388,-0.8911521885926703,-0.9323716852918211,2
-1.3326901687187882,0.5473390402830408,-0.7365888409182995,-0.16791305488799924,1.4941716503089544,-1.5027487222838418,0.07556712004075979,-0.9551452618103179,1.3326702252125546,-0.7310040924233675,1.2118879847145043,-1.462976537652699,-1.5689633227190596,1.3997599198391768,2
-1.3909654410618388,-1.2579143893185172,1.57894750707396,0.7579009444969702,-1.4698974981104138,0.33792804670335547,0.9715287381179649,-1.6129524036011862,1.6838502201970453,-0.70671541764834,1.5651051181200724,-0.7458311760582388,-1.0606049721242676,1.6834056848931487,0
0.7216400261363148,-1.6334665468604601,-0.38868374712564985,-0.35322495701705187,-0.7447835986379713,0.8341689801817294,0.23770231951691703,1.455115214990482,-0.8498933149694438,-0.7107740840226964,-0.5541976823133364,-0.02868581446377844,0.29501729612851085,1.0221764338614616,0
-1.4298152336131675,-0.6817038730186483,-0.4023484504673946,-0.9132291947280989,-0.5029100635940457,-0.9946183238165525,0.20510138389411378,-0.9539703441348732,-0.1290403356488603,0.8112178409109189,-1.613849082530041,-0.02868581446377844,0.29501729612851085,0.1511955593123116,1
1.1356624499055936,0.676828213216037,-0.5576679818120112,0.3718466657736111,1.0057697260047578,1.1871901503882618,-1.3072569204365045,-0.8948802037622071,-1.6461295673365772,-0.9466576867758075,-1.2606319491244726,-0.7458311760582388,0.9728284302549001,1.6319831167532879,2
0.7396991137830143,-1.0449250860754715,0.1342444476565738,1.5289438396286241,1.7386380804648878,-1.6194789949314032,-1.2679055983377225,-0.7120406935094293,0.5466754903955132,-1.7583965788841558,0.8586708513089362,0.6884595471306819,1.1422812137864973,-1.2398202838053578,0
-1.4004110166039785,0.569829422326322,-1.19871302431036,1.5322874228741417,-0.8840754173043749,1.194769651527423,0.12509041648382588,-1.2464802154156807,-0.25725749379649465,0.7745832663193003,1.5651051181200724,1.4056049087251423,-0.04388827093468376,-0.07871645695963253,0
-1.3884622566227662,1.5850184160539411,0.17659438706618155,-0.5184976796446192,1.326286846527599,-0.1319336298952756,-0.775055329746682,0.5509401124418664,-0.7672573946786826,-1.15459661429065,0.8586708513089362,-0.7458311760582388,1.1422812137864973,0.13271252523164145,2
1.6999927694349324,-1.4145708392525425,0.1352674272712172,0.1302704075362239,1.1738987114374544,-0.9717224741341411,-1.6308366865179453,-1.430013483744517,-0.9913723923213404,-1.3911195989210274,-1.2606319491244726,-0.7458311760582388,1.1422812137864973,-0.030698867333584196,2
-0.39722339244848665,0.566986303561011,0.8931853462009947,-0.9734345409507884,-0.9399351601659229,-1.2616714268287177,0.7926080508889624,-1.222621279533378,0.5938685627439743,-0.9193890758447383,-0.5541976823133364,-0.7458311760582388,1.3117339973180946,1.0798359190611484,1
-0.40965064362666637,-0.21663563522088453,1.140142425458159,1.7644945242718448,-0.330602778990865,1.5735769111372733,-1.5912989118925958,0.5702321960548952,-0.24913616517245343,-0.4145015508141797,-1.613849082530041,-0.7458311760582388,-1.3995105391874623,0.6076722860590209,0
1.104632438478921,1.2365439577651212,-0.21328133764702553,1.713810392505629,-0.2945319824243034,-1.4730968578479509,0.35211314772985425,-0.5011379088345869,-1.0877157461471738,-0.07407006560571876,0.505453717903368,-0.7458311760582388,-1.0606049721242676,-1.3370731803202565,0
1.565088041264951,-1.1295139932776719,-0.6886493234734377,0.5557397219992304,1.6887754299218285,-1.0357062448537242,0.15844868585120483,0.7921329486328293,0.718245833761028,-1.6035656257546,-0.5541976823133364,0.6884595471306819,1.481186780849692,-0.5509664872238117,1
1.6978060098536603,0.6355508018052993,-0.8366496207639654,1.0967114674700336,-1.0926055834093042,-0.521162607141142,1.642003952693504,0.2635587487167507,0.2785446192106296,1.6799928578213716,0.8586708513089362,-1.462976537652699,0.12556451259691354,-0.5773418300504204,0
0.9011284614633052,1.1337272958629516,-1.059385045622392,0.7848025234716606,1.064137755570175,0.42127758827648293,-0.03140902509051891,-0.7948447171518227,1.3193339487166549,0.7775129274076649,1.2118879847145043,1.4056049087251423,1.1422812137864973,0.2329514963375328,0
-0.3904122646186315,1.4983950056875928,-1.5308572167509436,0.3589473864937792,-0.5578349999279156,0.16030641188180292,-1.4838539885266293,0.5915517988144748,-1.3081512339779298,-0.6155796350675483,1.2118879847145043,-1.462976537652699,0.29501729612851085,-0.7476529596948115,0
-1.3930411519002865,0.6034394364570268,-0.5505744529645442,-1.526219864598454,0.8259249726375303,-1.2898141277903268,0.20159322867880838,-1.2855795478751404,1.0605350539738958,-0.6315250775019255,-0.9074148157189045,-0.7458311760582388,-1.3995105391874623,-1.370645451328933,1
0.9825306614284451,-0.03370228183014455,-0.7990877887336492,-0.12436247509715433,-0.2584687001300217,-0.7221462740657562,1.200969811831309,0.18976508721074067,0.6629723101817177,-0.17110056919359135,-0.20098054890776826,-1.462976537652699,-0.721699405061073,0.5478710615070024,1
0.2333895102839884,0.3794976968365394,1.5971278047174182,0.644015328515476,0.2939110074835808,-0.8985039358620878,1.7388122538874968,-0.1588025775370041,-1.3168893408949327,0.45902225266914076,0.1522365844977999,0.6884595471306819,-0.21334105446628107,1.25372441785287,2
-0.22615247049666365,1.2391556557387844,0.1903532315893164,0.6536027196580525,1.1808371324847455,-0.9857168800163902,-0.2174313343815057,-0.7532240041071294,0.7384932019880756,-1.2425775038022953,0.1522365844977999,-0.02868581446377844,-0.8911521885926703,1.541893610822589,1
1.425035243975932,0.21774969971197636,-0.5339528311861178,-0.4094780552883852,1.0816061163163104,-0.3020934109886971,-0.5974337896411749,0.4271291438070268,-0.15934228722980795,-1.0916735389425574,1.5651051181200724,-1.462976537652699,1.6506395643812892,1.6884272480688611,2
-1.2981863746800508,-1.6320507664943653,0.2686889181601384,1.576124123381787,1.2987839798541125,0.7111809042326237,1.4273499084658186,1.3658755214333707,1.625306151819146,1.285900754773972,0.8586708513089362,1.4056049087251423,-0.21334105446628107,1.0036496101244181,2
0.008111718813919698,1.4516022788802698,-1.2501652063261652,-1.128068642560656,-1.5156566723448024,-0.9721895477670924,-1.0430885986666412,1.8138519721447859,-1.2225928547144913,-0.8529422747710924,0.1522365844977999,0.6884595471306819,-0.38279383799787836,-1.2904204046431864,0
-1.6401275637982227,0.6249386895167603,-0.20088188321630523,0.03486829291042417,0.6905070134376206,-0.4559264162259272,0.4217017447044869,0.44032486618439265,0.5542019560853566,-0.4134573557931373,0.1522365844977999,-0.02868581446377844,1.6506395643812892,1.2611454126721033,0
-0.07396081501816218,0.5803790482869401,0.42621793750124753,0.7002328792892963,-1.235295867428145,-0.37207056903312746,-0.30247866646054217,-0.2727261426988837,-0.3705037296815321,1.3278750787163254,-0.5541976823133364,0.6884595471306819,-0.38279383799787836,-0.3595881017848729,1
-1.4861858621950905,-0.9975975890450163,-0.04649416266507097,0.7220660040646568,-0.27309348621777835,1.6536646053003168,-1.5616162372647209,-0.9030508718531117,1.6672422133983857,0.5898783539051705,0.505453717903368,-0.7458311760582388,-0.721699405061073,0.8205089241250142,0
-1.2720882166487668,0.5200185207104138,-0.3463578062249535,0.5527015348248284,0.19005740825031567,1.5782791719336853,-0.5042335772989635,-0.7910700599142605,-0.5548581146666647,-0.5499164502334734,0.8586708513089362,-0.02868581446377844,-1.230057755655865,0.1100452274958595,2
-1.2765118747590396,-0.387451862636237,1.6915452977566052,-0.751142975192862,-0.31871822143646,1.043670344258865,-0.7876007847602737,-0.010238508156124725,1.6862828553521159,0.6627536482799904,-0.9074148157189045,1.4056049087251423,-0.8911521885926703,1.1734988484562165,0
0.5443784535724244,0.4938152793160403,1.3007626347805246,-1.1670091588024702,0.08897570180293363,-0.8884463403139398,0.6657106780891117,-0.40415825501326075,1.471105668167975,-1.6918129863839793,0.505453717903368,-0.02868581446377844,-0.21334105446628107,-0.26822200565225696,0
0.8760136478362917,-1.3711105220885327,0.4164827131551828,0.5083543914720068,1.7526323511661495,-1.4891088651802533,1.5728569510798474,1.5150508069372537,-0.7661061120151952,0.8469411723080389,-0.9074148157189045,1.4056049087251423,-0.5522466215294757,-1.5690668123715277,1
0.31888698593048465,0.5164568434371086,0.23051632057316174,0.38040358190064955,-1.2519356316408834,-0.6281274616903536,-0.7778674473999474,-0.4005842845622951,1.1239012179197003,-0.03467561330616536,0.8586708513089362,-0.7458311760582388,-1.0606049721242676,0.2014472556127547,1
1.6161990617035806,1.6860364260603962,0.40703277866843063,-1.0861648779651183,0.6326191627123726,-0.8014869437713761,1.098651497452339,-0.38250271333663,1.8047482132238373,1.1218920752592028,-1.613849082530041,1.4056049087251423,-0.5522466215294757,-1.1774429418404868,1
-0.39516927694414394,-1.571015464637991,-1.0363640211662295,0.7500158894974316,-0.34222469429948804,0.025813203570734206,-1.5123137260013,-0.3470711237070277,-0.8289230190206724,1.6234857808474963,-1.613849082530041,0.6884595471306819,-0.8911521885926703,1.663173784161587,1
-0.7005157254645509,1.6098850253129138,-0.3692163210642609,-0.12293885091488568,-1.2596362690939908,0.9661416839170999,0.15474417683791872,1.243976621577091,-0.17625200586779463,1.521188395812687,0.1522365844977999,-1.462976537652699,0.12556451259691354,0.09464826804199666,0
1.295732547285775,-0.3427888471237422,-1.5934604696054637,0.6194795955293924,-1.16989099280716,1.244968809237416,-1.4598591764468933,0.5914126360611236,0.1194074296627091,1.4625969211308447,1.5651051181200724,0.6884595471306819,0.8033756467233027,0.18977001842428748,0
-0.9132489711713501,1.245485069681488,-0.09245102922157243,1.2117925677636103,1.5877955036632292,1.1984064656531168,1.5218967283222282,0.46282034925357274,-0.679085632638137,0.05451883458179659,1.2118879847145043,0.6884595471306819,-1.3995105391874623,1.4548311305165742,2
1.6197950288493932,0.9429003964129882,0.13981008000481454,-1.1197870677827386,1.3447548660866886,-0.4801551458171111,0.9428627778571633,-0.5205134089939949,-1.6704818281699967,-0.48456381666164916,-0.5541976823133364,-0.02868581446377844,0.46447007966010817,0.4438018076436847,0
-1.637384913448473,0.20544508608624648,-0.9453657233225993,-1.6456666924406216,1.4404774687143123,0.6530695080116435,0.5685340993293171,1.178253728330458,-0.9442527685280375,-0.11261806386001913,0.1522365844977999,-0.7458311760582388,0.9728284302549001,-0.7073414706211026,0
1.6425912157679565,0.7924562488683528,1.58890645619831,1.0083167714113486,1.7352130401267218,-0.6422078552571752,1.1415759654014872,-1.5591662938722242,-0.7251492865009737,0.6847259577321035,-0.20098054890776826,-1.462976537652699,-0.5522466215294757,-0.7310712219019362,0
-1.5311987296295648,1.2720636581546865,1.4010619736998573,0.41670688872241524,-0.9969421961887597,-1.5137819895117688,0.5325171059496322,1.3639918384151932,-0.1520666379613641,1.3730005360276967,-1.613849082530041,1.4056049087251423,-0.38279383799787836,0.0038588723321953435,0
1.3729402889181697,-0.3522656428398867,0.75633635177471,0.7308098425398301,-0.4837188300672459,0.7026488664790587,1.642451852006484,0.10667935142970654,-1.1180490026304903,-1.0276461872804088,0.1522365844977999,-0.02868581446377844,-0.721699405061073,1.3094163845230724,1
0.12823861983187088,-0.6162916901087313,0.10663624504965287,1.2145441167386388,0.6108621197454897,-1.690491763234372,0.7619395376103686,-0.29539565238149523,1.3710271226447721,1.4942555426794406,1.2118879847145043,-0.7458311760582388,-0.5522466215294757,1.0523357865633474,1
1.7216551222359642,0.5498356798712336,1.265153078288485,1.091112910146024,-0.035939960239683835,-0.3088802916230682,1.4895253673516384,0.051959701129669356,0.7742629287797546,1.128977177414913,-0.9074148157189045,-1.462976537652699,1.3117339973180946,1.6532414557643833,1
-1.4262755441622699,1.0300806796557576,-1.2795748788744359,1.6432742005025167,-0.2641249972673519,-0.5849684092256798,0.08226512180167031,0.6498004523250287,-1.4225651992726094,1.7093628101683593,-0.9074148157189045,0.6884595471306819,1.6506395643812892,-1.5329708501519403,1
0.21780697063734822,0.8740738988021742,0.9916539988753259,0.1591082847515632,-0.47544471379961056,0.6743225485976432,-1.2992370828376205,-1.6490573061403968,0.5799347844147311,1.3597174062880892,-1.2606319491244726,-0.7458311760582388,-0.5522466215294757,-0.8303876566811496,0
1.6406175570529946,0.9957286598870114,-1.2996470005163843,-0.006563439714472649,0.3477047667601734,0.9264169635053433,0.12040828135644584,1.3666419738602489,0.5925689885992406,-0.7689657218102576,-0.5541976823133364,-0.7458311760582388,-1.230057755655865,-1.5032080353440633,0
0.11247354190561389,-0.24460029516808343,1.0043923848586827,-0.30902414619138163,0.2842609979688494,-0.672443303526295,-1.2653669290034901,-0.12512151530428,1.6651383109130053,-1.3858945893301997,1.5651051181200724,-0.7458311760582388,-0.8911521885926703,0.8962175419549748,0
0.4765282576364281,1.064281972531478,-0.7800883790307371,-1.1757940738405506,-1.1603988803126122,1.0834192624951409,0.342501717556395,-0.48952897144827295,-1.7138857840543973,-1.3636077435435094,-0.9074148157189045,0.6884595471306819,-1.5689633227190596,-1.2863743596185826,0
0.703761263145439,-1.3244872866755926,1.2896650056089232,0.28717763390462364,-0.07801917855775237,-0.7076547526691848,-0.03734875477742831,-1.20842346285381,-0.845692474912667,-0.7289462047340753,-1.2606319491244726,1.4056049087251423,0.8033756467233027,-1.4328259106301544,0
-0.1223169794609806,0.12830882788252665,1.5201120653378735,-0.74512120261834,0.20709239878100238,-0.18037743641802903,0.44637978593739214,-0.15066529548831617,1.5643571616470537,0.41625423708953996,-1.613849082530041,-0.02868581446377844,-1.230057755655865,0.21878829048448745,0
0.47022478789625655,-1.7163819606868653,-1.217124532455012,1.5049358759481466,0.2657499760571887,0.7907071476659341,-1.6687867860550485,0.048994136699227975,1.5797507740045504,1.0904685280714952,-0.9074148157189045,1.4056049087251423,-0.38279383799787836,-0.3183693087263828,1
0.32212525695450844,-0.6246717070175855,-0.1367510485131537,0.32413840526201176,-0.9906917173628373,0.6727404381656832,-1.03066283027281,-0.2764455399279601,0.8298306527120805,1.427085197580435,1.5651051181200724,-1.462976537652699,-0.21334105446628107,0.7675398628028953,1
1.40723890766805,-0.4812832480530168,1.6472777078961438,0.3578367075932868,0.8656960877751965,1.6914156391901032,-0.006831782789358511,0.6892866624520056,0.9899794052207529,0.4501877444706291,0.1522365844977999,-0.02868581446377844,0.8033756467233027,-0.04822778651874529,2
-1.523368123958424,-0.37954795830366195,-0.06539210119186784,-0.47303037830847655,-1.6357203359615415,-0.9455225787814588,1.5787724570250894,-0.21587132617500113,-1.4002942741633797,-1.741640286680879,1.2118879847145043,-1.462976537652699,-0.04388827093468376,-0.2688340904729137,1
-0.7167795572751186,0.6452796672502322,1.243049807818115,-1.5309646304000837,-0.485837953912027,0.5668684528022462,-0.37881238037266246,1.6822128560251381,0.09705702229428209,-1.1009392302130896,-0.20098054890776826,0.6884595471306819,-1.3995105391874623,-0.2682409046328853,0
1.5759202378454569,-0.40562141486028735,0.29713332887093286,-1.601667842913151,0.998049383174217,0.38476856087892664,-0.2380507399943047,0.41052820871818024,-0.9036500879509629,-1.4079848011683471,-0.9074148157189045,1.4056049087251423,1.6506395643812892,1.3282583500016916,0
1.3699287952967534,-0.1997087086344242,-0.4373948763110935,-0.23412196673049077,0.2434452504588417,1.4413897801083682,0.7644884666492333,1.1416411237001975,-1.082190077215008,-0.4732793320785425,-0.20098054890776826,-0.7458311760582388,-0.8911521885926703,-0.3765211434474366,0
-0.11849601567449568,-0.9227150497527821,-0.7456133579159668,-1.417200097787156,-0.8125919423373298,-1.183539674072876,0.3815200793020106,-1.309871892215792,1.1478703109897215,0.016155368971796757,-0.20098054890776826,-0.02868581446377844,1.481186780849692,-0.5976558055338663,0
0.44479429259424924,-0.4580324286777634,-1.0297864181243261,0.40675225699413464,0.7006322505274867,0.8764349516508759,-0.6712370480038361,-0.29876305590508084,-1.2458944086716042,-1.607724532579248,-0.20098054890776826,-0.7458311760582388,0.46447007966010817,-0.5792795187063884,0
-0.7290470705260262,-0.9578964333366093,0.892828682010358,1.364076574336292,0.25564766361296065,0.24149484622545114,-0.28486067677655263,-0.511015705700797,-0.06325939138468838,-0.5259242316246412,0.505453717903368,-1.462976537652699,0.12556451259691354,-1.0869188345636502,0
-1.0347412349906184,-1.485467036059651,-0.3988080028145336,1.3708579173481414,1.053971371904094,-0.7742552688259287,-0.951725688537187,0.3059001568393759,1.602595423396637,-1.1262470144015686,-0.20098054890776826,-0.7458311760582388,-1.5689633227190596,1.2882452539539224,1
-0.09095528639274203,0.33019465154823047,0.030529625373042834,0.5890437608134541,0.8404186102888139,-0.08313288586532715,1.6323584413605419,1.3299868958817953,-1.0658337484119926,0.5328678144573261,0.505453717903368,-0.7458311760582388,0.8033756467233027,-1.2656404748239451,1
-0.46886446815827637,0.551956639371861,-0.03469619995493102,-0.9748456555004221,0.4046604624961638,-0.5697553833275263,-1.252377634152997,-1.4187930489883267,1.7423193163058743,-0.1153234632024709,1.2118879847145043,0.6884595471306819,1.3117339973180946,1.4596417200520175,1
0.3198710796219511,0.3851239283219494,0.257713856415489,1.3012987800860596,-0.02067785109068321,0.2797054669112725,-0.4194640158547628,-1.4390317720116959,1.8000823253606697,-0.005238557932762734,-0.20098054890776826,0.6884595471306819,0.9728284302549001,-0.7762323227368841,0
-1.412788591595012,-0.14902992994379222,1.2500357691272452,1.3819585371776595,-1.2590351288885406,1.3511014976124422,-1.614254309025666,1.2920765132181404,0.24502689323688923,-0.24503626128922631,-1.2606319491244726,1.4056049087251423,-0.21334105446628107,1.426794710588737,1
1.6580573670804495,-0.4356591086415565,1.6464239730497747,-1.0257569420881494,-0.8119968767365379,0.24508027270236937,-0.937637802681376,-0.9464435448855336,-1.1214512032145096,1.6283864868025932,-0.20098054890776826,-1.462976537652699,-1.5689633227190596,1.0383560656036945,1
1.6985241157965545,1.2200786007441116,-0.32637559627211316,0.8627708537736102,-0.2616484625741899,0.46102006359215875,0.9916210892267803,0.6544979800334585,-0.60402625793987,-1.0001692756573664,0.8586708513089362,0.6884595471306819,0.12556451259691354,0.2914476368350997,1
0.712025294959756,0.041310520991538376,1.119039390695256,-0.7119200317229023,0.3669559000989164,0.07017244693397601,-1.0087878751470776,0.21247712150617307,-0.21979906457157794,0.07045539750793124,-0.5541976823133364,0.6884595471306819,-0.21334105446628107,0.604335740670634,0
0.1569903617566391,-0.09531252222955235,0.9022239745592701,1.09051704907751,0.06838096702684808,-1.5474786889068957,-1.427007971985253,1.230890304386508,-0.6280632054426513,0.8482698682266065,-1.2606319491244726,1.4056049087251423,0.12556451259691354,-0.6246698468327019,1
-0.6189532490017661,-1.6482983105586388,0.24480609135748385,1.7701058827208183,-0.7183287716662671,-0.9188921409572633,-0.06511185343208094,-1.2546241432941798,-0.7297623139332895,0.21293208669573968,1.5651051181200724,-0.02868581446377844,0.46447007966010817,0.2636972861518235,1
1.108041624290135,-0.5676186214914261,1.5614334382121866,-1.6076667381677099,-1.701074107223533,-0.022358608851214126,-1.6690552575468478,-1.2381405794384925,1.7218873775001493,1.5326500883541208,-0.9074148157189045,1.4056049087251423,-1.3995105391874623,-0.74427494038769,0
0.6660289126837088,-0.4342557620884894,-1.0392470132498675,1.4213249958121315,0.007443839167305487,-0.6511990755444261,-1.4107685562500456,0.2614293799818649,-1.1809276546466196,-0.42135291122926044,1.2118879847145043,-0.7458311760582388,0.6339228631917054,-0.3513164002092488,0
-1.122087070836518,-0.37047367001798603,-1.35319281930168,0.4618728961475562,-0.7272539072338292,-1.0956606188464442,1.0853910729468397,1.6294024340507172,0.8749982836951432,-0.11743884586526866,1.2118879847145043,-0.7458311760582388,-0.721699405061073,0.944799521170185,0
1.4406959848155734,0.25049349990759207,1.2100563323632738,1.686796615542567,0.8389643577839483,0.019610272746152426,0.9605501518546559,-0.23658534422794017,-1.7231401025624948,-1.447713195127267,0.8586708513089362,0.6884595471306819,-0.38279383799787836,-0.9176329807118649,1
1.137981641378634,0.09103170488354151,-0.21772679565555283,-0.0885834780472521,-1.640090674106252,-0.6076962138349314,1.456651888687142,-0.5458000401320517,0.38882862235363935,0.3978698750385901,0.8586708513089362,0.6884595471306819,1.3117339973180946,1.210122606868534,1
1.573825754635646,0.34545434887185356,1.185986043229517,1.2467881624872268,0.3164739792063377,-0.8315402254222458,1.2473088560200583,0.43655537374024017,1.5223551985329014,-0.7396242923318977,0.8586708513089362,1.4056049087251423,0.9728284302549001,-0.44570220563087354,0
0.8064041290287368,0.8829702599108,1.3447357007107166,-1.4946284695999357,1.5605901320130258,-0.11928403775125156,0.655642639080486,1.5734627415675724,-0.70388962449276,-1.1931612840873442,0.8586708513089362,1.4056049087251423,0.29501729612851085,0.11327114496256283,0
0.4217888028376377,1.0476800857897626,-1.5143011608451655,-0.541638308637685,-1.1152194368291617,-1.2633800814427871,-1.5227663412027483,1.245056863241321,-1.0669187803113451,0.16927041643635443,0.8586708513089362,-1.462976537652699,0.12556451259691354,1.5789197699286621,2
-0.24662901840187726,0.7228566351269483,1.3116049354339976,-1.4784855232266887,-0.07833434188190413,1.4851443935517452,0.9998309375399748,1.8018385362491194,0.58556179977184,0.12593529492663552,-1.613849082530041,-0.7458311760582388,-0.721699405061073,0.6464879765294835,0
1.5153602028618345,1.5357506280415723,-0.18616628241257546,1.6936432761457705,-1.40471009784914,1.2774170134471579,1.2162143281253737,-1.6146327140364294,0.801524379491259,-1.4925718130908836,0.1522365844977999,1.4056049087251423,-1.230057755655865,0.518977470636262,0
1.2870499630281682,-1.6736694504230976,0.027628112226842243,1.1405739443117289,0.45898836649103586,0.7235978943752742,1.0558881168910808,-1.2975734823746587,0.714422409886301,0.714226286142808,1.2118879847145043,-0.02868581446377844,0.6339228631917054,0.7550446828137052,0
-1.524147976882165,-1.0657283602134826,0.4274508260994413,1.2648065371951334,0.19683624541735692,-1.3570331320973237,0.052385310925499064,0.4463120952303138,-0.592639985184044,0.45025443054625863,0.8586708513089362,-1.462976537652699,-1.3995105391874623,1.4936213799692013,1
-1.5887105114593563,-1.710204069852309,1.4593281232460074,1.563109258871273,-0.3025808652192918,0.9597391428672559,-0.8992304156422462,1.187637598196724,-0.8305558117661124,-1.091363378580376,-0.9074148157189045,1.4056049087251423,0.12556451259691354,-0.9012481474000897,1
-0.3897143623957521,0.48094644465149444,-1.6634825704001828,-1.415320875089588,0.09513388790238976,1.0707235899835432,1.215589873067089,-0.6922251514719492,1.6640664187269631,-0.09701753786140295,-1.613849082530041,0.6884595471306819,-1.230057755655865,0.4032289427431723,0
1.0969396174649746,1.3388857930317057,-0.08798527321895912,-0.36591198029790556,1.403963603803116,0.9316726080122782,0.8075382097070445,-0.8538747152353768,1.5484334585569772,0.7926181755297691,-1.2606319491244726,1.4056049087251423,1.3117339973180946,-0.3580366493073771,2
1.70217280325134,-0.9023819131603577,0.6378586297268932,-1.4644523242409788,-1.03887624705825,-1.3302140527301858,1.683257227672803,1.0696461835911135,-0.10344121844468811,0.11574238963629531,-1.2606319491244726,0.6884595471306819,-1.5689633227190596,-1.7476759181958559,1
-1.1638693090375734,1.4381996618032515,0.758276683334076,-0.9763778222674538,-1.6449107474430278,0.5031772386413509,-1.1658472793071175,-1.4958946292214055,1.2750996986524161,-0.35922536689188583,0.505453717903368,0.6884595471306819,-1.5689633227190596,-1.341928636362085,0
0.3557440835554567,-1.5297362010441449,0.6544159856293421,-0.9115168800988014,1.282185253461306,1.161944665434467,-0.92422191104611,-0.3967665627068884,-0.12114150050547184,-0.6186135729025224,0.1522365844977999,-0.7458311760582388,0.29501729612851085,-0.627717792481219,1
-0.37455127223155,1.4635434046748281,-1.2665545335675317,-0.07427319395936914,0.28957607222642356,0.2729246317765021,-0.972105103256851,0.08230659178906408,-0.22016707961266327,0.402815604278459,-1.2606319491244726,-0.7458311760582388,0.8033756467233027,0.23069030513259747,0
1.642713038275118,-0.5320936044684043,-0.6987607504882105,-0.7746321962695089,1.3833256745157838,0.5118242431886206,1.0332961535037937,0.27382636860905346,-1.16888157162477,1.5684209359430328,0.8586708513089362,1.4056049087251423,-0.8911521885926703,1.362587782768833,1
1.2050441980858524,-1.3888208879079176,-0.49458156913398016,-1.3598822897481435,0.3587440456517623,-0.13873373382206233,-1.058057525518941,0.8647079804496062,-0.21301682860720036,0.6203628985109249,1.2118879847145043,1.4056049087251423,-0.721699405061073,1.0394056537471592,0
1.192063609327807,-0.07240540203379743,1.0395921459634523,-1.1276004787747675,1.1025207503039312,0.10462830857889005,-1.473292826949882,-0.447814169154786,0.18050848243789852,-1.4965636187774862,0.505453717903368,-0.02868581446377844,0.9728284302549001,0.1889648536630388,1
-0.07384944935191579,-0.8568604096121898,-0.7697888702174145,-1.1981987097061155,-0.22476277712892295,-1.6055608132643255,1.744722436445365,0.45760738541698837,-1.6448183830429703,-0.12804417829546444,-0.5541976823133364,-1.462976537652699,0.29501729612851085,-1.525873860032019,0
-0.2583538008192725,-0.760654505205145,-1.0040338173035053,1.6857286027736462,0.8921677507368998,0.48606970660582477,-1.6177826257149217,0.3617098570083941,-0.15024701400885254,1.3972064269612876,-1.613849082530041,-1.462976537652699,0.29501729612851085,-0.7675105873318635,2
-0.7426574474082585,-0.6838952455058025,1.5662552504382223,0.9391344707681668,1.4614059916599431,-1.4427158855107096,1.1807614621846676,0.22911488739481586,1.0452550652490349,-1.4266498785283745,-0.5541976823133364,1.4056049087251423,-1.230057755655865,-0.4785144870275468,0
-1.485938522703154,1.013576152810198,-1.6987727328152658,1.6671659846211329,0.2721547180655893,-0.21951169995752506,-0.4418058481923251,0.5552256825346481,0.686118084582682,1.7448921233369656,-0.5541976823133364,-0.7458311760582388,-1.3995105391874623,0.4335439616365791,1
1.2824556020175895,0.11006559868061017,1.705218525611564,-0.176829953932778,-1.092977970191842,-0.7120196102453946,1.2027630070589355,-0.7828070198154147,0.5269896827619536,1.6037410324866637,0.8586708513089362,-0.02868581446377844,-0.5522466215294757,-1.557872788335491,0
1.1049798525546395,-0.6701379435063367,0.6003382780579439,-0.7403858229227259,-0.7859575694567749,0.1624751181970683,0.21171973923288143,-1.3966330826995927,1.4997117189535685,-1.4840514718427225,-0.5541976823133364,-1.462976537652699,-1.3995105391874623,0.10620236940814291,2
1.7447821063875808,0.3537705358075134,1.1223105888370346,1.0753357153958676,-1.0306776100845179,-1.2629231454040957,1.4100078408414514,-1.2750518529357946,-1.660672415932134,1.5482254285891053,-0.5541976823133364,1.4056049087251423,-0.5522466215294757,1.434082900799997,1
1.7342309815124182,0.7161028459332636,-0.7152004000618346,-0.5731565768331002,-0.862494546204601,0.6683231176769381,1.4948238359545505,-0.9052446190260429,0.25009766642728914,-0.47395974719319767,-1.2606319491244726,-0.7458311760582388,0.12556451259691354,0.7329591868475868,0
0.22320925979821718,-0.8025965112527775,-1.680006978301888,-0.6669959821123203,-0.6547324908522312,1.025936240278249,-1.6720631557884773,0.06260209508820512,1.0664984924307608,1.2336852127154097,1.5651051181200724,-0.7458311760582388,0.12556451259691354,1.0607316860205223,2
0.9545863289909798,-0.32004862230624886,0.8104662071013825,-0.9005503763937049,0.21289011329936264,-1.1593490360749885,-1.4430694617359463,1.257399786245006,0.19439907500468923,-0.2780435316571361,0.505453717903368,-0.7458311760582388,0.6339228631917054,0.6479902051473361,0
1.5565848842552978,-1.318744866582982,1.1418449589954829,-1.2596508738854293,0.3275105604975028,-1.363608946312702,-0.8389487517775092,0.7687651778391005,-0.5764089318968005,-0.19835981125224275,-0.5541976823133364,0.6884595471306819,-1.230057755655865,-1.0511948250620304,1
1.2308273931923988,-1.1158189221654662,0.8194381685530036,-0.8168856369984292,-0.23583353735330959,-1.2210648509130149,0.6077811545310802,1.0768969157807224,-1.2415964402322164,0.48738368688754913,0.1522365844977999,-0.7458311760582388,0.6339228631917054,-1.3949230960886156,1
-0.8319031682536238,0.596145412059111,-1.2375895660526757,-0.47165062266747143,0.42319369794116096,1.3100254145472912,1.3638767892713175,-0.4614043423137445,1.4217504523140403,0.9846471657471089,-0.9074148157189045,1.4056049087251423,0.12556451259691354,1.1766624742761014,0
-0.1360055039134817,-1.1148293507428404,0.8640182216169362,0.6412491161533148,-1.4390603484737705,0.10283603105724505,-0.11522163562005576,-0.27290921090062636,-0.055776920692651055,-1.6417940881752222,0.505453717903368,-0.02868581446377844,-1.0606049721242676,0.6974499712783824,2
-1.2366710640970124,0.06213479229586347,0.917351518263741,-1.4940320806750178,-1.417385993803427,-0.10795182323250678,0.3925024089938317,-0.3114377857061352,1.3882584395420658,0.3416910289783943,0.1522365844977999,1.4056049087251423,1.1422812137864973,0.2666763787979027,0
1.5883848000481389,0.6917763119433262,0.5374158352567527,-0.9773771790626459,-1.1242187678690618,-1.3553102771731123,-1.0525581529941284,-1.020105662669879,0.3522076025749226,-1.0994633447881261,-0.9074148157189045,-0.7458311760582388,0.9728284302549001,-1.1130920036576903,0
0.3969916169014214,-1.3701384322041532,0.907690344916867,1.1128094034856861,0.0836239158446648,0.5227172708460284,1.0762089628067353,-1.478916815752303,0.665366304028701,-0.5348900091407252,-0.5541976823133364,-0.02868581446377844,-1.230057755655865,0.36783424638567375,2
-0.8959643201153134,0.20645849120161566,1.1823808431603782,-1.1994337187143223,-0.9771307126679366,1.2784462256865514,1.6368705374987094,0.3811663761807597,1.1264513577757502,-0.5277302165549667,1.5651051181200724,-1.462976537652699,-0.04388827093468376,-1.6780524511053174,1
0.621402617040809,-0.8575924369554302,0.3827447733083766,-0.5159138536018177,-0.7354222319227361,1.1407063926383616,-0.7759621746290173,1.7798317048348884,0.6120627758804031,-0.09834557274072211,-0.20098054890776826,-1.462976537652699,0.8033756467233027,-1.3650396455015037,0
0.4379298495760571,1.5611001826224153,-1.4243027910917083,1.3071032618271963,-0.32718327944940717,0.4414120167020665,0.0052388513137417835,-1.108047903401494,-0.3135197775928116,-0.5767786554552405,1.2118879847145043,1.4056049087251423,-0.38279383799787836,-0.6745772339895476,0
-0.4523896940138636,-0.08037034691449749,-0.05086557792189223,-1.1714836660680814,1.1084685469105966,-1.4640564582405355,-1.4061069244041635,-1.5299465626166777,0.09619755208574444,-1.3809117995751192,0.1522365844977999,-0.02868581446377844,1.3117339973180946,-0.20301185036737632,1
-1.290103564530528,1.0237343973248128,-1.4620111988871651,-1.423585876080938,-1.675267889687732,-1.3356416915616822,0.2273148390071891,1.0435055516772487,1.1221420409976446,-1.2452168515766093,-0.5541976823133364,1.4056049087251423,-1.230057755655865,-1.358868752228542,0
0.6209659984431004,0.14795466506049396,-0.3265173293404369,-0.020384609548878392,0.5416520463089047,-1.55390151618418,0.032717441538365595,-0.8069075868106786,-0.400032069960557,-1.6430393019840561,0.505453717903368,-0.02868581446377844,-0.5522466215294757,-1.361101653949382,2
0.1029179706272404,-1.5874496660544994,-0.32801990627489497,-0.6563929462879103,0.6096673555117134,-0.8337143347625795,-1.2047165865374947,1.2194784007780328,-0.34873288390151885,-0.09413034573564229,-1.2606319491244726,-0.02868581446377844,-0.04388827093468376,0.8061394657866624,1
0.9659941245271196,0.4319012657143159,-1.5020743170637336,0.2550526300737225,1.0623859263756004,-1.2551558722906941,-0.17694965150251477,0.7780474310966529,-1.3853802118693046,1.6228122028718344,-0.5541976823133364,1.4056049087251423,1.6506395643812892,0.2475697434867099,0
0.10242412093662204,1.521641941996483,-0.5286401226978613,1.0945840794214388,1.5301669804749396,-0.8248272141174025,-0.5497595958234457,1.6269263600619932,1.5175391735378292,-1.3514304241925572,-0.20098054890776826,-0.02868581446377844,-0.21334105446628107,0.11889360006141264,0
1.2395061107317475,0.3239052748363093,-1.3472247763740322,-1.2335652702348705,-1.6533758549288655,-0.39234169034531163,0.0984915238994998,-0.25790248436694646,-1.4018775902847198,1.5937950038060344,-0.5541976823133364,-0.7458311760582388,0.6339228631917054,-0.17190913155588802,1
0.2111374365950023,1.0689204665807548,1.0526648672960972,0.3154366278067737,-1.187169111521048,1.5378586017376812,0.3188849712312511,0.6306774595690259,0.5732587194100258,0.838852352322816,-0.5541976823133364,-0.02868581446377844,0.6339228631917054,1.7026072745482854,0
0.24206689955908803,1.2915501282979078,1.5326613611818583,0.05285112845234232,1.3676727769254593,0.3871700522833739,-1.6741440470523081,-0.06150830360293152,-0.25985088776257953,0.49892826854139666,1.2118879847145043,-0.02868581446377844,0.12556451259691354,-1.6119626248656083,1
1.3233171899187668,-0.9551223809806535,-1.4803668972171768,-1.2093627449154762,-0.12413993287393935,1.1641899155473692,0.9244045406427713,0.5204799943272032,-0.28670401261115497,0.526512020494083,-1.2606319491244726,1.4056049087251423,-1.5689633227190596,-1.1440497676147576,2
-0.2971790596718325,-1.0100283030780526,1.558225714057078,0.46665016429620254,0.24587915142750139,0.7330457869104995,0.7586809302080055,-0.11508056448509599,0.6843661121863648,1.1699237026609153,0.1522365844977999,-1.462976537652699,-1.0606049721242676,0.5257860077911889,1
-1.2200410685502,0.3559866610068008,0.06942813140206022,-0.7568975351436055,0.5892627136474039,-1.3352746156678421,-0.43863050144224214,-1.0314864833178932,-1.4867522617948734,-1.3824764630708009,0.8586708513089362,0.6884595471306819,-0.721699405061073,-1.3023546455590993,0
-1.5804373123124655,-0.32867962918728355,-0.6981753022665985,-0.00887293231583631,0.6452141437374093,0.8215041517549094,-1.5206838076285392,0.08963945493950594,0.38004824431751477,0.02822339612410753,0.8586708513089362,-0.02868581446377844,-0.8911521885926703,0.31789078483351424,0
0.907152855598838,1.139705897176551,-1.4647209451694576,-1.42520807872232,1.5266348770200326,-0.7727572182739288,0.9034318908740763,0.1622828057937576,1.0122006466204638,0.7102395240479966,0.505453717903368,0.6884595471306819,-1.230057755655865,0.24056615218859478,1
0.44540031605505,1.3457086555882016,-0.006131777290188021,-0.10753069261637797,1.7541083122895968,0.4865707442627771,1.5949042960338693,1.1526180232801153,1.211358008741873,0.3192255036162435,1.5651051181200724,-0.02868581446377844,-1.3995105391874623,1.6828004506500676,1
0.7322932103272667,-0.5259346231866514,1.0054417882851465,-0.6422703258827215,0.78855442270354,-0.5448968042836082,-0.8741957494465138,0.8889573845199308,-1.1200770156065096,1.1913817258430404,-0.5541976823133364,1.4056049087251423,-1.230057755655865,1.369425167889373,1
-0.9496599141891876,-0.925021457174156,0.7045110007368033,1.1594577516908178,-0.7216891808736732,1.7270627064293327,-0.5862942982704454,0.6370748058541011,1.4566891613626967,-1.5053369814876985,0.505453717903368,1.4056049087251423,-0.21334105446628107,1.5917699077741172,0
-1.2119714874178475,0.9365315946888253,-1.556402257971858,-1.5135403468162114,1.3452812812111536,-0.8127066912061842,-1.0687430480191458,-1.2957160279352793,0.6013944899602143,0.6875805732832218,1.5651051181200724,-0.02868581446377844,1.481186780849692,-1.3837693544723815,2
-1.6291990828012666,-0.7951249090507707,-1.4783520881326877,-0.25063299946929607,-1.5519232424325666,-0.758809504030082,0.28877947691878625,0.8366193032357512,1.4015150566808883,0.13202534169335448,0.1522365844977999,1.4056049087251423,1.481186780849692,1.314925062900494,0
-0.4783327969377302,1.0806497329908062,-0.34259060002970987,-0.1115560075331772,-0.9175277453573367,1.4952690112145282,-1.1687866308730404,0.06297860986973246,-0.0043105406060283385,-0.4171243400067509,0.1522365844977999,1.4056049087251423,1.1422812137864973,-1.3283742372937108,1
0.34131547173787014,-0.2851594945378009,-0.7128904822470584,0.8193967305028508,1.4067928809865207,-1.639231278202557,-0.4734814519280418,1.445820008013181,0.19687329972701165,-0.5550116110488509,-1.2606319491244726,-0.02868581446377844,1.3117339973180946,0.47365528314537164,1
-0.335669325573924,0.5496867765978711,-0.9294134783088837,0.29304585568351454,-0.8299323641464798,0.6857788619427277,0.7034257497881372,1.536318394756602,1.5333277111040167,0.4398309144657582,0.8586708513089362,-1.462976537652699,0.12556451259691354,0.785339864808374,1
-0.18076442386429814,-1.408973739576335,-0.762062867412093,0.617564938831832,-0.9539107659147642,0.784853021163637,0.23069662296566074,-1.5001972420438439,1.4655177745822334,1.3978136460166821,0.8586708513089362,-0.02868581446377844,0.29501729612851085,-1.2147719100277299,0
1.4175155304558458,0.40008394197989733,1.0363068802335438,1.0011460748198946,-1.2417915115491907,1.1690499428320946,-0.368958668521471,1.1878662760241527,-0.13589762267254252,-0.0021951455978778487,0.505453717903368,-1.462976537652699,-1.230057755655865,0.47267958275530153,1
-0.48631965178196535,-0.18918269672940352,1.469122149469363,1.2985264084668806,1.2732789912014209,1.646685821042916,-0.25228618397055874,-1.5615066614453599,-0.7518222020775253,1.162815907743225,1.2118879847145043,1.4056049087251423,1.3117339973180946,-1.602448170771767,0
0.08127961126430384,0.27253161469542775,-0.3349169658641721,-0.6163854627210823,0.020766069903275886,1.6507079896031651,0.23758535638958514,-0.4045377713337079,-0.330834633569547,-0.335583455189257,0.8586708513089362,-1.462976537652699,-0.721699405061073,-0.7411876900743306,1
1.004812482077953,-1.1607955438324096,1.3895532745588048,0.1663988564594842,0.6306557582775772,-1.498659305840952,-1.683228829646101,0.210446876496549,-0.3499988769156048,-1.3985232967064465,1.2118879847145043,1.4056049087251423,-0.5522466215294757,1.5045197743905447,0
-0.32094718193968086,0.787061631647918,-0.6226921775992924,1.2213648965471413,-0.8896712252144804,1.11874983573798,-1.4323725938617842,-1.173816000503124,-0.7076728367725736,-1.5435125482681478,1.2118879847145043,-1.462976537652699,-1.5689633227190596,-1.175867071217542,0
0.45148662457779426,1.2182413006590855,-0.08938438388605084,1.7429123224747614,0.9207043591381653,0.5114871336491376,1.3396557894710017,0.926858267902651,-0.7724998495301939,-1.579579668730961,0.1522365844977999,-1.462976537652699,-0.721699405061073,-1.5566339701953344,0
1.2743777316912173,-0.9939520816522908,-0.9512885032901345,1.393922646914264,0.9275594466140364,0.5150581424639574,-1.4345511294228876,-1.6645459209329145,1.3278094457837772,-0.4136164128484553,-1.2606319491244726,-0.02868581446377844,1.3117339973180946,-0.20322672327024097,2
1.5728692546451724,-1.408359990170018,0.47523793026631694,-0.4152590175818627,-0.6331653544625893,-1.2804509290961807,0.737234323862108,-1.1018347080317656,-1.4769392412638627,-0.5657814722482476,0.505453717903368,-1.462976537652699,0.46447007966010817,1.2522267964582896,1
-1.1753196867369629,-1.655158514477962,1.6403721521108607,-1.030950195713886,-0.29100954883321933,0.5249008353190743,1.473570169935619,0.345631750806908,0.6774866365831363,0.7841579262017228,-0.9074148157189045,1.4056049087251423,1.481186780849692,-1.5158524112543903,1
1.4943292368621417,0.46210264646432686,0.3479426558356691,-0.003431199184877425,-0.9921460745289115,1.6745123740571535,-0.7687634437442548,0.8147466096542669,-1.1119603340857929,0.8723969631856012,0.505453717903368,-0.02868581446377844,-0.5522466215294757,-0.5184766269561688,1
0.006369162488715425,0.3426771736315847,-0.4976843294629358,0.877492083074539,1.6829859665931415,1.4300426671952844,-0.4241097335004649,1.5249835988166212,-0.5033468083873961,-1.5812831504411657,1.2118879847145043,-1.462976537652699,1.481186780849692,1.4280394047458913,2
-0.7945860010283173,0.13587041638811287,0.5005070370040294,0.007662137681679715,0.5284790974446989,-0.20527172763057475,0.26110327108755654,0.7835254465566733,-1.506429074646942,-0.977517278473646,1.5651051181200724,-0.02868581446377844,-0.21334105446628107,-1.3674845400102107,0
-0.10658126352918526,-0.9418801047488605,-1.3061872655684807,-0.025124090679129598,1.536414454943449,-1.5862869450754977,1.3412128316397187,0.6651240837612512,-0.7675581080395791,-0.7890906707512414,1.5651051181200724,0.6884595471306819,-1.230057755655865,-0.6789465411709457,1
1.6773653685679828,-0.3975818846892691,1.32948377183565,1.2148075954543698,-0.6653019354707073,-0.4710981411111058,1.5490821644789738,-0.30912273865389145,0.9994009313180203,0.1801943839201913,-1.2606319491244726,-0.02868581446377844,0.29501729612851085,0.9940063109655007,1
0.008087710225210256,0.29947234425980035,0.002334448855945219,-0.45040349773241317,1.003903797438719,1.134494468582898,0.8503590683026938,-1.6893737867174592,1.4127188779545363,-1.2491653152636069,0.1522365844977999,0.6884595471306819,1.6506395643812892,0.15276025936301352,0
-0.5531156817526693,-0.0350990079460664,-0.1826186596226682,1.29011595988534,0.9479772452478776,0.7024199645652855,-1.4043677326351625,-1.2719350191499081,-0.9392972898045618,-1.2866601735511767,0.1522365844977999,0.6884595471306819,1.3117339973180946,1.1868287873067067,0
0.49023488784950126,1.6462197715989129,0.287266033579527,-0.29185051720950406,0.6891294504165095,-0.1353427094975461,0.6072242929965109,0.18324815808571157,-0.0813519743280034,1.5850166442532905,1.2118879847145043,-0.02868581446377844,-0.38279383799787836,-1.390947466327592,0
-0.8565699443949323,-1.2689110364597789,0.42122545991694876,-0.5662447037988533,1.644885777133513,-1.5338615764433492,-0.2866310277215952,0.6768900463669688,-0.05733081912955969,1.0900521672461725,1.2118879847145043,1.4056049087251423,-0.21334105446628107,1.5023583663950955,0
-1.419197375465018,0.6441748580252268,-1.4822278796409405,-0.12706700451358008,-0.35075596760197525,-0.24760324694617586,-0.07806878120610515,-0.22798012201452564,1.3721648631927292,-1.1210159361721677,-0.20098054890776826,1.4056049087251423,0.46447007966010817,1.5537095549533613,0
-1.237628946343135,-0.3516546164235397,0.6202878387423943,0.9501506925872285,-1.2676332805960762,-0.10184927123584026,-1.5337628564163432,0.8719553763366693,0.9794712952755514,-0.31994077271128,-0.20098054890776826,1.4056049087251423,-0.38279383799787836,-1.2345878731525868,0
-1.2404847953922207,-0.26988314948729747,-0.8965514813744007,-1.272491805975761,0.6195475758335915,1.4879459826679964,-1.0437101343362836,0.1386782788762982,0.0942259865862873,-0.5005919039212303,1.2118879847145043,-0.7458311760582388,-0.04388827093468376,-1.668919013064232,1
-1.1587807922600497,0.7210578959076117,0.7281443022162165,-1.0265754240249692,0.8204812068488181,0.49341473458777074,1.0262994722566956,-1.4334083326221574,0.6531543328142845,1.0432498057298851,0.8586708513089362,0.6884595471306819,1.1422812137864973,1.7501696218780953,0
-1.2035613141471386,0.6349008961180462,1.1018840266009375,1.6101837464613116,0.28240219976025904,-0.6462946228148932,-0.13588237782203363,-1.0196032726491027,1.2792160227801868,0.04757927663013633,0.505453717903368,-0.02868581446377844,-0.5522466215294757,-0.06526589643598206,0
0.515831169636022,1.6581031738142207,1.037944460464946,-1.0996603765793338,-1.0021660254892957,0.09290350870020068,-0.6617888506800848,1.2558387920116574,-1.6907796663370795,-1.308260246583496,0.8586708513089362,1.4056049087251423,1.1422812137864973,0.25599615716420765,2
-1.056115420623734,-1.296459863559756,0.17242778513802734,0.2701356152879066,0.03610683152093677,-1.4959658279315133,-0.3773964633946323,0.8517066622060266,-0.29637938776233214,0.858817977938547,0.1522365844977999,1.4056049087251423,1.3117339973180946,0.41275526339179536,1
-0.4951835599976174,-1.3796139768706002,0.061144247520810574,0.3106011574890503,-0.634589616926612,1.640212636926415,1.2469085552827184,1.4481462589314817,1.491514925315164,-0.3542649345633309,-0.9074148157189045,-0.02868581446377844,-1.3995105391874623,1.034235151400756,0
1.3922740740155095,0.7441402292756494,-1.2375011960300637,-0.0026212539021058866,-0.23246104382346197,-0.47882547801698977,0.8829424117760114,-1.28107219021828,0.8997600215136088,-0.8292932070544914,0.505453717903368,0.6884595471306819,-1.230057755655865,1.1140626523699082,1
-0.055806167758883196,0.2443798537566904,0.9394607473937161,0.53910362417212,0.5271395575597464,-0.07125798978645115,-0.7631285806811243,1.7833638341481277,0.19973770320472614,-0.4301104554548403,0.8586708513089362,-0.02868581446377844,1.481186780849692,-1.0964882337881263,0
0.6072140213574624,-0.7973347456317667,-0.7950892583718542,-0.9099071189805682,0.8759635951857766,-0.49534831086717246,-1.2977265709490087,-0.9585352295766333,0.15295586218588048,0.003409711033715822,0.8586708513089362,-0.7458311760582388,-1.5689633227190596,-0.94372707637788,0
-1.0888568571466783,-1.464157061212915,-0.019654859870401144,0.2175242751782711,-0.9135376104201771,0.6367311218572271,-0.8332873020662365,-1.6525181469492203,-0.4917754475188772,-0.5449392277259785,-1.613849082530041,-0.7458311760582388,-0.04388827093468376,1.345986200341455,0
-1.0204673175741528,-1.4427942333731898,-0.7508089271118902,-0.4127934952239635,-0.3096977189439168,0.5665717734780334,1.476050539000935,1.8086486473726995,0.12061198499094454,-0.9038236030404433,0.505453717903368,-0.02868581446377844,0.6339228631917054,1.1409929972603405,2
-1.5390458676218077,1.3257381939845683,-1.2686430231161934,0.5981999875891899,-0.7846879549106518,0.7502428353163315,0.3048461048829048,-0.7068700542283136,0.5986900932650187,-0.34854159694879666,-0.9074148157189045,0.6884595471306819,0.46447007966010817,0.41888783882889646,1
-1.100449012909693,-1.079119027896872,0.43765699352074516,-1.2193340453819579,-1.030722830001825,-0.7968210403951906,0.1387186872481586,0.6519211740934844,-0.2415287287466803,-1.6936224994998084,-1.2606319491244726,1.4056049087251423,-0.21334105446628107,1.7675438508183463,1
-0.7249060011516801,-0.6288295352032985,-1.5422693284745284,0.2811366357526536,1.0091234760060417,-0.6324023477550531,0.3559695083010247,-1.0734496546248251,0.8070251790340259,0.9776277044074817,-1.2606319491244726,-0.7458311760582388,-0.721699405061073,0.8393669065637013,2
-1.0727926327324617,-0.9599962043851111,0.8475562124535271,-1.0655103419308263,1.4481893359986588,-1.2911711977828273,-0.43952183603766576,0.34363612678765043,1.3284095689956086,-1.1554471105984319,0.8586708513089362,-0.7458311760582388,-0.721699405061073,-1.0181198431989187,2
-1.3752261764910134,-0.520541847395465,-0.6361466292410499,-0.7394269082141133,-0.4321158412537892,0.5433156501078211,1.0835993967639648,1.48070916021396,-1.1762482793107174,-1.605925194839677,1.2118879847145043,0.6884595471306819,1.481186780849692,1.2380129515921499,1
-1.2658621575095947,-1.4983831860147914,-1.7288165406808318,-0.948730510943903,0.8971177294516666,-1.5868088127805955,0.10351718204005096,-0.5695416125945908,-0.12389397501535872,0.5563722178355822,-0.9074148157189045,-0.7458311760582388,-0.04388827093468376,-0.30675284762685057,1
-0.100954342323193,0.04123520957997628,0.03002598183609325,-1.0740055713807923,1.405430921720509,0.34325475506536585,-1.3003300473500183,0.6597678875149575,-0.2781937062206773,0.9827277785567139,-0.9074148157189045,-0.7458311760582388,-1.230057755655865,-1.660774438785788,0
-0.9723675910468719,-1.5045852673124878,-1.5680159178924056,1.1710861300611535,1.2279735683338662,1.2843147326621243,-1.2577965490696768,-1.0340452245840046,0.7124169926817447,1.1241862472487378,0.1522365844977999,0.6884595471306819,1.3117339973180946,-0.6404883916474339,0
-0.4314741944074498,1.004435776063908,-0.7787047312166845,-0.7147556958675854,-1.0859027173830182,1.3574378974697936,0.150386743779824,0.5001363491820916,-0.8388329892188793,-0.011651276179788275,1.5651051181200724,-0.02868581446377844,1.481186780849692,0.94082479203823,1
0.04507230004782077,-0.935836538596694,0.7041324158851979,1.5252479052921426,1.612279617457818,-0.1709970566892963,1.530658211810128,-0.5124110316517494,0.5450472714441874,-1.0333839488532481,-1.613849082530041,1.4056049087251423,-0.8911521885926703,1.6441770468422077,1
0.6854255759225064,0.11297830574779735,-1.5135025206236625,1.674726975844527,-0.40963586996589185,-0.13548098092796163,-0.6386875377379648,-0.952208957201629,1.3860394747753921,0.8525615592390644,0.1522365844977999,1.4056049087251423,0.12556451259691354,-0.8024533241583918,2
-1.5443764259501809,1.2774173977787107,1.1597223431349757,0.2824743635791508,-0.5402258723978132,-1.4582081090117638,1.2991953108876826,-0.5941195874341516,-0.24234916147511162,0.7195367800864996,-0.9074148157189045,-0.7458311760582388,-0.04388827093468376,-0.9083919540821609,0
1.058777749203785,0.49259762620827713,-1.7161319828179102,-1.2131262446925672,-1.5058403809092635,0.5960921402187529,0.9350734763826483,-1.0658690109907176,1.5048882728361381,-0.8883456813889399,-0.5541976823133364,1.4056049087251423,1.1422812137864973,0.22574251584444885,1
0.47139711548810515,0.08882395296541613,-0.8797125706876561,-0.4044993769087138,-0.027668626743277927,1.116743601408357,-0.8477415200585713,1.4732685434366735,1.7960969540699039,1.4418272904684237,1.2118879847145043,-0.02868581446377844,-1.0606049721242676,1.1129751238773387,1
-1.3990060043047579,-0.625534854318669,0.8209110833417584,1.0733767785296529,-1.3433439330835169,-0.8780808949159089,-1.5779898596762894,-0.29912968838115694,-1.348506130772127,-1.391512976427881,-0.9074148157189045,-0.7458311760582388,1.3117339973180946,0.8799315426754987,0
1.3127861261259914,-0.5958538233457774,-0.6406785222303006,-0.42949540649004525,-0.8566243335458062,-0.2669557563457418,-1.3517845264328827,-0.832565671660288,-0.8984383501370656,1.7229516743683482,-1.613849082530041,1.4056049087251423,1.3117339973180946,0.21266051964848673,1
1.4747559636975107,0.5563195356543275,-1.3785666262502405,-1.4086375906844602,-0.6180097753438559,1.177563203105656,0.8121348114936985,-0.1192630873021694,1.6444309043109153,1.2887844185733837,-0.9074148157189045,-1.462976537652699,-1.5689633227190596,0.4681384193908086,1
-1.4698337144408036,1.667976240439845,-0.48935526018219644,0.23192169030596363,1.097864585539353,1.310000871278072,-1.0139866071911174,-0.5682950030401276,1.6726057420689384,0.6776434329519335,0.505453717903368,-1.462976537652699,0.6339228631917054,-0.9241910210926757,0
-0.7307715565245677,0.5301324830746799,-0.7985866534152505,1.238870892576645,1.3304077195581365,-0.8831840724202679,-0.42141804233482255,0.9202053687924105,-1.3782295322493945,1.5671486146352966,0.505453717903368,-1.462976537652699,-0.38279383799787836,-0.2429408344903501,1
1.082034886968951,0.17383049669690834,1.171333617296295,1.0670701571623937,-0.6685085402177585,0.1802667848695618,0.028973249515092347,1.7166345593414716,-1.6714259810462242,0.7996684109561694,-0.20098054890776826,-1.462976537652699,-1.3995105391874623,-0.8767417166437252,0
0.8835988445405711,0.7657523776370094,-0.6507368432036715,-1.1009472364231492,1.2718360726923919,-1.0585405826836747,0.8016863202111586,-0.15569288997315728,-1.1535069613650355,-1.0862582282089375,-1.613849082530041,-1.462976537652699,1.481186780849692,1.3731143665672014,0
-1.0470708520061716,-0.1431692723768377,0.9862248559498015,0.6369550332637917,1.2667179864768596,-1.3720307479226304,-1.312473749975919,1.3297055475897803,1.8061966044969167,-0.19374644425816726,0.8586708513089362,-0.7458311760582388,0.8033756467233027,-1.3875171171909753,1
-0.9620398676599508,-1.5301643823822972,1.3405431377281545,-0.942463747266651,0.9437643585330601,1.4276276257502536,-0.30022726296130403,0.2931906356087842,-1.0865093102145995,-1.508062696529227,1.5651051181200724,0.6884595471306819,-1.3995105391874623,0.6410691990487712,0
-0.41023300447340055,0.18928502473852074,-0.23608090255500386,-0.9504845625437631,-1.2118967704445132,1.1141422670693004,-0.028440091274072706,-1.141738164539103,0.05689929735088705,-0.37990410182608375,0.8586708513089362,0.6884595471306819,-1.0606049721242676,-0.8591536315517257,0
-0.01963609524922612,1.542946770621947,1.402743503655165,1.3399755539078437,0.684480128105406,0.9049308287878434,0.16408864912951474,0.7312944870636904,1.282983117739545,0.8680762912799048,1.5651051181200724,-0.7458311760582388,-1.5689633227190596,-0.08913664475601883,0
0.4383631881417954,-1.1358378643222702,-0.4305516790352337,-0.8406125504582118,1.5729732568072734,-1.555778935218568,1.1224600968738627,0.10908337134536344,-1.6522723573167122,-0.391301028126694,1.5651051181200724,-0.7458311760582388,1.481186780849692,-0.7192035451015676,0
-0.4155703671021895,0.6265759091785335,1.5890770737785043,-0.7931930273986626,0.6573323167415879,1.1944787990875994,-1.110646246850115,0.5907742388337973,0.4182738829286579,-0.5904030216574759,1.5651051181200724,-0.02868581446377844,-0.04388827093468376,-0.6339645692523463,0
-0.09494064136488183,-1.0480744889521587,-1.4219456736426832,-1.7102440677565829,-0.5668205808835499,-0.20903088434785827,1.0861009840627165,1.4303264728310143,-0.7425599595372626,0.34949114401063,-1.2606319491244726,0.6884595471306819,-1.5689633227190596,-0.8587608642411442,0
0.8808975573214541,0.0986508977456532,0.6354396754821309,1.3280922434341182,0.022583715966705442,-0.5399386697217282,0.6891483083515151,-0.1472618828644503,1.3323185200285945,1.331182305533173,1.5651051181200724,-1.462976537652699,1.6506395643812892,0.9023468248125883,1
-1.55337990427324,-1.4050663258224136,-0.02957257591908327,1.0554353754944872,0.5289063056869727,0.16610220758013408,0.21603732077779977,1.4706752938687104,-0.7197458808502673,-1.5928811494125419,-0.9074148157189045,-0.7458311760582388,0.8033756467233027,-0.4820652824921708,2
-0.8144751032567666,-0.19396534461028225,-0.39499323970493366,0.47828101934239464,0.05743637999037513,-1.4084449154242118,0.7121099841671843,0.942151917418971,0.7099033435242049,-0.3947509374005286,-0.5541976823133364,-1.462976537652699,-1.0606049721242676,0.8077966996582356,0
0.7640401122349029,0.8531119517253413,0.4485136852411786,0.9076105767140941,-1.3051834713779586,0.893208460952521,-0.280712230274803,0.021892286898415627,0.6654638456056776,-1.200495357864078,-1.613849082530041,0.6884595471306819,-0.5522466215294757,-0.15890670728833886,0
1.3868575686155922,-0.5459653714053031,0.693395457674277,-1.1815300542749416,-0.635028077353703,0.2905052324586531,-1.225569946523468,0.42438005912971866,-0.9394164100888991,0.7040806131345074,-0.5541976823133364,1.4056049087251423,-0.5522466215294757,0.1671919564632079,0
0.07336140484254756,0.5406532852232965,-1.7142617828566875,-0.11193257825467588,1.0754333182566793,-1.0789628287642872,0.5955217823913179,-0.550579190427766,-1.601233975737941,-1.3867149473779632,-0.20098054890776826,1.4056049087251423,1.3117339973180946,0.15303382687373837,0
0.14334994963130948,0.9876350507189517,-1.1546277405217287,-0.48597022276941026,1.2813241880719053,-1.0732817981015748,0.10830347793767597,1.7600987762131997,-0.2738352823060612,0.5957643746030452,-0.9074148157189045,-0.7458311760582388,0.46447007966010817,1.7001357611584242,1
-1.311972646952178,1.438690255001363,0.7250238480530643,-1.3850322096174754,-1.244670328632966,-1.0870633093008941,0.5043910292826935,0.6495744206055193,-0.699426358085442,-0.7468264567070275,1.5651051181200724,-0.02868581446377844,-0.04388827093468376,-0.47724906503949344,2
-0.1467310596088814,-0.932652084530892,0.5644179683080642,-0.014823191614586716,1.5986570662322879,-1.5272853742104597,-0.5363124950206468,-1.5399123188913932,1.1431713366803948,-1.0562601675531091,-1.2606319491244726,-1.462976537652699,-0.38279383799787836,-1.0472785298977976,2
0.14507527933928566,-0.3687851048893387,1.5958546754797593,1.502952744548666,-0.5765679048125064,0.3090603934112119,1.4280864025360653,-0.5469244295141019,1.1126369037519341,1.5586478081892712,0.1522365844977999,-0.7458311760582388,-0.04388827093468376,1.4710195457073063,0
-0.8486077715457706,-1.214206013250399,0.8902113818693316,-1.5726283179206215,0.5867738808529807,1.1827831993698867,0.32480900392233314,0.4949358187511596,-0.10447866820017272,-1.6959214574381047,0.8586708513089362,-0.02868581446377844,0.6339228631917054,-1.1647506082746912,2
-0.7569176037839682,1.6623063399703484,1.543278833641676,-0.6946634139778555,0.8990231546694525,-1.663954289348868,-1.4085711991619998,-1.4960652080358128,0.425446128939692,-0.2092736712791886,0.505453717903368,-1.462976537652699,0.6339228631917054,1.194302785286483,0
-0.38690333224449996,1.438084689746354,0.6888637554829099,-0.9877352870797532,1.1087480027479941,-1.5549544203751444,-0.15022976709574634,-1.6100128477784486,0.4174604420824515,-1.6849204561109332,-1.613849082530041,0.6884595471306819,1.6506395643812892,-1.2528217242054058,1
-1.6102720362461211,0.1127907163139676,-0.7033846625764184,-0.8808516196445798,1.5755045523688094,0.2570688220907757,0.9083475342510262,-0.1135869707981181,1.2076194967375327,-0.04681336256848618,-0.5541976823133364,1.4056049087251423,0.12556451259691354,0.5659029927645086,1
-0.5759672040175129,1.1471431096527318,-1.3666141660420636,1.4599799224403989,-0.6320437615392995,1.110641771513274,1.0388032534199179,-0.5256151857629718,-0.21799263628731405,0.015078763333698852,-0.9074148157189045,-0.02868581446377844,-0.721699405061073,-1.2516560531105705,1
-0.9548523796394887,0.04773487371020362,0.961757030757837,-0.07789872594443495,1.2711674675663558,-0.5941030819575229,0.004448424037749743,-0.15476249153659183,-0.7481565783653493,-0.621010585783174,0.1522365844977999,-1.462976537652699,-1.5689633227190596,1.5114130076389944,0
-0.5574112148574452,0.3991469705067883,0.4878810108191974,-0.08407880493931792,-1.2642510233805602,-0.5149628136725071,1.3862373768411413,-0.771414959183954,-0.785065498139976,-1.2929699799153942,1.2118879847145043,-0.7458311760582388,1.481186780849692,0.2307200317737101,0
-1.2688545049214024,-1.4309255240507786,-1.5634239333302804,0.943615536509226,0.7358222253706537,0.3386332804859993,-0.7791753372987805,-1.1154642178888972,0.17616715634686012,-0.4269584075533155,1.2118879847145043,-1.462976537652699,-0.5522466215294757,-0.6124030774115248,1
1.3708312087865564,0.8500545044695441,-0.48998670493234453,-1.1729961965100664,0.8646716822874143,-0.7758224038982112,-0.2856124267623612,0.7260995044365766,-0.13239761359790092,0.6222000516570602,0.505453717903368,-0.7458311760582388,1.3117339973180946,-1.28820168510939,0
0.353900666036342,-1.2987910409642227,1.5640241342644772,-0.010859914208691285,0.6405279900267064,-1.6324367434649556,1.3995298127744624,0.1130747030765169,-0.16439918694666938,1.0127253538206684,1.2118879847145043,1.4056049087251423,-1.230057755655865,-0.4624785746997679,0
0.6467514402264632,1.0924743709019622,-0.006899764296247546,-0.21089807505748107,-0.8434560171394292,0.8191104902491205,1.3914487177734933,-0.9910261548631931,-1.4015194672156992,0.12040481989945315,0.8586708513089362,1.4056049087251423,1.6506395643812892,0.7314832723581459,1
1.023711081741427,0.9416766195874029,-0.2398267737878734,0.372052059408522,1.3218768889254604,0.44001158149337544,0.6644040488247134,-0.5716195604444841,0.8228022044229713,0.3299128079669276,-0.20098054890776826,-1.462976537652699,0.12556451259691354,-0.4132696694428503,0
0.028033872317151747,0.6907437133441326,-0.15387843667051893,1.77820728043392,-1.1345827167838864,0.284696283046144,1.2627276573622253,0.38429805742926887,-0.9669139043136259,-1.0502336273382529,1.2118879847145043,-1.462976537652699,-0.8911521885926703,-0.9099019443868683,1
-1.381329940314577,-1.612282082547551,-1.0103059656198135,0.9746033961202114,-1.5365259883344082,0.8414443668326037,-1.39693130357524,-1.4402448473387846,-1.0264085944293808,-0.7427505239909277,0.505453717903368,-0.7458311760582388,1.481186780849692,0.27507379347669186,0
0.1604499703960773,-0.6981451954231616,-0.4601903325696068,-0.32306833041805627,0.779162079001842,0.6115420950575425,1.283496521308662,-1.1760907661972422,-0.2613970372581572,-1.1875353892429588,-0.20098054890776826,-0.7458311760582388,-1.3995105391874623,-0.29570401762231524,2
0.3307789616101449,-0.8351650234522517,-0.45638318836068476,1.1775192574756104,-0.06498703953204278,-1.0122204666861252,-0.5963247546128426,-1.4366761812737487,-0.9171372877357681,-0.8776205540708821,0.8586708513089362,-0.02868581446377844,-1.0606049721242676,-1.197058046499815,0
0.8739402806818396,-0.5029413973605573,-1.5490742114513836,-1.1163648634668175,1.2383473280956392,-0.5050453377344313,-1.0876711910973815,1.158635065065989,0.34513953462152613,-0.9641720459174501,0.505453717903368,-0.02868581446377844,-0.04388827093468376,-1.2393269485565788,2
-0.2006806907387061,-1.4359990285915538,0.9126870805663886,-1.606138234602194,-0.38619155201899485,-1.288199704725061,-0.8768953008421823,0.9482628395206136,-0.4077846698181728,0.080329180730053,1.2118879847145043,-0.02868581446377844,-1.3995105391874623,0.7402171211715369,0
-1.2420791450567297,1.4721783989956019,-0.2956721938791263,-0.9985353787584799,-1.1366055372308919,-1.2752370010519871,-0.26016319540016447,0.9514362518209757,-0.13323591808350846,0.23365581530139212,1.5651051181200724,-1.462976537652699,-0.38279383799787836,1.6959147392191474,1
-0.7071466790924522,0.1601983731016266,1.1006624350036884,-0.5237141717840372,1.1941990673834542,0.6148803002711408,-0.8360713089551131,0.8215512887757099,0.1796306986257764,1.5891247358134033,-1.613849082530041,-0.02868581446377844,-1.5689633227190596,-0.9563977184275938,2
-0.43554131841224164,-0.6899411006087794,1.1976170645134903,0.07056395118679348,0.19117793186436718,1.245927701947159,-0.5965054264656718,0.6567178943163293,-1.0030762764183008,-1.0681254966940004,1.2118879847145043,-1.462976537652699,-0.721699405061073,0.9751505426256722,0
0.5331005104540961,-0.3767784231500059,-0.9995967675733869,0.43567594775378143,-1.0636385051504071,1.606185147212437,-1.2373766898667136,-0.018887755941046466,-1.1724666425012973,0.5137393596910393,0.505453717903368,1.4056049087251423,0.12556451259691354,-1.4767449386916842,0
0.2757676796567231,-0.2048143890568393,0.5333300667895633,1.4675622349256792,0.7893446707916427,0.44934284941822383,-0.6807311483783854,0.5615285176499021,1.3964355401541027,1.1363493322404157,-1.613849082530041,0.6884595471306819,-0.04388827093468376,-0.4253405015094352,0
-0.45946522140507234,0.3204212531984422,-0.10368651801352294,0.06802594560247009,0.05933136861409997,-1.0875730070124987,0.27271424991411386,-1.5591743935747688,-0.1870763172161448,0.22497784784300537,-1.613849082530041,1.4056049087251423,0.46447007966010817,0.022133418506964986,0
1.6995669700134444,0.02966035795632503,1.3002187155014295,0.03806791227256198,0.3844455446531584,-1.358982558847968,-0.17768346811771557,0.48843935239513525,-0.2637533869988718,-0.8573792166450436,-0.20098054890776826,-1.462976537652699,-1.5689633227190596,-0.8288823588095656,1
0.3956223461278069,1.4120303934313139,-0.9867008887707279,-1.5370633423266276,-0.11583838386488735,1.0876536730101003,-0.5062008950720369,1.037697477720655,-1.5983521270874552,-0.8306194536392439,0.8586708513089362,-1.462976537652699,-1.3995105391874623,0.10400227915491618,0
-0.8665662267318611,-0.0344257388258087,0.6037524021564042,-1.5906050497298423,1.167222742681956,0.27777872034447265,0.8741475650857549,0.0631654402026236,0.040694364579390595,-1.622419381491954,1.2118879847145043,0.6884595471306819,-1.230057755655865,1.3666638356903167,2
-1.330430524012299,1.6611918243480015,0.3626022210359139,0.21227780578325514,1.1702008788006393,0.4145319498734319,1.3819637319145783,-0.43844665450033654,0.23989585077667838,-0.678519620490332,0.1522365844977999,-0.7458311760582388,-0.21334105446628107,1.5877806568594577,1
-1.1555051953029856,1.1793015208001199,-0.7128526769656046,-0.18228444923318537,0.75098938104885,0.9790604746175292,0.9098433388282017,-0.7196773241013749,0.25645472737959396,0.8787164696418902,1.5651051181200724,-0.7458311760582388,-0.8911521885926703,-1.430427325944903,0
-0.8366648634298942,-1.022130343976725,-1.2590999401547625,1.2181251682043595,-1.355944771386052,0.7085715826350057,-0.5570248989856027,0.5633681887871107,0.781778300635872,-1.5931131796486997,0.8586708513089362,-0.7458311760582388,-0.04388827093468376,-0.8177985776512138,2
-1.128715920299358,1.4503919093769309,0.5136634407639697,-1.1513881442682703,1.2026118725537842,1.1624063745741386,0.8672068220228532,0.7389443166557615,-1.09543465857877,-0.9839991998131348,0.1522365844977999,-0.02868581446377844,-0.04388827093468376,1.7118735181191327,0
-1.0400637768018177,-1.3376451006276608,0.8129717745892256,-1.6253179087281613,0.6171200905671307,-1.5300132123704255,-1.178666891410823,1.3645903087039581,-0.830482318117136,0.7426543019774334,0.1522365844977999,-0.7458311760582388,0.29501729612851085,-0.8229042300239487,0
-0.7026285201931344,1.0629653627148208,-0.6428910599104777,-0.14435777220562024,0.7078568360418611,0.8616363898786226,-1.2534701955178176,-0.4917498269020487,1.149384583031929,1.0136322445516028,-0.5541976823133364,-0.02868581446377844,1.3117339973180946,0.6874459733098729,0
-1.085248104936349,-0.43279134220867665,0.49023321306055634,-0.8831847996591901,-0.45740426950775287,1.2191249168805338,-0.5099708075689917,1.0092347045365624,1.6330547609734274,-0.14707372711016392,-0.20098054890776826,-0.02868581446377844,-1.5689633227190596,-0.8835798968279422,1
1.392195354947534,1.27021037132969,-0.36923984937641996,-1.5392587155602975,1.3436318169966357,-0.734576438845122,1.0856552388871081,0.2773630582195073,-1.2427230804009695,0.7137258997927655,-1.2606319491244726,-0.7458311760582388,-1.230057755655865,-0.5155072497252732,0
-1.4042297438930786,1.2362509733524631,0.7255774339147573,0.8179726164570494,0.8067432911582171,0.4912046352743014,-0.8527976409499409,1.4062688963468792,0.03953606695820395,-0.3859508406259444,-0.9074148157189045,-0.7458311760582388,-0.8911521885926703,-1.1059527102017062,1
0.11731459576431848,1.0235044672037346,-1.0435813186226655,-1.3228121341582986,-1.330866539117501,-0.6376139596750756,-1.4850557876102335,0.15957153713520775,-0.9653556799782771,-1.1945647503292813,-0.9074148157189045,0.6884595471306819,1.1422812137864973,1.2725488712954751,0
-0.2735004028015269,0.9690778165320577,1.3348392555353725,0.4118947913381729,-0.3011418753486025,1.5897121683892166,-1.2486649426340108,0.12381562264288001,-1.5116396393882425,-0.3497916683287118,-0.20098054890776826,0.6884595471306819,-0.38279383799787836,1.3667866416998131,2
1.685399998266812,-0.6928350900384539,-0.7400165261515504,-0.7310220884673772,1.3684020839855529,-1.6088588078869401,1.2619141637338804,0.3353788137802112,-0.5707094518550787,0.29492645983907956,-0.20098054890776826,-0.02868581446377844,1.1422812137864973,-0.7281459692559666,1
-1.295304713525806,-1.459021138937318,-0.4633610441780213,-1.1066294859133305,-1.5589844540701028,0.28136414450180053,0.4850825580780493,0.9373984318616866,-1.2152326159792488,1.600137954046491,0.1522365844977999,0.6884595471306819,-0.21334105446628107,1.1555576160218157,0
-0.31645109962828283,-0.356238139558414,-1.5293276959337139,-0.38632807931948443,1.630156621169121,-1.1484543970105334,-0.8291333362142139,1.6937059173853146,0.7920653346307687,-1.5178213985119096,-0.20098054890776826,-0.02868581446377844,-0.721699405061073,-0.5087973826910543,1
1.641192566243852,-1.1419274563734503,-1.3454551979675338,1.086345397077437,0.6455489014544641,0.7395107699458956,0.2140517847513494,-1.4355603755976916,0.16742230144301665,0.037583881309591755,0.1522365844977999,-1.462976537652699,1.1422812137864973,-1.435926430364235,1
1.2851431812544214,0.64351240543982,0.04631615036999113,-0.3432261982624118,0.4788513966421785,-1.1159799782211999,0.1183429420644967,-1.5062441454721436,-1.2147120585309774,-0.5952765613238845,0.8586708513089362,-0.02868581446377844,-0.38279383799787836,0.9212436000462839,0
1.1192647385676606,-0.5510050192017443,-0.8082263498722849,0.9093702840606427,-0.7798123050377684,-0.9101576538055842,0.5598530546612598,1.5984010754719666,-1.6918338053178237,0.040837643697329194,-1.2606319491244726,-0.02868581446377844,-0.5522466215294757,0.34316043485110953,0
-0.7957557663762336,1.6045297205080793,1.1464421921791215,-1.2742928821208566,-0.8557453755595265,-0.014162517532246678,-0.8982437896608928,0.1668177478174748,1.1402620142011575,-1.676592959733854,-0.5541976823133364,0.6884595471306819,-0.5522466215294757,-0.8087265476943981,0
-1.093762085568922,0.45868047750107793,-1.6787055205489891,0.9862065784316817,1.562627279630498,1.4404781581210278,1.2814522808493019,0.46539842747772514,-1.0999984979058792,-0.6516373427710868,0.1522365844977999,-1.462976537652699,0.8033756467233027,-0.8852034973563807,2
0.6109315347363077,1.0801917369752756,-0.4244387065038592,-0.8850889007258388,-0.6831383040412556,-0.9920427103156424,-0.6351775932101998,0.00018605757227229736,0.42439830885103197,1.1456002769570615,-0.20098054890776826,1.4056049087251423,-0.5522466215294757,1.699317765606579,1
1.5038787144639985,-1.2823168349237493,-0.5681370205255675,0.6531190950782358,0.9816283790598241,-1.2254774470239795,0.6934759154650981,-1.3649982941074805,-0.5302314538983944,0.20263934016026036,-1.613849082530041,1.4056049087251423,-0.38279383799787836,1.294726697706939,0
0.22776825730453124,1.2155615814777008,-1.6627544619586694,0.26334047005737005,-0.3522683099771404,0.9012703225921197,-1.6477995564621608,1.0033249608600325,0.35090950714272906,-0.16386703809056227,1.2118879847145043,1.4056049087251423,-0.21334105446628107,1.1062312307886097,0
0.278625247415186,1.4235533832631015,-1.3012042125105323,1.5323055729271038,-1.2378539128597617,0.007455602337075955,-0.41663122154323146,0.9300567313127895,-0.6056259444364779,-0.7491518854175823,-0.9074148157189045,-1.462976537652699,0.8033756467233027,-1.3322117399044362,0
-0.7201498497385421,-0.06833012364124287,-0.30552235939827255,-0.3598880614118409,-1.6862452385942484,1.4299269185786054,-0.48896591290627545,-0.5993122668488753,-1.416400279062158,-0.7047656688325278,-1.2606319491244726,-0.7458311760582388,-1.3995105391874623,0.9109104201883875,1
0.9563176068966464,0.3397971315026596,-0.03284060283218193,-1.4814586701431183,0.17494898783141902,-1.217262485527538,0.17326498877650431,-0.6184998206829515,-0.934253368909134,-0.40315128949157686,1.2118879847145043,-1.462976537652699,-0.5522466215294757,-1.022757047079589,1
-1.0384311097433767,0.8827187200776903,-0.3377151298018243,-1.6456296129911139,1.6802573437257582,0.5101654231987469,-1.45230985637447,1.2482648624986896,-1.0579409330119582,1.2012807292361276,0.505453717903368,0.6884595471306819,0.8033756467233027,1.7056324778055603,2
-0.5704873453430492,-1.137427746243402,0.09820695966578429,1.175093900926425,-0.4359390709157903,-0.9188209101549875,1.024979552804394,-1.4397956827040577,-0.2072978146010029,1.6680780301576934,-0.20098054890776826,-0.02868581446377844,1.3117339973180946,-1.6037761726496964,0
-0.22199334127123277,-0.015241649698599294,0.31916265019357826,0.11999672498336604,-0.47760372204508117,-1.1821617575588335,-0.9514459714767473,1.4001891451882762,0.6089724474312234,-0.20615994177659194,0.1522365844977999,-0.02868581446377844,1.3117339973180946,-0.530625846190349,0
0.059432688357186785,-0.3710206877784067,-1.695122368603908,0.9948416968496498,-0.5233039208140412,0.6399059514431925,0.6344479323564668,-0.7925954895336517,-0.7894216557619782,-0.36680035136173283,-0.5541976823133364,0.6884595471306819,-0.04388827093468376,-0.2569840050636646,0
-0.8488158983928887,-1.2348947659515725,-0.13186494331329343,-0.8938465726889538,0.0922274298346234,0.3294242301664265,1.0701496434633517,0.38843062833967956,-1.6818075261773886,1.2402154594948633,-1.613849082530041,0.6884595471306819,1.3117339973180946,1.1577503721592985,2
-1.285722499994912,-0.47760952664530565,1.5870835517642696,-0.5073975884996601,-0.18642024329895013,0.8869151210413753,0.2367775681313421,1.592936497062707,0.11499976743536809,-0.24782503290217867,-0.5541976823133364,-0.02868581446377844,-1.5689633227190596,0.9503799258926938,0
0.4122160727310932,-1.5026686169118446,0.0572285871977197,-1.6073948053851217,1.345847180719011,-0.6538723391183632,0.8549171136983499,0.6873988628476786,0.42277773599622054,0.1958184930522223,1.2118879847145043,-0.7458311760582388,-0.5522466215294757,-0.448887896668853,0
-0.690520676328258,-1.6477167499666991,0.60281985147457,1.6452724037870063,0.03982142686058652,-0.17468535750124564,0.5820373903991745,-0.2385797330459371,1.688709656464969,-0.942701747567188,-1.613849082530041,-0.7458311760582388,-1.230057755655865,0.2326943426103317,1
0.3115903850034586,-1.2732715589840826,-0.6558449755321759,0.6198543696618437,0.04762508178974141,-0.3217185857141906,-0.47577486401149255,0.7274720131627856,0.36503555606282473,0.8748118742615408,1.5651051181200724,-0.7458311760582388,0.6339228631917054,1.198495673618329,0
-1.1503558079319285,1.5617447310639232,0.9347976222661306,1.5464855148233394,-1.2409323194978659,1.680071558985452,1.0896476938432595,-0.48597132900797424,-0.0543229092528048,0.12479369467147919,-0.9074148157189045,0.6884595471306819,0.29501729612851085,-1.7249850251347147,0
-0.031221659057115173,0.14556801500272257,0.9311150400386361,-0.7853386819230653,1.7045389472661319,-0.7134246982403402,-0.6858259448376299,-0.7202683882078702,0.30807151943826927,1.1071849164622687,-0.20098054890776826,-0.02868581446377844,0.6339228631917054,1.078976868687323,1
0.14497995489790103,1.5710140595587374,0.06502047341624584,0.4228749011242398,-0.8516252494916147,-0.70453945323004,0.2690162580638731,1.8060512664338912,1.5647440919949465,1.0068281653922795,0.505453717903368,-0.02868581446377844,-1.0606049721242676,1.5965721159153825,0
-1.5015278930132814,-0.2551652750963482,1.6301587355049203,0.656984482256535,-1.4677028933153011,-0.4978937700193938,0.8705065750204004,0.9425775805404163,1.2119442958767297,-0.9992131353764276,1.2118879847145043,-0.02868581446377844,0.46447007966010817,-1.6753959954037225,0
-0.5262221781788795,-0.6683969923354471,-1.2971364034931154,-0.6035541233071305,0.5896779880203522,0.2287823993159641,-0.3948804449870426,0.5701031481833023,-0.5796589877518907,0.7759970249688084,0.1522365844977999,-1.462976537652699,0.9728284302549001,-1.6270532741322676,0
-1.2186730533130126,-0.0029976409467562908,-1.6709463033438121,1.2493071579801498,0.35323641485898605,-0.8515537021471319,-0.6579718307346465,-0.44625530825483595,-0.8835454952043161,1.0753418089332483,-0.9074148157189045,-1.462976537652699,0.9728284302549001,-0.557895402122071,0
-1.4619670041713946,-0.23114897611156468,0.9216038662433703,1.5952250538037547,-0.2754408620703831,1.4420522460299636,-0.11727952339111107,-1.5212518521862481,-0.7935779483058639,-0.5343307320475554,0.505453717903368,1.4056049087251423,-0.8911521885926703,-1.4761624521526557,0
1.7113652123153997,-1.3742893129661777,1.0489486348179051,1.3776339880619806,-0.25085975535912025,-0.8053235945370737,1.1210886794294004,-1.58482537464237,0.06354047781327692,-1.1495458772414218,-0.5541976823133364,-1.462976537652699,1.6506395643812892,-0.07590805334216813,2
-0.5750264930023274,0.4581813651277466,-1.315526956294153,0.8685012980710765,1.0149724365092907,1.3746791370055773,1.5076999469722285,0.2521689691761328,0.913005353557967,-1.7522751386841908,-0.9074148157189045,-0.7458311760582388,-0.721699405061073,0.8162147794526606,0
1.0946145994668384,-0.996354521535193,-0.8151442307049208,-0.7435421503593542,-1.0409053024462775,-1.3665081789843116,0.17878655806039073,0.982056509633823,0.0592800709765962,-0.16272822080833463,0.505453717903368,-0.7458311760582388,-0.721699405061073,0.2374831743392815,1
-0.806927923781551,0.3854581552459395,-1.668864931613501,-0.7290444397051519,1.1377262204163519,0.5469576840931732,0.5806764711347784,0.19316713406160693,-1.484261373078429,-0.5119008778370329,0.505453717903368,-0.7458311760582388,1.3117339973180946,-1.0875228750939305,0
0.6549722448707967,0.49028195733520324,-0.7197121230516331,1.6517959642886089,0.5394484182737288,1.4133222098053655,1.415679307100207,1.2586018760110902,0.8404451561445029,0.2060721712308744,-0.5541976823133364,-0.7458311760582388,-0.721699405061073,0.5519077126968107,0
0.9245869537052612,-1.2155454022488323,0.9318736292932284,-1.6766095730306037,-0.26210090168528316,-1.140684495593762,-1.3631814259122228,-1.5765041287135602,1.1325095443900353,-1.0948248970241268,0.505453717903368,1.4056049087251423,-0.5522466215294757,0.659359548059054,0
0.3609087082520727,-1.5260304659378277,0.053539616136543705,0.7881195306819975,-0.1258490464219582,1.6255394903703853,-0.9020732775262116,-0.406004029982234,-0.6983461726444159,1.2867197438026052,-1.2606319491244726,-0.7458311760582388,0.9728284302549001,1.544890284971923,0
-0.06397576755930122,0.9373399352711769,-0.5311353684228284,0.7538819003299605,-0.8283427373752897,-0.15769279187730628,0.7444735903493697,-0.8613919485712279,0.6296817459446831,-0.8476223199603832,-1.613849082530041,0.6884595471306819,-0.21334105446628107,-1.265046468005182,0
-0.2685547507509341,-0.16167741813884678,-0.44975376376320625,0.4620789662095849,0.9000319462017549,1.5473113702364025,1.1410513603571846,-0.12324828681614618,-0.21235802347166788,-0.9587012709116668,-1.2606319491244726,0.6884595471306819,0.46447007966010817,0.6861183960292881,0
-0.4842209604493701,-1.53693921325812,-1.7246209751517507,1.7452092463890088,0.06547475753659254,0.617040123484624,1.2559887254210595,-1.4397284869855334,1.4272673628963273,-0.05702211392007106,-0.5541976823133364,0.6884595471306819,0.29501729612851085,1.4697150900162823,1
1.5044032340059696,1.6704654425506318,-0.6973669500703947,-0.6233562620814878,-0.6043635315422258,-0.6811191886562032,-0.2700438668156342,1.656627690710306,1.2716671189165667,0.007290608542829665,0.8586708513089362,-1.462976537652699,1.481186780849692,0.0038070241324640428,0
1.1656611169733557,-1.5382514635407387,0.49583037758337195,-0.5252496995126135,0.35562157530908944,-1.073038500727521,-1.3949746137505492,-0.9099044241528542,0.1380227615248567,-0.998927826664095,-0.9074148157189045,-0.02868581446377844,-1.5689633227190596,-0.49607180417639074,2
1.6259745673948345,0.6438005127958546,1.6238964326805871,-1.4368475658718403,1.7498700586050948,-0.6736873427270043,-0.19174558541312123,1.5448755638706444,0.7267411213553082,-0.7976049268962544,1.5651051181200724,1.4056049087251423,-0.38279383799787836,-1.1793780878425943,0
-1.2533229040198366,1.6321581976602892,1.1863026134623438,-0.16615179061280716,-0.205266546306301,-1.4026875532270393,-0.906714299382269,-0.1983252614701801,1.4068143665825446,-1.1598428592938037,0.1522365844977999,0.6884595471306819,-1.0606049721242676,1.3100553675911675,0
0.82403468027509,-0.9171132408633406,-1.6480663022853415,-0.8008719186451276,1.4880918228354096,-1.2267646103247716,-0.6979290221931019,1.7668650108038242,0.032685340864681604,0.7860130049799161,0.1522365844977999,0.6884595471306819,1.481186780849692,-0.38002360203588387,0
1.5345798655663008,-1.2490180721575146,1.3635648118497927,-0.5133241352548973,-0.5200764000987519,-1.362407241463356,0.963292703188952,0.25173749406823787,-0.6141439981336183,0.9690861749338449,1.2118879847145043,-0.7458311760582388,-0.8911521885926703,1.5178387773066502,0
-1.0583313028413328,-1.320460889932474,0.9664882307262427,1.2020306402660488,-1.532696048684438,-0.26127279102819323,-1.4426726575157014,1.5748121149557188,0.9470957917700428,-0.12221632957694757,1.2118879847145043,0.6884595471306819,1.1422812137864973,1.241998097972173,1
-1.4512773111684136,-0.6976425597177978,0.956773911479833,1.554445902815184,-1.0111513333041622,1.0278972815854792,1.154300340977349,-1.6751007383899938,-0.9444760613062566,0.7705060273902883,-0.5541976823133364,-0.7458311760582388,-1.230057755655865,-0.44299474120880356,1
0.8591493415879041,-1.3901050017547996,-0.15285907534797533,-1.0638944069476826,-0.2630589154380833,-1.235359699894171,-0.2266654223152004,0.9336180415166618,-0.34728055897061055,0.8479791841679174,1.2118879847145043,-0.7458311760582388,1.481186780849692,0.2625731477932082,0
0.2884215123514565,0.6339599082728136,-0.35934621705881303,-0.41162122031277903,-0.9574554110630437,-1.2736337508285247,0.3548311056306313,1.4772525925767122,1.3443440441963386,-1.2712909466377356,0.1522365844977999,-0.02868581446377844,-1.5689633227190596,-1.692887207199443,0
1.2040505163548136,-1.5228043363563624,-0.6866444295094105,1.5305100005019798,-1.7228322112139172,0.5015200607699052,-1.3938960878841218,-1.2032438741473201,0.8434287066698014,1.6644073298679973,-1.2606319491244726,-1.462976537652699,-1.5689633227190596,-0.848644903637063,1
-1.2003242172988924,0.008234461009616431,-1.503158495850735,-1.4966735750963387,1.4682434520563774,-1.0423156094080788,-0.5385214989935171,-1.3563303072791841,-0.29311460280940993,1.149727048408888,1.5651051181200724,-0.7458311760582388,1.6506395643812892,0.750270381077134,0
1.0445886700665004,1.67673346440876,-0.943694194188008,-1.389977268496916,1.2201428686186722,-1.386798862351532,-1.3937279605611481,-0.20296247401080905,-0.9633412772151588,-1.0365211313667864,0.1522365844977999,-0.7458311760582388,-0.21334105446628107,0.634525445223174,0
-0.9884858762679344,1.0510512613405476,-0.880470616730475,-1.1440145332397464,0.8657687828214623,-1.1472607248100262,1.616896043579695,1.5848062256935391,-0.462713108482831,-1.1014772949317322,-1.2606319491244726,-0.02868581446377844,-0.8911521885926703,-0.5262231620454471,0
-1.1185287330546096,0.3704997235431644,-0.06308722234254882,0.3661226731374174,-1.1382241179080026,1.471256364504883,1.0841333574703633,0.21075092534312323,-0.717466493858864,-1.316020875478542,0.8586708513089362,-0.7458311760582388,-0.5522466215294757,1.101974036617031,0
-1.1164401257719259,-0.687443837445864,0.84342296494629,-1.1870349192529914,-1.3037510247004849,1.117476458272431,-0.11628934612695417,0.1583226619224424,-1.1003711341699232,-1.2709255904828431,-0.5541976823133364,1.4056049087251423,-0.721699405061073,-0.9465908037337536,0
1.1107119115212079,0.4002089630206692,-0.09842705967751073,1.668265759407406,-1.487793548963779,-0.49956699674156724,-0.9313424736327534,-1.1983081649219989,0.9104652808973183,0.8913333742433309,-0.20098054890776826,-1.462976537652699,1.1422812137864973,-0.14030633414664634,2
0.5991298141409391,0.06856561017151362,-1.5301795998221,-0.15247466628947645,0.8020604577949312,0.544390880328423,1.519901188419121,-1.6911117195130678,-0.8310255686698054,-0.09623957556349835,0.8586708513089362,1.4056049087251423,1.1422812137864973,-0.10003367733731772,1
0.11236251323512399,-0.27712943004939794,1.5674316636687657,0.038914146095993564,1.516405420130985,0.13427144525319723,-0.5135290996447425,1.1509895005713056,-0.11460468428061865,1.0146343643049338,0.8586708513089362,0.6884595471306819,0.46447007966010817,-0.5711188651513897,1
-0.4501027553632422,-1.2885292463437215,1.5155762856448098,-0.8511254832862073,-0.22175420252939096,0.6180926046139693,-1.1475736614149066,-1.3863588620106784,-0.3567515406793778,0.8845715915487119,0.1522365844977999,-1.462976537652699,0.29501729612851085,1.6243624139950916,0
1.3251903218778744,1.2997603769138715,0.9733416982609069,-0.06780185867284412,-1.3080169720761672,0.6372826605223118,0.24122329424767033,0.5319316908094351,1.7567966323200903,0.38231594234463107,-0.5541976823133364,0.6884595471306819,-1.0606049721242676,0.7016688961694891,1
-0.3349807353566885,-0.19597287743008746,1.6828697821305811,0.5990603905732901,0.06379363480688047,0.45068136275150544,1.555534532419005,1.517866856818475,-0.338201663849426,0.6722109043934646,-1.613849082530041,-0.7458311760582388,-0.38279383799787836,0.13841226550228633,1
1.1176460891498878,-1.0696848695229317,0.14482765049000873,0.9107933444565401,-0.5067680173574873,-0.8038850772487816,-1.6902540938388846,-0.9611857747228072,-1.4410626021678508,-1.6965201989613425,0.505453717903368,-0.02868581446377844,-0.8911521885926703,0.03582077786237653,1
-0.1750793682051892,-0.4768393386971583,1.5845678267176808,0.9201908745628834,-0.4160946506865763,-1.5895443467698214,-0.8811944773212952,0.642276204825062,-1.4061689437580875,-0.6560616486936942,0.8586708513089362,1.4056049087251423,-0.8911521885926703,-1.220342096115478,0
-0.38806683858889723,-0.3180603894476895,-1.469047657578083,0.3056304100350481,0.44380944580080306,-0.1484092078311807,1.5371412758858414,-1.4175276188713535,0.3695834057659727,0.5000749438128818,1.2118879847145043,0.6884595471306819,0.46447007966010817,-0.45892109028326467,2
-0.09444381300747624,1.0975087715846121,-0.47060727703006366,1.4457496696102354,0.7835334395879653,1.3579282497141771,-1.1126913132140952,0.42625176125211295,0.4001046133813708,-1.7284719138928895,-1.2606319491244726,-0.7458311760582388,0.12556451259691354,0.6161502962343414,0
-0.6468641604907756,0.7759010974820317,-0.9535179888353957,1.142089383457066,-1.3377974767710652,0.24574546554545978,-1.312431523262242,-1.1182244128905814,-0.2401251081988896,-1.6446741319945586,-1.613849082530041,1.4056049087251423,-0.38279383799787836,1.5167220846739728,2
0.8813716881020955,0.89811056652179,-1.0552228168256812,0.9312964296592167,-1.599472166413935,1.1552546364079577,0.26547433180924745,0.8904773895255468,-0.19374081451914701,1.2591409107637,-0.5541976823133364,1.4056049087251423,-0.38279383799787836,1.1300717478300828,0
0.04268565063174079,-1.6983278036798402,-1.244636503405527,-1.5183359612501623,1.7449718603382045,1.7061392790511352,1.2726150452462752,-0.636085651097885,-1.533407557799091,0.6639072014196966,-0.20098054890776826,0.6884595471306819,-1.5689633227190596,-0.7157091415741804,0
-0.8837383045718331,-0.3111290801207425,0.41306716014239586,-1.6885061350794484,-0.911780662852684,-1.1584434687390393,-0.05593802342023376,-0.06664845957023104,0.10652436847309806,-0.8206216454182179,1.5651051181200724,-0.7458311760582388,0.46447007966010817,-0.23799671082848886,0
1.4018160150987744,-0.08790858389024918,0.9600291209618501,-0.970600981394563,-1.5358431970562612,0.6687875255244433,1.7309216583548044,0.4110655658139922,0.06466930853502383,0.6778710637340374,-1.613849082530041,-0.02868581446377844,-0.8911521885926703,-1.493516172573702,1
-0.3642757428346091,-1.6703833191241308,0.26122252787894634,0.6046828225871624,-1.0612680269128267,0.6082995304457193,0.6418166051709693,-1.0924434647878838,-1.1944533494428877,1.0484006306995228,-0.20098054890776826,0.6884595471306819,-0.38279383799787836,-1.4246498306033697,0
0.182527067387301,-0.8464625123771311,-1.2234346114481778,-0.27651003069556335,-1.5877246636087978,1.6657694862161376,-1.44768728214835,0.91043813001846,-1.3564916563378462,-0.6737323916382107,0.1522365844977999,1.4056049087251423,1.1422812137864973,-0.10826069957458034,2
1.4254384268353408,0.8672416636556302,1.0626072885123272,-0.3072114465453609,-0.35684123209597945,1.6852999591991533,1.7249403311158547,-0.6311376705688543,-1.2865392702807394,-1.633821996252016,-0.9074148157189045,1.4056049087251423,0.46447007966010817,0.10629483228819221,2
0.4588542961656457,-1.2666170200840339,0.45967549835246313,1.3766972562529816,1.0754533900043104,0.6511468946093246,-0.29495139651381985,0.6320891875329192,-1.3664569369681436,1.545976604106346,0.505453717903368,-1.462976537652699,-0.21334105446628107,-0.8457632787307944,1
-1.27866332982579,0.09687872148995463,-0.3932140679597469,1.4150283572802564,-0.5332359082179392,-0.8816797947599062,-0.7110300881614078,-1.1380601837220055,0.4367756053702354,-0.5376192520017433,0.1522365844977999,-0.7458311760582388,-1.3995105391874623,0.5088864230490153,1
1.5396884664509205,-0.9992181693901577,0.591075846529211,1.46256669511766,-0.174146317243167,1.0381981295043894,0.22297256763028656,0.7224976822248227,-1.0280781756812785,-1.384029946282026,-0.5541976823133364,-1.462976537652699,1.481186780849692,0.7256200083874201,1
0.4707384093965486,-1.6945971634220105,-0.8346873991787832,-0.6163764533688249,0.633075191686402,-1.35421249160395,-0.652653998909561,-1.2437411772578846,-0.8332933804135583,-0.017510284162938955,-0.9074148157189045,-0.02868581446377844,1.6506395643812892,-0.7202645326919925,1
-0.5320396932505687,-0.9101918350768754,-0.5411288164174975,0.7008329789942762,0.05158868364588253,0.9764215397393301,-1.4049280228455157,-0.20020978292966568,-1.1092942214839474,0.9633373596523761,-0.20098054890776826,0.6884595471306819,1.1422812137864973,0.922489424509994,0
-1.2020376383393148,1.6054321676222079,1.4287054692338592,-0.7639073629003033,1.281420606472968,1.4244296437609487,-1.6985484337482335,-0.8257996644514147,1.6708602844258278,-0.9756590188820025,-0.9074148157189045,1.4056049087251423,-0.5522466215294757,-1.054714870594434,1
1.0403346982061774,1.0084783347985606,-0.7293638508540193,-1.046863402562002,1.2974322052637959,-0.4000381429280357,-0.1509916675281247,0.9340971732172169,1.3049607227754814,-0.8060112201624422,1.5651051181200724,-0.7458311760582388,-1.230057755655865,0.15648129797666577,2
0.44458934853635823,1.5496285083274928,-0.11158086732071977,-1.0677380590762138,-1.6890519920769638,0.4572590440701198,1.1863533995051034,-0.7737266527209705,-0.9075075126338441,-0.9009541724487254,1.2118879847145043,1.4056049087251423,1.481186780849692,1.0864983952204987,0
0.14796517929980296,-0.06561777292286437,1.334585011430999,-0.5177910425238478,0.9904923716862503,-0.2363664286464055,0.2728225797074862,1.4023387885601162,-0.5633964271688962,1.7548113448428482,1.2118879847145043,-1.462976537652699,1.481186780849692,0.13057866230517665,2
1.3823565618013636,-1.3603478598460377,0.7066962331566276,-0.21099444216260874,-0.11641305151347714,-0.20999618706454215,1.7469548863804814,1.437815971601256,-0.9805400510201027,-1.0616254688815712,0.1522365844977999,-1.462976537652699,-0.21334105446628107,1.457324027224421,0
1.021745175675493,0.140191947693386,-1.5151766934431898,1.189379447678161,1.7258215189672543,-0.6507299342807911,-0.7129496662618932,-1.00406429506163,0.01906910243587256,0.27915549501853765,0.1522365844977999,0.6884595471306819,-0.04388827093468376,-1.5808429806977644,0
-1.1595609997980896,-0.18024685846453314,-1.2222631796832857,-1.2938328864470738,-0.037929952025549114,0.9121777320690506,-0.7350209006150499,0.4616864406583162,-1.6550766706803728,1.519330646450674,-0.5541976823133364,-0.7458311760582388,0.6339228631917054,0.3140742430167705,0
-0.6114377790737007,1.1551000964685487,-1.7022894040162657,0.8540393268157737,1.7190380409586172,1.5143117557559662,-1.1518382314562474,-1.3858564292529656,0.6553550524547158,-1.2407211924947574,-0.5541976823133364,-0.7458311760582388,1.3117339973180946,0.21908602448223014,0
-0.827995386616453,-1.4002515298195566,0.442352201823376,0.1434623051890564,0.9085960040443997,1.5301370189636385,-1.1369408011504112,-0.318969379759691,0.12996213793468667,1.680988791043976,-1.2606319491244726,0.6884595471306819,0.8033756467233027,0.5717292213439074,2
0.8688264919048413,-0.06429231028370949,-0.18838854027483248,-0.7069407638758236,-0.8563973670697158,-1.1198166773389218,-0.718682104797272,0.8110038509200608,1.4610135388291254,1.598095320362829,1.5651051181200724,-1.462976537652699,-1.5689633227190596,1.190668954326812,2
-1.5641705292737704,-1.2223121567301103,-1.267106212071291,0.008537001390850861,0.15449889101983627,1.3017780150830753,1.0343330641757433,0.6217348899094499,-1.141834723041021,1.3750366548488622,-0.5541976823133364,-1.462976537652699,-0.721699405061073,0.8059943415971871,1
0.27272437004689465,-0.6243632019182159,1.567928413242696,-0.6650448602279782,1.7373160540679626,0.8267317391923706,1.4242541170897902,0.49980369940050745,1.1259128541021646,-1.0008025952147581,0.8586708513089362,-1.462976537652699,0.8033756467233027,1.036432146503477,2
0.932226997027033,0.788716631708351,0.093808241296057,0.36915788549460316,1.2677633488737328,-0.8497731931745834,1.6636639080778195,-0.7017186393950737,1.0828482776744537,0.4867169248845999,1.5651051181200724,1.4056049087251423,-0.721699405061073,-0.7571011824025556,0
1.3237008798437964,-0.10614565299127453,-0.8966836066567453,-0.19742239223407068,-1.3839720558291826,-1.4917129154125772,-0.9013443947932355,-0.36641840795800323,-1.2737467023908684,0.9364721218042946,-1.2606319491244726,-0.02868581446377844,1.3117339973180946,-0.40416192749916496,0
-0.5074631557913296,-0.4490046942754052,-0.006203016059424124,-1.1383761114960098,0.7404655668315545,-0.7973260140681957,1.3397921133192532,-1.3323802867894265,-0.3117317757658191,1.7347940327568554,1.2118879847145043,-1.462976537652699,-1.5689633227190596,0.45164070149794827,1
1.1335981599501639,-0.3853567214427874,0.6099725506853253,-1.3053854074509585,-0.5181133317200458,1.431390762711138,-0.569959148000844,0.8310237012815019,-1.121416105022462,-1.1218353336118834,-1.613849082530041,-0.02868581446377844,-1.230057755655865,0.18942193881365102,2
-1.3001239167738716,-0.1628883851563072,-1.4668648195644718,0.19668730041989516,-1.6992674640121272,0.466058139003329,-1.3138228312484632,0.0755628584187754,-0.8216293408000878,0.9546785256369887,-1.2606319491244726,-0.02868581446377844,1.1422812137864973,1.6473876275356218,0
1.2198849458785181,0.9519095249132377,-0.7837498168046884,1.4389511067748526,-0.31613164688463097,0.7700745147415042,1.30086580631318,0.795004740509381,-0.791406459981582,-0.5602376711998602,-1.2606319491244726,-0.7458311760582388,0.9728284302549001,-1.1218487772075372,2
-1.2423929916581902,1.318526310018696,1.0482944949651103,-0.5113300991841274,-0.9047129629578149,-0.8348451605288485,0.49310203396625124,-0.8196984619615261,0.24722205059969846,-1.138846504971368,0.1522365844977999,0.6884595471306819,-0.38279383799787836,-0.5337021024291263,1
-0.3183974198425825,1.5351034323960724,-0.14711399509284592,0.8473141071763838,1.1328981417519144,0.7643090612710821,-1.134636471838673,-0.5545925915479525,-0.2661734292222136,-0.2674283726651216,0.505453717903368,1.4056049087251423,1.1422812137864973,0.2584276208991963,2
1.0515342681723068,0.9583703457363546,0.15203798238504465,0.5877025333933851,-0.5468888494515202,-1.6272018730459814,-0.2191990694834646,-0.5202594693500451,1.6350476726046976,1.0532913531449142,-0.9074148157189045,-0.02868581446377844,-0.38279383799787836,1.3142645854538044,0
-1.165579852566671,-0.6561017026185416,-0.2395277804241362,1.5407226507293332,1.1630880082293857,-0.42602688016850404,-0.7115302421720976,-1.603487560721905,-1.2766218045708733,-0.11327591156548712,1.2118879847145043,1.4056049087251423,1.1422812137864973,1.5338120750537945,0
-0.8938800463052268,0.6201721266705152,-1.5781765823793337,1.1545678856756054,-1.721538371112842,0.44382903501510773,0.8407983394331427,-0.4962664579537266,1.7270715674778363,0.14441973739413347,-0.20098054890776826,-0.7458311760582388,-0.21334105446628107,-0.5882164845129553,1
0.7945306913302677,-0.2376841767438501,-1.1587695289975368,0.26621707347000145,-0.6498358577857455,-1.2190545329535785,-0.13775607784447547,1.1269860188411414,-0.9069977421931843,1.7671737828750693,-0.20098054890776826,-1.462976537652699,0.29501729612851085,-1.5500585383644125,1
0.7869413139228724,-0.864071471614171,-0.1957261484801336,0.5820071287360689,-0.882349720209199,1.1227776890409087,1.7126740164496848,1.457053418273941,1.0151860071144259,-0.34638824711547045,-0.5541976823133364,-0.02868581446377844,1.481186780849692,-0.2821207206352069,0
0.5167657458460694,1.1431652299579795,-1.009263929925621,1.4248892172977634,-0.908853874595914,-0.9113753077609007,-1.5144368564950184,0.12588214404789255,-0.5229713999707553,0.4205697633903159,1.2118879847145043,0.6884595471306819,-1.0606049721242676,-0.37967392555168294,2
0.6975958575861378,-1.6045230795039362,-1.5572523726095575,-0.3172953103622635,-1.4857637677090745,0.5321450668345122,-0.477551628607192,-0.09435243400415497,-1.2173816553621801,-0.46647208549452723,0.8586708513089362,-0.7458311760582388,0.12556451259691354,1.7381726492314995,2
0.17968993529072066,1.3516627931668077,1.174561393062789,-0.5712679955501653,-1.0708647487538747,-0.3226683646132622,-0.0393961183012944,-1.5856409654061308,1.3165587339830942,-0.3688115855502885,-0.5541976823133364,1.4056049087251423,-1.0606049721242676,-0.24835227419524541,0
-0.8166597078377715,-0.15593498815362647,1.6479838374979678,-1.674770582501372,0.2143405204060135,0.3375853585422603,0.033926441946650704,1.3935142916109173,-0.629705658499446,0.7050965365376108,-0.5541976823133364,-1.462976537652699,0.6339228631917054,-0.696634541474611,0
-0.49508523451904785,0.44576939694132206,1.0007170574156314,1.17402007166838,-0.707247787837438,-1.3527545494982751,-0.612499707437817,-1.6481977167519315,0.6109988006059587,1.5640887738656022,-1.2606319491244726,1.4056049087251423,0.6339228631917054,-0.48327589276641536,0
-1.057082461900519,0.5216225678917491,1.209446942735404,1.0847212231204615,-0.2675950610543317,-1.665979591944969,0.814711967142317,1.6236835653086095,0.2834061373611071,0.16156740563817648,1.2118879847145043,0.6884595471306819,-0.721699405061073,-0.37043870445960203,0
1.4322141446812469,1.3289119171154518,-0.8963950425013302,-1.3477416958260895,-0.4089715442910029,1.4222442212170425,1.3171722000380082,0.02403899729579877,-0.052253558924518884,0.9630967078848299,-0.9074148157189045,-0.02868581446377844,1.1422812137864973,1.1482276227315817,1
0.3189658570214161,0.44394845532083665,1.5771972163771237,0.30202033225892416,1.3318598411014668,-0.7916773688317784,1.5380793702674853,-0.49315301618705726,0.033048563046758246,-1.4452869036609517,-0.5541976823133364,0.6884595471306819,-1.3995105391874623,-1.500321073508816,0
-0.3061911426986221,0.3660967756338514,-1.0514620184599273,-0.09217290877215284,1.4343973673092107,1.1112690584390166,1.07664593739013,1.5515850015755344,0.8711343339135663,-1.0128534385889187,0.505453717903368,1.4056049087251423,-0.38279383799787836,-0.6580645248529632,1
-0.09675203974350575,-1.5078742368327689,1.5455405804310876,-1.2979607516871448,-0.004005877547388073,1.7328680556879823,1.2337197964428763,-1.6082331715483653,-1.4134461032012764,0.0189235027789938,1.5651051181200724,1.4056049087251423,-1.0606049721242676,1.6660381224707308,1
1.5652070935555769,0.039003458561588884,1.6948871523079485,1.7118907544291702,-0.5719167423799443,-0.9930221740057029,0.1976474012371367,0.34783725283784245,0.6440561448907066,-1.690648113589287,0.8586708513089362,0.6884595471306819,-0.04388827093468376,-1.2424939582594408,0
-1.153819309440309,-1.221900108473135,0.7204692400835414,-0.9627482096901311,-1.3510633967091712,-0.8071046821509084,1.148454150032116,0.23373761815175023,1.4509926479492024,-0.8649982995836748,0.8586708513089362,0.6884595471306819,-0.5522466215294757,0.8658957527194785,1
0.3286854537054037,0.7889792339059913,1.6478158769770441,-1.4777254557180792,1.6022016972742497,0.5687431242112212,-0.6554292541918794,-0.9237225002481341,-1.519739692629042,0.07306886666964432,-0.5541976823133364,0.6884595471306819,-1.0606049721242676,-0.515407434968087,0
0.05353627961103535,0.01782135526317332,0.23107536453883942,0.36484640406617325,-1.5135300912815435,1.615581615345592,-0.32746465914455514,-0.18781061358099663,-1.2259889337367145,-1.7085570082747605,0.505453717903368,-1.462976537652699,0.9728284302549001,0.2907251864199653,0
0.41507298359326855,0.5930976676019285,-0.8359375197836267,0.8678017989976604,-0.6853086890024076,1.4438664909619987,-0.6091252963954759,0.596594625818976,0.8158123061082405,-0.8235415443636844,1.5651051181200724,1.4056049087251423,0.6339228631917054,-1.4340357943028887,1
-1.6169880385635877,-1.5934064180187635,-0.2251406245244137,-1.5992243636322099,-0.6838577918863175,0.01526043327087407,-0.08951143631053884,0.8594969330009304,-0.17446366565600702,0.06111735785207471,-1.613849082530041,-0.7458311760582388,0.9728284302549001,-0.6941714650591964,2
1.3078040757080696,-1.4457603420993235,0.3137561658529613,0.5878990920137422,-0.6059446601558313,1.0262778612405523,-0.7173249379673641,-1.6913668443525378,-0.29404473608975373,0.27074816494469417,0.1522365844977999,-1.462976537652699,-0.21334105446628107,0.0013062376552782813,0
1.5132704112796083,0.7166942430525055,-1.4777334690991413,0.14638520816489556,-1.150530237887619,-1.254863930104162,1.6171298902892286,1.5959538280321,-1.2390580273435052,1.5210577048368856,0.1522365844977999,-1.462976537652699,-1.0606049721242676,-0.961381370450858,0
0.25643449433158033,-1.4892732730512699,0.4128249227345684,-1.3518957924779054,1.0083358392567523,1.6570607450030268,-0.6231741363148224,-1.1161397569661435,0.07186751145747089,0.5267526765582214,0.1522365844977999,-1.462976537652699,-0.721699405061073,0.1479639078320231,0
0.7068508587120138,-1.4921071231153475,1.6479332662612982,-1.110024585519682,-1.2963058375664416,1.6117919598914405,-1.3649160006290189,-0.8736472198469566,-1.276000842625199,-0.29097749765895037,-1.2606319491244726,-0.7458311760582388,-1.5689633227190596,-1.0040905436480232,0
1.4803279820644217,-1.6946392783739794,-1.0749297578107602,0.2709981359096487,0.49116773454450846,-1.1580533851084907,0.11571004831998669,-0.7686754480201916,-0.03501052028555687,1.5373672310507505,0.8586708513089362,0.6884595471306819,-0.5522466215294757,0.5350593475692443,0
0.7431115692382126,1.5390984220096275,0.9988316757708924,-0.6775627772390629,-1.2916029346176179,-0.6886048962341789,-1.5063077551788877,-1.5610756283024938,0.9823648268710566,1.0215447433411176,-0.20098054890776826,1.4056049087251423,-1.5689633227190596,1.4444183734667206,1
-1.1566014482307423,0.7892346433591236,1.3957068521437248,1.564333292520307,-1.4775695147803354,-1.3779943030206816,-1.3217560755785622,-1.2617764859508296,-0.8090666300927367,-1.052387612812554,-0.20098054890776826,-0.02868581446377844,1.481186780849692,-1.484320368081745,0
0.2946382977690183,-0.5265166277449401,1.5189400611188728,1.1467424321493502,1.448806112801516,-0.7844551274149106,-0.9458912408486336,1.7697648393101417,-0.020243381894082032,-1.2976485595884573,-1.2606319491244726,-0.02868581446377844,-0.38279383799787836,-1.0153327300785127,2
0.3988423981132494,-0.7207198075787354,1.5755059173717751,1.7223640237753925,-1.0603839430711646,1.0983951226560882,-0.09999901809297777,-0.5869746175990062,1.7920281965270473,0.6347835384921987,-0.5541976823133364,1.4056049087251423,-1.230057755655865,1.2300692346955022,0
-0.2264652810431599,-0.5386661040184794,0.0655835537542961,-0.8056831853547418,1.1412035559480629,-0.4156679125153671,-0.207390340912656,-1.2889948776023565,0.7095300737554582,0.22370734143718654,1.2118879847145043,-0.7458311760582388,-1.5689633227190596,0.4687242768932703,2
0.8431337467454769,0.916425073583266,1.63461297416935,1.6740184187074558,0.17625201447965771,-1.4186724670845685,1.0579935724985952,-1.3181755271263929,1.2579525575890103,1.0385320642774842,1.2118879847145043,-0.02868581446377844,-1.5689633227190596,-1.508568580166689,2
1.520971779843096,0.5285280016918477,0.8773810434193262,-0.2065374225878558,-1.452031539633066,-0.5405254139370821,0.850053137112212,0.8325587798062863,-0.2539906729555919,0.8581548394997156,0.1522365844977999,-1.462976537652699,-0.5522466215294757,-0.05060720150505923,1
1.4908390218943124,-1.1019640864851443,-1.1728071847263597,-0.49889371815559197,1.6093365108583244,1.670709413662572,-0.23132994016222652,1.3070040948900696,0.9974152483979654,0.45535826509876964,1.2118879847145043,-0.02868581446377844,0.46447007966010817,-1.0398592020794821,0
-0.1349943911242019,-1.1399249470791513,-0.08779032474618823,-1.5366913548617442,-0.8621312690331848,0.4539665370496311,-0.5511423999844663,-0.791574989944009,-1.5809925463669212,1.7360501611508572,-0.5541976823133364,1.4056049087251423,-1.5689633227190596,-1.077993131192911,1
-1.2911979341443691,-1.3991795366117563,0.7432152436621167,-1.5282549515190091,1.2751403447292298,-0.28473791220419314,-0.6106592985848438,-1.620458678030595,-1.2888835581017422,0.13047221598735156,-1.613849082530041,-1.462976537652699,0.9728284302549001,1.5742160514037449,1
1.6938337509801529,0.5248713874841824,-0.877934961796587,0.7041696520902646,-1.1347517549708113,-1.1483334268433407,0.9692581646656873,-0.9104851788582721,-1.0047244170953664,-1.3605416182028671,-1.2606319491244726,-0.02868581446377844,0.6339228631917054,0.933636989231576,2
1.1940136051638834,0.8812218941280656,0.47571685477392134,-0.1133106316081636,1.255248019809925,1.6872929119274447,-1.5236657238300386,-1.4954246497711525,-0.2997049052210701,1.1754054401656813,-1.613849082530041,1.4056049087251423,-1.0606049721242676,0.7000471317412271,1
-1.2520712990169558,-0.828543213071903,0.565158223498232,-0.921449445482516,-1.6774771572585632,1.1153237402629494,-1.6592053759436824,-1.3308043169647434,1.273508070232261,-0.8685499781916803,0.8586708513089362,-0.7458311760582388,0.29501729612851085,-0.9355292814802026,0
1.4746514471623842,-1.6643818753803348,-1.1692677507922,0.43162897675518136,0.061657479527716226,-0.7506903887488543,1.0436716409390066,-0.17860785007743263,-0.49710718148994393,0.9946635042624199,1.2118879847145043,1.4056049087251423,0.29501729612851085,-1.3659899476615338,2
1.3001752620683706,-1.4547327938722996,0.21574309188180607,-0.8294750985687266,0.9604793531183361,-1.4820810830881928,-0.05581178130369641,-0.8865068569525723,0.5959888389194324,1.6322422980711868,1.5651051181200724,-0.7458311760582388,1.1422812137864973,1.3245252619730397,2
0.09788479328428099,1.57799203326532,0.9266591279250314,0.30472465862998976,1.5372922581576138,-1.5285890585171125,-1.2515255395635791,0.11790229397216417,0.789871810459846,0.7091912559965462,0.1522365844977999,-1.462976537652699,0.8033756467233027,-1.769048573001702,1
0.34596543593712986,-0.7244548772925493,-0.0120816294332482,-0.4580691595367964,1.4480129699772772,-1.3080301449340748,-0.8900308315362101,-0.8037199599577491,0.3533782492029955,0.35188266689070036,-1.2606319491244726,1.4056049087251423,-0.04388827093468376,-0.4020193946271997,2
-0.3125225408172051,0.8978306570908522,-1.6876212345239296,1.1635472628603343,1.135533953821495,0.2847398206736497,1.516616695516138,1.608890044501043,-0.4581983716523452,-0.12910369944719374,0.1522365844977999,0.6884595471306819,-1.230057755655865,-0.7971739820559285,1
-1.4914655985716692,0.40283779014435944,-1.6981697497288066,1.1535730875333476,1.3747194865614163,1.4886651945238427,1.2645316933462747,1.487412705879156,0.3210165800935032,-0.4694305952827952,1.2118879847145043,0.6884595471306819,1.6506395643812892,0.24991881914756672,1
-0.5310409407807876,-0.4282839828742853,-0.5003854044819581,-0.04548569479151047,-1.0286714149598655,-0.0059541953036265395,0.7475298002718254,0.2965021682182747,-0.5112885072137507,-0.5098725273134659,-0.9074148157189045,0.6884595471306819,1.6506395643812892,-0.8941138477952527,1
1.0705693683348323,-1.0317975669410966,1.4586791745565908,-0.4873681047880504,-0.7322830712207509,1.1917688534545314,-0.03827361875116789,-0.4492951138524304,-1.4272683902638668,0.49493518760166155,1.2118879847145043,0.6884595471306819,0.29501729612851085,-0.6770264419489803,1
-1.6631475056898626,-1.3204558265235937,-0.9421748402499103,-0.4463663635166946,-0.7155938900014942,-0.18189876443589095,0.09328673200110474,-0.35545548450369285,1.7948216290084376,0.9023659422747441,-1.2606319491244726,0.6884595471306819,-1.5689633227190596,1.2501582687429762,0
-0.5368564229762716,0.3697927397993898,0.4541992145165563,1.1012530559705218,-0.4083190416341036,0.7269293576201975,1.664207318632182,-0.24763093955219653,-1.2737422201316315,0.6443768628268051,-0.20098054890776826,-0.7458311760582388,-1.5689633227190596,0.36727579235434893,1
-0.3153788259283547,0.9163574448715125,-0.9648951640504284,-0.5664319697944332,-0.3515745694236014,0.8075008074723884,1.6314916422983425,0.8610705617353361,-1.4681249145377253,-1.0580569433162226,-1.2606319491244726,1.4056049087251423,-0.04388827093468376,-1.269032101692746,1
0.16143993537863044,0.46872067208211327,-0.6220922770096076,-0.9824324815139184,0.17598848019222774,-1.1226451792668337,-0.960119499339361,-0.1079166221412581,1.3897315412245166,-0.009956322496815866,0.505453717903368,-1.462976537652699,1.3117339973180946,0.808206310285139,0
1.4712737220357706,0.07973061269076571,1.1896801186980388,-1.4167706741156187,-1.1659037812485877,-0.4748256290181662,1.0974036145072918,1.3145936163021978,-0.6546131502437579,1.0455050212706944,1.5651051181200724,0.6884595471306819,0.8033756467233027,-1.0480828809986324,0
-0.4928591375142308,-1.5924534004729427,0.7794604148769908,-0.08270386742736092,0.687702746992782,0.48032376493064793,-1.0223677061806624,1.621382445473657,0.5806598029851922,-0.0747872308237569,1.2118879847145043,0.6884595471306819,-1.3995105391874623,-0.24140052625021285,1
-0.49077959740380317,1.580144939203908,-1.4009159088689311,-0.02878666728214975,-1.1390894312228779,-1.4799087527392478,-0.9660989028133482,-0.5141815659955417,-0.5582937346526369,0.14122902181489935,0.505453717903368,-1.462976537652699,1.1422812137864973,0.5225652239093018,1
0.846753760909117,0.9988122484219512,-0.2536881008840885,1.2241609257746449,-0.6411521362594476,-0.4737042707993484,0.6311854411207289,0.2750406984599104,-0.3369183063454834,0.9727988413027745,-0.20098054890776826,-1.462976537652699,-0.38279383799787836,-0.8174995631360488,0
-0.13027312138103042,-0.7334355203279034,-1.6288778480711943,-0.9398989031736665,0.03223190698806315,0.12570474086018005,-0.304941903118266,-1.3600852946198698,-0.7954235795764352,0.5832030268695695,-0.5541976823133364,0.6884595471306819,-0.21334105446628107,-0.41628855069815524,2
-0.9097934416057554,1.6194594299131142,-0.07405660942346236,-0.3819985253091708,1.0546584143921014,1.7220539904510928,1.5133032172373053,-0.9899205805032476,-0.5085290910789122,-0.31009327761620437,-0.5541976823133364,-0.7458311760582388,1.6506395643812892,0.8356674844050413,2
-0.12951427933429668,0.32482900451374686,0.5508172458417042,1.1106515201550196,0.8559211088734192,-0.08279160091039102,-1.396114738877403,-0.2419650591218302,-0.2686922093266132,1.413477286772668,1.5651051181200724,-1.462976537652699,0.12556451259691354,1.564436286892614,0
-1.1966095726699635,0.2581988142247438,-1.3213942072967024,1.1637965560973167,0.5282411183041303,1.0987444312140764,0.06290576669251285,-0.9697863326100324,0.8292267736600492,-1.185154432675996,0.8586708513089362,1.4056049087251423,-0.721699405061073,0.10280999201981471,0
-1.0749279630074284,0.8254101120672015,-0.7349383985042094,-0.36935717008434316,-1.1802287991728575,-0.22970823173265295,1.4683329715554836,1.3842302058322344,0.08876317078072227,1.768439822040752,1.5651051181200724,1.4056049087251423,0.6339228631917054,-1.754415345441329,2
0.02777898047411981,1.0435164953128249,-0.3599267703104951,-0.10913725888362737,0.18467460479829959,1.0307076807410644,1.4185801044461324,-1.1380489278373338,1.6202738875482352,-1.340163692754018,1.5651051181200724,-0.7458311760582388,-1.5689633227190596,-0.5795346210718313,2
-0.24429191686819193,0.5117770746840491,1.4357449825931603,-0.6533673081523774,-1.418578094224375,0.33540997891521646,-1.1629583007246371,-0.09379364877682075,-1.576131670388494,-1.7085968191595824,1.5651051181200724,-0.02868581446377844,-0.5522466215294757,-0.36432971179559115,0
1.4541166489071242,-1.2974821181902543,1.6895029066693692,1.5442148031842462,-0.40724027661524076,1.3427805570390439,-0.4374173538136401,0.4330786166606413,0.05874519647861239,1.394351122872184,1.5651051181200724,-0.7458311760582388,-0.21334105446628107,-0.5769957186209429,0
-0.4378989139433852,-0.5778236729950809,-1.5746954945289537,-1.2981889013835388,-0.2811238549862264,-0.30279150477560823,0.43445253414506874,0.7356529439766363,0.34643882613134175,-0.8930164938817123,1.5651051181200724,0.6884595471306819,0.12556451259691354,-0.22972681572035425,0
0.3093647322498652,1.4417919163436876,0.8901085805184041,1.5483864847016866,-1.584747011563952,0.36616456421468824,-1.1530626418592176,-0.3487045106343375,1.5374352483915659,0.825867494529361,-1.613849082530041,-0.02868581446377844,0.9728284302549001,0.47270418207542575,1
0.4863424206231892,-0.9669841652638437,-0.4498061802631553,0.6757257335611202,-0.7678512180173019,0.4551258007032249,1.6392672491205855,1.3580288077177864,-1.5503312422488222,1.114208815597174,-0.20098054890776826,0.6884595471306819,1.481186780849692,-1.3568532378643978,0
-1.6341657009657413,-0.461746830193193,-0.3784393544829811,0.1438717345901429,1.610038636243337,-0.28051028839193026,1.4553069065553876,0.30181535410147814,0.30841877693208186,1.2843114904541606,-1.2606319491244726,1.4056049087251423,-1.3995105391874623,-0.8149924827711353,1
0.5934452306432275,-0.25660682407235175,0.8668993508768664,-1.5984713770731862,1.6030030760388048,-1.225228277239266,-1.126972903931844,-0.15051638301376222,1.3014599860670566,1.7545318633536426,1.2118879847145043,-1.462976537652699,0.8033756467233027,0.025566696478702796,0
-1.0692806008843674,-0.231514328679819,1.4319429759527873,-0.05161187049933323,-0.49457563783735414,-1.4008124543677847,-1.2851099855024037,-1.457763128203747,-0.8669787661714966,-0.7189594302183073,0.505453717903368,0.6884595471306819,-1.230057755655865,-0.6614041232003812,2
1.6124241849575203,0.3626931683832795,1.5438153957979273,-0.28855623741978637,-1.5732749020773065,-1.6668142197864606,-1.408550485243885,-0.062088811598971866,1.3817965774769851,0.7568765396006736,1.5651051181200724,1.4056049087251423,-1.0606049721242676,1.7546187307413001,0
-1.1698768976553064,1.493127364566854,0.25717537904959437,-1.1495050128711561,-1.0988740592695447,1.2975940168560636,1.436985528658019,1.1881973496289537,-1.6570870801954425,-1.3524068551574766,0.8586708513089362,-0.7458311760582388,1.6506395643812892,-0.24702814290311667,1
-0.25902292568564245,-0.9119338540253421,-0.5000693761793487,0.5798387918464301,-0.3554218168072992,-0.9063809726536406,-1.034864243184156,0.4641272474953787,0.8719025725985703,-0.3190844852204315,0.1522365844977999,0.6884595471306819,-0.5522466215294757,1.3208289820332335,2
-1.3867089370227776,-1.320062193251792,0.9814632426011478,1.6790028579943617,1.582585936924587,-0.992761003835579,-0.26597688651670065,1.2283228419916403,1.5832223400400203,1.2452539574445411,1.2118879847145043,1.4056049087251423,0.29501729612851085,1.4163618746346185,0
1.7350440701463037,-1.0599329815849639,-0.8653335702464396,0.25079361074959183,-1.231069050534814,0.8219019859818294,-0.15351934617704482,0.04087851629699537,0.6051222265736795,-0.45791272132112926,0.1522365844977999,-1.462976537652699,-1.0606049721242676,1.199968638452227,0
0.04088635099818883,1.3008584485408794,0.21226225437965066,0.783591105248936,0.939804681672133,-0.6173612499477238,0.36500799697100444,-1.2778961185744813,-0.16826856890093664,0.33438419767890787,0.505453717903368,0.6884595471306819,-0.04388827093468376,-1.6223420102228894,1
0.36003976686443956,0.4752490057180634,-0.4950533429537837,-1.4734778943613787,-1.3444988509528035,0.02622452408373923,-1.455766199459765,-1.645986710686478,-1.5654946865817698,0.024745248312860194,0.505453717903368,1.4056049087251423,-0.721699405061073,1.5996147349988812,0
-1.4492902310477769,-0.7571143259167401,0.5308435373734405,-0.253916715294443,1.6993693041222575,-1.1622668148015864,-0.9204440212060782,-0.6291037407081936,1.5371404071801438,0.5289011936488828,1.2118879847145043,0.6884595471306819,0.6339228631917054,-1.3296192433631586,2
0.8894236080439729,1.057819662930915,-0.9018272657569103,-1.3061697359944722,-0.3924030972596757,1.5958517771674907,1.513116676185687,0.7571668757296056,-0.057429457553416635,1.6882232017983339,0.8586708513089362,-1.462976537652699,-1.230057755655865,-1.6670299947121452,0
-0.9601347771955892,1.2133547686871733,-1.0698173701975997,0.4275273985007847,0.9806838744957964,1.2216457342444476,1.4334164783638954,1.0811785872403108,-1.621803248541267,-1.5639734062613426,-1.613849082530041,0.6884595471306819,1.1422812137864973,-0.3080512479894682,0
1.3966094077130782,1.1624868522633671,1.4312981329776429,1.564914510786765,-0.5285383483643279,1.263881387733385,0.9944509956421934,-0.6553237152136876,0.7207697847349275,0.27362842951599237,-0.5541976823133364,0.6884595471306819,0.12556451259691354,-1.093953123664941,2
-0.9764570214536358,1.4104366611364971,-1.378871949198412,0.5985857894436447,0.46591964335905894,-0.31721392748108695,-1.636484892513323,0.04664541342787675,-0.016517362428684318,1.2986455843429925,0.505453717903368,1.4056049087251423,-0.04388827093468376,-1.1312836890678313,1
-1.0259513795386486,-0.8723907791616519,0.012226606662690799,-1.444308309712369,-1.0538002703887162,0.912978953720102,-0.5742698155801228,-0.21509043567746688,-1.2837996566683663,-0.05465109787282831,0.8586708513089362,-0.02868581446377844,-0.04388827093468376,-0.7606674345166744,1
-1.5538372297561946,0.8492721157308427,-0.9691050311530984,-0.473932978080415,-1.2142482649944317,-1.226736279442401,0.46496938151414646,-0.25229958406407893,-0.9650169390505194,-1.4831553925858165,0.505453717903368,0.6884595471306819,-0.04388827093468376,-0.9016347899198213,0
-0.06229504408375953,-0.15914672376628092,-1.5952832476744379,0.21054360183142642,1.548694434718546,-1.6946728711903447,-0.753201348637766,-0.8814840920251821,-1.4959798879248747,0.22603414511424313,-0.9074148157189045,-0.02868581446377844,-1.230057755655865,0.659148254336212,0
0.255434292031477,1.1470241497881828,-1.6053034068233034,-0.3044123969507478,1.4774727834712615,-1.6553927356056173,1.4374794395002573,-1.2150057856509582,0.31123328748463946,-0.5840922455451893,-0.5541976823133364,-0.7458311760582388,0.8033756467233027,-1.1220533336177514,2
-1.4539747478904679,0.7583567973874114,-1.126166938249608,1.1987905755416426,1.3721994521584453,0.30492024032048054,0.4854492059185058,-1.0031960808741387,0.48045363868059576,-1.212193282291189,0.505453717903368,0.6884595471306819,1.1422812137864973,0.1524287749793275,0
0.9769849500583345,0.9225676986021428,1.2541427932532558,1.1325315688347326,0.458121637757081,-0.1490038338104142,-1.4551744168835015,-1.4995799179389884,0.06822424131011132,1.249022660603997,0.8586708513089362,-0.02868581446377844,1.3117339973180946,1.737956188218165,0
-0.12660556684460583,0.5106924096723581,-0.7569885169296608,0.4241579949884255,1.0959176811379554,0.06763829101707776,1.4354727792154773,-0.9981317344086005,1.171971670840998,0.08795554300604365,0.505453717903368,-0.7458311760582388,1.481186780849692,-0.24362698008293796,0
0.11689978799222701,-1.1285587254079112,1.5421996389723398,-0.40830700126441066,-1.4827975434081364,-1.698671700053038,1.6038531858359613,-1.6615744429277755,1.327617611529572,1.5477399598437487,0.1522365844977999,1.4056049087251423,1.481186780849692,0.5056332359649867,0
-0.16950441234440825,0.1301504044070967,0.2726633671919443,-0.8208203418739575,-0.5557547857681986,-0.2621616473864688,-1.4351263268601715,0.5087853832719946,0.4577480979054072,1.0964830869519278,1.2118879847145043,0.6884595471306819,0.29501729612851085,1.676958085991795,1
-0.30649374041782507,1.6355508887234347,-0.22645442153142203,-1.3427833594205365,-0.6293103527818653,0.7597423995034823,0.13485122370699407,-0.5829058524272571,-1.6793737773763049,0.6956325473175017,1.2118879847145043,1.4056049087251423,-0.8911521885926703,-1.297800428124254,2
0.23762279310982104,1.4736516147329823,0.26738520473999616,-0.47312459085008846,0.49374446671610106,-0.1929450055061791,-0.6559114101454571,1.7233936514612571,0.7399428137693501,-1.7437884545713176,0.505453717903368,-0.7458311760582388,0.9728284302549001,-0.2928958427011794,1
-1.1473504759698194,-1.5882673416529856,0.04919532259134651,-0.2696126831343158,-0.4819103309852146,0.8086994541368235,-0.3469394691121369,-1.0136307740410146,-0.2428184489034418,-0.2445693714109177,0.8586708513089362,1.4056049087251423,0.8033756467233027,1.2507038588703079,1
-1.0559508742716819,-1.1717507239549132,0.8824271748583946,0.6476355037772651,-1.2055769960277432,-0.9183371939766909,-1.083114019643144,-0.479478645009089,0.2802646177544006,-1.0613327583369374,0.1522365844977999,1.4056049087251423,0.8033756467233027,1.544388587571837,1
1.2723979198992486,-1.2850421089788056,-0.7569288946322815,0.5859510490689666,0.35707608655819095,1.0886605326218646,0.2927022077478079,-0.43729545170212236,0.5763478546243354,1.4680323881911364,-1.613849082530041,-1.462976537652699,-0.721699405061073,0.3602915704074774,1
1.561207393389013,0.7497595681233492,-0.5140809557242646,-1.467688790600189,1.1172515635412308,0.3112496018631521,1.6045876587116874,-1.6642060282380868,-0.48303182939744294,-1.1425430868362543,-1.613849082530041,-0.7458311760582388,0.29501729612851085,-1.2771220567818247,1
-0.4005162289776739,1.064114578721194,1.3481918030373712,-0.3321705599064562,-0.39063450781355147,-0.9953337400638345,0.03371595559529073,1.253063693100472,1.526451364309542,-0.7472548749546342,0.1522365844977999,1.4056049087251423,-1.3995105391874623,1.4341079647682566,0
-0.7517755244937125,-1.005006704969496,1.5284224949468697,-1.0777035885185697,-1.262221446652036,-0.9055314190533459,-1.4171623581950676,-1.5815329708218324,-1.2496636214035886,0.07106710132441968,-1.2606319491244726,-0.02868581446377844,1.6506395643812892,-1.1661552139697842,0
0.5265328545795521,-0.003987800389024371,1.342904633812809,-1.1648923613091415,-1.037502193939548,0.44824735455440695,0.4374910964831417,1.6076347718881716,0.6558648070194222,-0.8277352195304254,0.8586708513089362,-0.7458311760582388,-0.21334105446628107,-0.5279814488931356,2
-0.27919460032709326,1.1425880855820212,-0.285540455373132,1.1766430361180442,-0.8951935966529523,1.1467735880694727,-0.5286319013502979,1.4387084040436067,-1.7091401617480457,-1.0174396249871152,-1.613849082530041,-1.462976537652699,-1.0606049721242676,-0.4470429793080783,0
-1.5920688957064926,0.7731178303791051,0.9567373555057171,-1.5661463092608812,-0.6774692120951409,-0.28658245141158395,1.2521769793236666,0.18664516218526297,1.5532247697596102,0.36276575994220805,-1.2606319491244726,0.6884595471306819,-0.8911521885926703,-0.19030332271389191,0
-1.144225891193919,0.12059802298726252,-0.08973289678738228,-0.24862284093576958,0.5186854643280165,-0.8308732617869146,-0.20246191717382864,0.21499648011212516,-1.3257757729613668,-1.4462692588203578,0.8586708513089362,1.4056049087251423,-0.38279383799787836,1.0360139747594441,1
0.773022035160289,0.28533526870531617,-0.01674833472013653,-1.1251119980084248,0.3726984529158862,1.2750281859246868,-1.0375722243732968,0.6019108700970217,-1.3882370174143628,-1.555348840011771,0.1522365844977999,-0.02868581446377844,-0.04388827093468376,1.0788562613219814,1
0.5776453393786468,0.0045994536170573894,-1.024771363297989,1.3583394954357075,0.7045627489089005,0.5909140298697295,-1.0435599788254337,-0.3347261576664333,-0.5441072851224289,-0.44164657959287396,1.5651051181200724,-1.462976537652699,-0.5522466215294757,0.78382665885198,1
-1.586213799693418,-0.7172515943749138,0.30538993181413027,0.23281432470578678,-0.459081674674396,-0.1742915473204561,0.9511949394812858,0.5788902018532481,-0.4003298803387167,0.7938292512390797,-1.2606319491244726,-0.7458311760582388,0.6339228631917054,-1.7109323478474696,0
-0.9188096739289622,0.19861642412620792,-1.0886005254901847,-0.9044804315718681,1.1507878544152121,-0.036548305090469,-0.7863608338974604,-1.5366762686542337,-0.9649167487752888,0.20570667080079608,-1.2606319491244726,1.4056049087251423,-0.8911521885926703,0.23013640388192522,2
-0.8876353341318445,0.6227422756051415,-0.5880346942268211,0.0420897679431443,-1.0116900959825152,-1.0178441278832493,0.9459088687032197,-1.5040914578397473,0.34961817092719405,-0.26211112868156,0.505453717903368,-1.462976537652699,0.9728284302549001,0.8833910745727869,1
0.6220603736977101,1.2542832905601156,1.2137331953230006,0.8420276803292647,-0.08743461418403864,0.44399952971504614,-0.9925162531166967,-0.08828187589142518,-0.15449705052458762,0.24451637131059495,-0.20098054890776826,-1.462976537652699,0.8033756467233027,-0.19983955744159568,2
-1.6115072102968784,0.4426530049901084,-1.016525365063824,1.63348835615841,1.0703496792559244,-0.48338313447559755,-0.5926420763395128,0.23615982551746598,-1.6034446296856437,-0.4657370708530609,-0.20098054890776826,-0.02868581446377844,-0.8911521885926703,1.5895620906207086,0
-1.3224641575182758,0.8700895721867724,-1.484353386668884,-0.9426672045429436,-1.0951634464311197,1.7200497834849604,-0.09607371848316747,1.423760613626884,-0.5914517891229172,1.557916554538736,0.8586708513089362,0.6884595471306819,-1.230057755655865,1.1563469590488136,0
1.0605096040196036,-1.1879920596498483,-1.4917560689413827,1.3822670338789904,-1.340380565921627,-0.06324498524572049,1.5535376638365375,-1.326359716728349,1.1483297845631222,-1.566918795942114,0.505453717903368,0.6884595471306819,-0.04388827093468376,0.49233535641999976,0
-1.067538441922906,-0.15566102306520527,1.5088995002665546,1.5503236203429491,1.358996052067443,-0.04351799159429012,1.513949021521835,1.1949117984288886,0.7203460368606449,0.6262017913476646,1.2118879847145043,0.6884595471306819,-0.8911521885926703,-1.5668086564974963,0
0.5564877399099527,-1.7041476321549023,0.01553963502291805,1.4878692272392726,-0.5273572548457673,0.23313356820576195,-0.9891163810607491,-0.9562856279477799,0.8450186529588206,1.3988323617463876,-0.5541976823133364,-0.7458311760582388,0.8033756467233027,0.5430912552770361,0
-0.8632921927027785,-0.8914364030615658,-0.3200840922818151,0.5065175582439615,0.6619706198931105,1.44712424693643,-0.4664884390072936,-0.3100269635292788,0.7501779650296371,1.0889238520462459,1.5651051181200724,-1.462976537652699,1.3117339973180946,1.4702600978656895,0
-1.3384481608664558,0.7514093384336302,1.0617633484039986,0.4869827954748179,-1.6351987910946773,1.0460246660038068,-1.1875788195620203,-0.5821086268742383,-0.6222183427614554,-1.1090088893829244,-0.5541976823133364,-0.7458311760582388,-0.38279383799787836,-0.43296052038177163,1
-0.8462046606698492,1.6600000047670331,1.1476320987979778,-0.30440234949092976,0.6835174816542354,-0.1637584883599281,0.05758594137637542,-0.288705954535009,-1.3712933654279604,-0.7122695087548293,-1.2606319491244726,-1.462976537652699,-1.3995105391874623,1.207570751933964,1
0.7945798827435789,-1.3965003152899607,-0.5858788528751877,0.9150565263327941,-0.6209445801188864,0.7619257739861337,-0.11300953508513785,-1.1654068161684488,-0.7587186689679137,0.7810052783199233,-0.9074148157189045,-0.02868581446377844,-0.38279383799787836,-0.6700314255678398,1
1.2515440320965745,-0.36132594863926204,0.6581527093355769,0.14290041222566188,-1.5291792559871937,0.3036531986162773,1.406999895699223,0.07444363850372636,1.2240224051737376,-1.4627896961692308,-1.613849082530041,-0.02868581446377844,-0.38279383799787836,0.2489427389709342,0
1.164292777300413,1.0034580488858633,0.924924032855394,0.6532760427199018,0.4036308322967259,-0.02109474775272742,1.5079886828056215,1.1211498262413118,1.751101422826047,1.117209838737384,-1.613849082530041,-0.7458311760582388,-1.0606049721242676,0.5290645191329978,0
-0.3187527761743921,-1.037452978156968,0.524027047264238,-0.21623186680486958,-0.8836104124472731,-1.059154240339144,-0.37895620277492015,-0.14340110972573689,0.026056346638525327,0.7875972144822033,0.505453717903368,-0.7458311760582388,1.481186780849692,0.6348262059654366,0
0.6090202331444986,0.16459055248426896,-1.20749001366523,0.8420629674915445,-0.3742958440651354,-0.11945409122321332,-0.005424576450300929,0.028945826880590823,-1.6902075121735907,0.8255377987308414,-0.20098054890776826,-0.02868581446377844,1.3117339973180946,1.3664309531195786,0
-0.9769890410350621,0.7740414976461465,1.285508800064066,1.1667576823798749,-1.4425281876397085,-0.87405553002585,1.3913780405585017,1.2866331290670325,-1.228146116992433,-1.4061580484292948,-0.9074148157189045,1.4056049087251423,-1.5689633227190596,-0.9509320025764659,0
-0.6750504287895862,0.37312265931192296,0.12628291531950653,-1.201129802726875,-1.2102637331844261,1.4405030667889653,1.0822208466927044,0.7854970690828105,-0.5828428911523104,0.7835321417290491,0.505453717903368,0.6884595471306819,1.6506395643812892,-0.8516914973984794,0
1.390724057107609,-1.0922766111239106,-0.757010262128561,1.1962960593211693,-0.6841681374390476,-0.5641154751772328,-1.6908548739565492,0.028386897521964195,0.3264474304055982,0.6489903373526407,-1.2606319491244726,0.6884595471306819,0.8033756467233027,0.727981651847518,2
-1.6344826045560528,-0.5192123793347304,-0.26564504038587694,0.17433968999435548,-1.4105094892765153,1.5699680115536065,-0.5982597137271181,-0.7889646598281015,-1.4583931652727968,1.1847983910707791,-0.9074148157189045,-0.02868581446377844,1.3117339973180946,-1.1563294676689169,2
-1.386164870129807,0.9477157720878701,-1.5999604873272417,1.2372821073155784,1.4536785376867731,0.11967057672744219,-0.24702133789000905,1.4136090030343327,1.619536832135184,-1.6141115712519507,-1.613849082530041,0.6884595471306819,0.29501729612851085,-0.12957705245433654,1
-0.9670505251949152,0.161651146538248,-1.2891627145370839,-0.20630051851261036,-1.7025298566819669,0.4604041163724234,-0.9102306879452028,0.33237051227909953,-0.43040011092672287,-1.679659419806947,0.8586708513089362,1.4056049087251423,-1.5689633227190596,-1.7184227449246514,2
-1.5881446404863089,-1.7181934938342978,0.9057312199126379,-0.38881121991768375,-0.03573875429770673,0.15386932600340256,-1.014325439928952,-0.9173061057058418,1.5104485521592372,-0.43894526062058475,-1.2606319491244726,1.4056049087251423,-0.5522466215294757,-1.2858534384598,1
-1.05763823782835,0.8696417728083269,-1.7292401070872585,1.4831203859366988,-1.293690965720289,-1.2768851455461934,-1.5730043126109523,-0.74884797614531,1.0422971239434595,-1.2340132716946945,0.505453717903368,-1.462976537652699,1.481186780849692,0.637871118347264,2
0.3177663902964559,-1.6151892687136156,-0.29546086689965956,-0.835373034370597,-0.6503244413731558,-0.4242975152290604,0.5181861946752812,1.1263838366084018,0.953374332067126,0.2183930733759347,1.2118879847145043,-0.7458311760582388,-1.5689633227190596,0.8832789402055045,1
-0.23573309522425512,0.8173996800587777,0.06919951982855779,1.235698066669161,1.5068179697457065,-1.3814846494151165,-0.7969873100954231,-1.5388633755609256,0.4261811850569871,1.4912618523643386,0.1522365844977999,0.6884595471306819,-0.5522466215294757,-1.3776295690915303,1
1.3781753682010796,-1.0427777776098561,-1.5412285189054904,-0.02219159290198786,-1.1595731151544881,0.4306849350842523,-1.5227168878614914,1.789929272587086,0.49730741216630014,-0.37344229429683407,-1.2606319491244726,1.4056049087251423,-1.3995105391874623,-0.9756558868833823,1
1.1205370053927708,1.5444814571054455,1.6200541948049734,0.082838207883166,1.6455602349088772,-0.1784821418807835,-0.9058692377846203,-1.236143493414597,0.537079414145378,1.234540531259902,-1.2606319491244726,-0.7458311760582388,-0.5522466215294757,-1.4363376525135552,0
-0.508368652144171,-0.4762181974558399,-0.9509569236795693,-0.635268960403122,-1.005736432687662,0.9670310156911489,1.065666836500493,1.1015760398893837,0.504175953449001,-1.7607544943035376,1.2118879847145043,-0.7458311760582388,1.481186780849692,-0.23994158984336028,1
-0.790548054325618,-0.6166393956186658,-0.6822283760726152,0.28869666207335026,0.8632357940912027,-0.9617500148970366,1.2368586765954657,-0.3075981134613927,0.23833080084685887,-1.164064648387259,1.5651051181200724,-1.462976537652699,0.46447007966010817,-1.3390131000807388,2
-0.3786556706891329,-1.226286267849387,-0.6831102416976746,-0.5767980508974304,0.18339060155730139,-1.1551573461908369,-0.03536944898339262,0.034573514721762504,1.7721696976662884,-1.653728367042112,0.8586708513089362,-0.7458311760582388,-0.8911521885926703,-0.22605310987275423,1
0.34260748186309853,-0.6896674949283584,-0.9361861658681937,-1.5753861864885437,1.3617684719417638,-0.31874140488632136,-0.26671675691932945,1.398592882061747,0.8713209860598581,-0.5980161517120742,1.2118879847145043,-0.7458311760582388,1.481186780849692,0.8283306972972516,0
-0.7609574169609473,1.265678315557663,-1.7242072593283164,-0.7626312005355329,0.2089115136366798,1.48113003907141,1.6732171932636464,-0.24391250235804943,1.0296225462517117,1.4587834405060904,-0.5541976823133364,-0.02868581446377844,-1.5689633227190596,0.6541168323632909,0
0.4585491909174432,1.6754921565193082,0.7811241114928454,-1.690248498170979,0.14111832476076902,0.7332890467548012,-1.0108962882935513,0.1935694322772157,1.3682211665837245,-1.4178215423904608,-0.5541976823133364,-1.462976537652699,-1.5689633227190596,-0.786987939673251,2
-0.2768743901237855,-0.474955444222056,1.5986013725715809,1.7041608070567458,-1.0417935810873078,-0.2751801307364189,-0.9598078951326047,-1.5207643277798315,-0.9601676460519991,0.38868823312812995,-1.2606319491244726,-1.462976537652699,1.3117339973180946,0.6196883726815235,2
0.2116180745396647,-0.1999928840862264,-0.9572621430781891,1.6601316450436054,-1.1437540057067939,0.06506718321771301,-0.6956129029751644,-1.6856408049146003,-1.4275150442577744,-0.16062800602148816,1.5651051181200724,0.6884595471306819,-1.5689633227190596,1.5279593816556214,0
-0.18538234600179002,0.7363746844438145,0.5529278113203155,-0.33253381951426764,1.473432803986697,-1.4331473104179193,-1.1069198476541222,-0.8342492365191372,-0.01276972733382947,1.5661498068068838,-1.613849082530041,-0.7458311760582388,-0.8911521885926703,-0.5471285316205711,2
-0.6705364947229978,1.29836183728161,0.824326478756413,0.8311474701333466,-0.5800019265418297,1.681754423951591,-0.3934657201068959,0.6960394321449285,0.09778323872153938,-1.3271622513631278,1.5651051181200724,0.6884595471306819,-0.21334105446628107,-0.612956322280059,2
1.569213951032885,0.2945689661153683,1.1909994008482252,-0.5048749315178349,-0.4256621075167355,0.58101613904262,1.4417873830604124,-1.2680524921072895,1.2147931198016026,-1.0097691276463414,-0.5541976823133364,1.4056049087251423,0.29501729612851085,0.25371876068104615,0
0.9361555681490333,-0.39545993464913703,-0.27459075670336736,0.6311178399599509,0.9269249583423398,-0.7371053215899549,0.42142178076284253,-1.2943996647515201,-0.15141480427027057,-1.656854371129844,1.5651051181200724,-0.7458311760582388,-0.21334105446628107,-0.9120204424116598,2
-1.1991570620080856,-0.32322369672197776,-0.6865921909496376,1.1002595636262824,-0.5416811479442207,0.3021755846744355,-0.2809580628304984,-0.2507621301360616,0.29903692095788226,-0.22289727811745275,1.5651051181200724,1.4056049087251423,1.3117339973180946,0.5403468752887581,0
1.2952833821531746,0.645796506938761,-0.6096145326744873,1.5938099192544695,1.5975257664225109,-1.34572527351136,1.5232013489510836,0.5810489654068608,0.14383268250958095,-0.776427919253578,0.8586708513089362,-0.02868581446377844,0.12556451259691354,1.1865735269272297,1
-0.009676163259991951,-1.7250806463810564,0.7235619705952114,-0.3148734462255221,0.8505439049566463,1.6169240612017364,-1.536125371877809,0.8066152956242408,-1.5891685242869575,1.3230316093801837,-1.2606319491244726,-0.7458311760582388,-1.5689633227190596,-0.14728791875209024,1
1.384615683702884,0.38546288933785083,1.082074192113563,1.0229682616530578,0.3604324855499193,-1.1198038663850527,-0.9773607357575935,-1.0672399131130297,0.45629645059173835,0.3834793664256072,0.8586708513089362,0.6884595471306819,1.481186780849692,0.6402350228101202,1
1.0603012778301315,-0.518841059108929,-1.1041650053407093,-0.7838298670392969,1.3492676494841631,0.5174389875434785,0.2506304855394819,-1.4144038182161331,1.2107572427227538,0.41592451364164457,-1.613849082530041,0.6884595471306819,-0.04388827093468376,0.5414430824217625,1
-0.22275683723915615,0.9833458664390559,-0.45250146618715714,1.7459896227761593,-1.5505802400050264,-0.8753152576359893,0.4221289303796026,1.6083974848251545,-1.166266832858319,0.12451845334765492,-1.613849082530041,-0.7458311760582388,-1.3995105391874623,-1.6517868460909209,0
-1.6020590829911552,-1.4176870707389486,1.3751973653792544,-1.6225312922942876,-0.8268933702552292,0.7579891448796763,-1.5668818370498538,-0.778532681402317,0.382267193915267,-1.4359122058494072,-0.5541976823133364,0.6884595471306819,-0.5522466215294757,-1.1340742601747005,2
-0.7588555781287147,0.2779890288941372,1.0473583703240417,0.3951643587901354,-0.10140350577982195,0.9630054020110844,-0.31171820491322794,1.30271235683256,0.3797106309088118,-0.18359600957531086,0.505453717903368,-0.7458311760582388,1.6506395643812892,1.4057042605105325,2
0.17595616360544897,-0.0891798377145605,1.660601771830727,0.5906522045018396,-0.9318381491454593,0.6052763709038267,0.5381601750686338,1.3383371943371052,-1.1425710759383128,1.7825836861628168,1.2118879847145043,-1.462976537652699,-1.3995105391874623,1.5679456055719259,1
0.49049984615780023,0.46331488075291594,0.8668418224539619,0.6903203299826169,0.8713953760971597,0.4014353973987133,0.7070775923251502,1.0188925546448464,-1.2869253724703702,1.2000700751780444,-0.20098054890776826,0.6884595471306819,1.481186780849692,1.0012275275857627,0
-0.7958076227636717,-1.5140323758251317,-0.3759025500680195,-1.2920990218019648,1.4829172743197063,1.3631010861314221,0.5001267127972234,-1.10101103752873,1.7496166137252196,1.4065497227333674,-1.2606319491244726,-0.7458311760582388,-0.721699405061073,1.5048404305065506,0
-1.201749953665543,0.2498477686036096,0.30369485295617554,1.5650808314210893,-0.24535549854288605,-1.4524737136141248,-0.5965204880168049,1.1919393565419794,-0.32888940853943577,1.1575083173252438,0.505453717903368,-0.7458311760582388,-0.04388827093468376,-0.6951121643963528,0
1.180424672087407,0.18650383909339133,0.54593044169007,-1.0797835478491427,-0.53013770753352,-0.5796561948714025,-1.380539586529146,1.0074025429567526,-0.9184014538920626,-1.3962282512458584,-1.2606319491244726,0.6884595471306819,-0.21334105446628107,-0.9041192021270283,2
1.6923302187727265,0.1836806541777199,-1.4592352896336926,0.4623019910669369,1.6306244557237617,-0.8655141318919447,-0.22858759446184812,0.40155777424291267,-1.117261795050592,-0.9550891957496125,1.2118879847145043,-1.462976537652699,-0.38279383799787836,-0.41559693709526235,0
0.12135167805790487,0.3303284438772322,0.14487799421665243,-0.9348791635701559,-0.1718125044558576,1.693648780054615,-1.2588694066120534,-0.5097714336531046,0.6420038160118157,-1.7505394126617344,1.2118879847145043,0.6884595471306819,0.12556451259691354,-1.592142235173939,2
-1.0910507082931056,0.5802234258877954,0.7122016360072385,-0.6396408188857504,-0.017640436077260218,-0.37735562788097754,1.568827653593693,-0.7720635681583241,0.4358436507933976,-0.6853778422734437,-0.9074148157189045,-0.7458311760582388,-0.21334105446628107,1.1064933571519282,2
-0.7464238115920677,1.0202980969299342,-1.1533603438783733,0.19585914046261574,-0.49693790166930696,0.8100607850230562,-0.06263355892111956,-1.2658601454976537,0.5567498081161472,-1.3764925430834731,0.8586708513089362,-1.462976537652699,1.6506395643812892,1.7299050882389124,1
-1.616027418270479,-0.8121953487247477,0.9576536653465169,-0.2555705786165008,1.4492211223168723,0.6443887327897094,-0.6079299441813603,0.09616977223038807,-1.4126197335987276,-0.08510853502379243,-0.5541976823133364,1.4056049087251423,1.6506395643812892,1.157129409457174,1
1.4522429814770594,1.088987838384398,0.2800653437317204,-1.152973581585738,0.2611053613636868,-0.9907735004563345,0.9426997555002545,0.3613076147964473,1.4429190165804016,0.639449482733054,-0.9074148157189045,-0.02868581446377844,-0.21334105446628107,0.19483639076810313,1
-1.275741865014387,-0.030001061684435414,1.5482665589766331,-1.1155684875526477,0.9351258772949982,-0.8976531869316353,0.01602187074589488,-0.43203569171142986,-0.3446741567116184,1.3393406996907775,-1.613849082530041,0.6884595471306819,-0.38279383799787836,-0.7339777169175788,1
0.2954195381047536,-1.4722417737203066,-1.5832626334833229,-0.2522481316953546,1.1082613177471599,-0.751357189587908,-0.6328796380527417,-0.024621635114544526,-0.6137233362069069,0.895075646238559,-0.20098054890776826,-0.7458311760582388,0.8033756467233027,-1.0829949981671891,0
-0.7404376934205673,-1.5356136114511663,-0.8160277761009682,0.9321166385132055,-0.531126864592983,-0.30215242572800993,1.1003843108337776,-0.41737319595613587,-0.08555764566721992,1.5665660421528516,-0.5541976823133364,-1.462976537652699,-1.3995105391874623,-0.48797731704371344,2
0.2189156275132317,-0.5916201919552019,0.3412678731759272,1.4234161056000723,-0.21073613665824478,-0.9138185969451305,1.2909456189959672,0.5570614120032522,-0.3418393898688316,-1.5704881479044441,-1.613849082530041,-1.462976537652699,-1.5689633227190596,0.5953925939068918,1
0.5519474686879567,0.9515001111842625,-0.7085211458451027,-1.4187287230874959,1.2361627493360001,-1.6565048256896449,0.6205328587565674,1.4709617848380574,1.3367216248904872,-1.7184195731577758,1.5651051181200724,1.4056049087251423,-0.21334105446628107,-0.19112588008822112,1
1.1626555335516033,0.6871012352610962,0.7297673135282492,-0.3396978429526108,-0.4564536482472153,1.3178631365772655,-1.54130447546485,-1.118264651783683,1.569566414917352,0.5834611986492064,0.8586708513089362,0.6884595471306819,-0.21334105446628107,1.5506624001961968,1
-0.9720677418123747,0.9642310373186411,0.8832154917041748,-1.3624405337310825,1.0459185440201637,1.6161392928539273,0.2521301124545723,-0.3545357032209773,-0.6488754913151513,-0.7355803463813825,0.8586708513089362,-1.462976537652699,0.46447007966010817,1.2651101186500007,0
-1.6413529981243886,0.03510347625712723,-1.3764202780976933,-1.654580338152788,1.5589090324514652,-0.5427919330695079,0.932308608559947,-1.1992124477659842,1.337993559490678,-0.8627074854823211,0.8586708513089362,1.4056049087251423,-0.38279383799787836,-1.4238333226725925,0
-1.210210631672392,-0.22879552977162274,0.03940654845367406,0.59837957104173,0.4503667132040646,-0.5533904654083553,-1.2321122378506737,0.5006573685885611,1.0458467528043334,-0.5883005864009481,-0.9074148157189045,-0.7458311760582388,-0.8911521885926703,-1.3196668308363928,2
1.4033368434225688,-1.231201707976409,0.022320778509267964,0.3913949179952523,0.863449209277597,-1.6999563477631356,-0.9138410918177778,0.8656046724723023,1.5750493411337503,-0.804926132904243,0.1522365844977999,1.4056049087251423,-1.230057755655865,0.6285462597953475,0
1.3138527794882346,-0.6123210795451935,-0.4582160040100383,-1.143217858734817,1.084856398610195,0.6289088058822689,1.3439274932555727,1.5786041618583302,-0.8534279902902299,0.05191770655202268,0.505453717903368,0.6884595471306819,-1.0606049721242676,-0.964715702285762,1
0.36698547090013456,-0.24995548107859764,1.4818465632186466,-0.8959865249907603,1.2241902116311565,1.1312064032547902,-1.6339969634537967,-0.7146024152609489,0.32068267791149874,-0.20086560950032267,1.2118879847145043,1.4056049087251423,1.1422812137864973,1.0391043583882245,0
0.3776150983009424,-1.4327197840375845,1.1189960138178998,-1.629731828219613,-0.345530377107319,-1.2172841315960188,0.8958162564416716,1.6428607578354868,-0.7513544381465554,0.0554358002851937,-0.20098054890776826,-1.462976537652699,0.9728284302549001,0.32496241436101925,0
0.5985799820954796,-0.9806932720990502,0.6705140455036671,1.2033416952661682,-1.5447980826472854,-1.1721084139287412,-0.06745962198282708,-1.4717320702116232,1.1967590574530147,0.623798109096928,1.2118879847145043,-1.462976537652699,0.9728284302549001,-0.968070041693694,0
-1.0784065188181224,0.3123093206533038,0.7294316210638706,1.6913644341678378,-0.32172943308006796,1.0088863042554659,-0.16069920694003287,0.4236486938178327,-1.7057206889459702,-0.3888644022177075,0.1522365844977999,-0.02868581446377844,1.6506395643812892,-0.07801567049956304,2
1.4526304566560333,0.7829162573483397,-0.1400535134648666,-1.2394635575566506,0.6266895701801164,0.40763255023331557,-1.678975195270747,-1.4932579032102313,0.27764732712550905,-0.870484913477057,1.5651051181200724,1.4056049087251423,-1.230057755655865,-0.3377129549464318,1
-0.24482249649653143,1.6823855541132353,1.44078233630635,-0.9041501410584305,-0.15263358782016698,-1.5692913339308043,1.126043073135039,1.444677520506171,-0.5221436417815776,-1.1722703476437228,1.5651051181200724,-0.7458311760582388,-0.721699405061073,1.3328470263562728,1
-0.366853536197809,1.459014304469825,0.6615168154253077,1.3202014062135954,0.8890394451269968,0.42927668918398304,-0.46094312875653787,0.1665839872290863,-0.5807048339676432,-0.5223919588487784,1.5651051181200724,0.6884595471306819,-1.5689633227190596,-1.6750456568946734,2
0.0981575691120819,0.46413555786100785,0.7798721447185424,1.5229430581453398,-0.47833594754951686,-0.6557573184517447,0.16387651149057175,0.6565877097497478,0.5615503493911713,0.8687977337070755,-0.5541976823133364,-0.02868581446377844,0.9728284302549001,1.4139800685031867,0
-1.51816390500129,-0.29368630003560225,1.2366593274722437,-0.24707049934353192,0.49060081079259127,-0.44884710626868646,0.6353556729547143,1.2262561780841374,1.2938544220089714,0.9216267923303972,-1.613849082530041,1.4056049087251423,0.8033756467233027,0.5421485950154026,0
-1.1095304297499498,0.44226268927075174,-0.7859259372365478,-1.5357381540527288,-1.0733221881492698,0.9384769650625654,0.7228207116083976,-1.1660560220245777,0.4349577528658847,0.6032024524331164,-1.613849082530041,-0.7458311760582388,-0.5522466215294757,0.8477870486905791,1
0.8485769946681752,0.9540841108006815,1.0486573263770236,-1.5749586637577582,0.8904567219313935,1.0810258310535967,1.5976837492523333,-1.5583667045231637,1.2998401327632139,-0.93175714455247,1.5651051181200724,-0.02868581446377844,-1.3995105391874623,-1.7807515218830106,1
-1.3954455005147002,-1.3309002449080982,-1.057262136620542,0.29186648196816073,0.1799674737212741,-0.33941464670419497,0.13132801477907563,1.3923793774341526,-0.7866174887302928,0.3237139659464539,-0.20098054890776826,-1.462976537652699,-0.04388827093468376,0.45687130673449694,0
0.3866401939912631,-0.33252692968447967,-0.5406133985335738,-0.3404270258979398,-1.0117712795493379,1.5522856885369412,-0.32318000057409324,-0.5879701860277147,0.11700084422590233,0.2620266022086172,-0.9074148157189045,0.6884595471306819,0.8033756467233027,0.3146905529241174,2
-0.8387492364690079,1.1395038136575735,-0.5741092076807824,-1.6124636532475496,-0.7053288309474302,-0.3182899711890162,1.5898228346479493,-1.240964094610913,-0.12747606466829567,-0.04442640840726658,-0.20098054890776826,1.4056049087251423,-0.721699405061073,0.131281355505782,2
-0.34576699456156557,-0.4218010083100046,1.638803816196856,0.3243534877905825,0.8878030178656888,0.9457581125235158,0.5138369576989038,-0.04884393536290733,-1.683314246430837,0.18858764813115092,-0.20098054890776826,-0.7458311760582388,-1.3995105391874623,1.0206384029334241,0
-0.6903042878954281,0.2220727661595545,1.218920364421661,-1.673054292264247,-0.040130558683332776,-0.05046606432680738,-0.6739159982592612,0.40711690967740755,0.24926303834116506,-0.017745163320890496,-1.613849082530041,-1.462976537652699,1.1422812137864973,0.19804015364117197,0
-0.4609173519847483,0.2765066959610367,0.6841460137632092,1.0371957147510298,-0.9700257259423886,1.3806178809408267,-1.2667778355992412,-1.5851283280272488,0.620459922988444,0.24346961435002162,0.8586708513089362,-0.02868581446377844,-1.5689633227190596,1.2753993908027847,2
0.7835486391800763,-1.1044271239734755,0.7732487053404173,-0.642377347921148,1.6505795540115007,1.4160059141736505,1.2060056805002355,-0.7285654078494728,0.37369794080886,0.7755374846616783,-0.20098054890776826,0.6884595471306819,-1.5689633227190596,-0.9580521887543383,0
-0.6614404823595059,-0.4957540013107001,0.2053740068837703,-1.5719337598887664,0.7709993855067702,-1.422063432969487,-0.4528050285683247,-1.5787046927598858,0.8854628686717436,-1.3728728686742977,-0.20098054890776826,-0.02868581446377844,-1.0606049721242676,1.0925839297676252,0
0.2607889285085579,-0.5906855031124,1.5306052524221767,0.34216350620681224,1.615220145978419,1.5154076455817096,0.5772354396620549,-0.2178418139695382,0.30076153754375773,0.8965244742424139,1.2118879847145043,-0.02868581446377844,1.6506395643812892,-1.1487508363746246,1
-0.04865265926136313,-1.6463991337983022,-0.021157877479841766,-0.3237014405154488,-0.23372203107946232,1.131534878310873,-0.07767021641415267,1.4493333214450015,-1.4879698649460193,-1.2797635525063926,0.8586708513089362,-0.7458311760582388,0.9728284302549001,1.118103554503369,0
0.5939034407534732,-1.6532643536803038,-0.4195384656674097,1.6882556689226276,-0.06629648635533629,1.0131328484747182,-1.0165418110035611,1.75678072331739,-1.311803835891632,-1.525349279483278,-1.613849082530041,-1.462976537652699,-0.38279383799787836,1.5735657414090554,0
1.5294060205916533,1.1117502951207925,-1.1681126395001027,0.18796701443150596,1.4087795055707786,-1.0294169569743024,0.37424718365960213,0.5431607998197814,0.38986341497963195,1.6995180951670334,-0.9074148157189045,1.4056049087251423,-1.5689633227190596,-0.5894403491390242,0
0.8298726016761957,-0.8010665719164615,0.9768391451079734,-0.7513142100064036,0.10794430955930334,1.060904812416684,-1.4939316160416038,-1.1262800782335498,-0.7498137878663461,1.6318333541957992,0.505453717903368,-0.7458311760582388,1.481186780849692,0.10510349909089131,1
-0.9428918448162539,0.03787603949182248,0.7986753408396327,0.7650317029002405,0.7436292259540354,1.21663392152985,-0.2761377398030623,1.4870805876990245,-1.4422584961342637,-1.5473038445954879,-1.613849082530041,0.6884595471306819,0.12556451259691354,0.5644891302377769,1
-1.5722163170168548,-0.7132209577941627,-0.4063303831535814,-0.7644003982497675,-0.8439508731424753,-0.7241447135687233,0.18407518502158216,0.11896259756588376,-0.2016848113759741,-0.18985546482504306,-1.613849082530041,-0.02868581446377844,1.1422812137864973,-1.5058405483358455,0
-0.7808196436179349,1.4849210854336976,-1.6425644408781295,1.4453428765685377,-0.16527516626354527,1.5699543939487193,-0.19773512491375453,-1.1539807802106945,0.24043778648884298,-1.1011939647207423,-0.20098054890776826,0.6884595471306819,-0.04388827093468376,-0.022958080655798137,0
0.3589880688676341,-0.848230911318013,1.1585480546923084,-0.4038926735182116,-1.2929848920212181,-1.5519947216522194,0.8818137692845764,1.5428349621785604,-0.5592144982651919,-0.040601398966500495,1.2118879847145043,-0.7458311760582388,0.29501729612851085,-0.5004162876830603,1
-1.5028900000250776,-0.2648934938145727,-1.6899794629337952,0.20776788124369513,-1.0050887850346029,-1.2058641319022942,1.155487324517546,0.9660308054469032,0.8292892818050881,1.1821557818808064,0.1522365844977999,-0.7458311760582388,-0.21334105446628107,1.3303300870480106,2
0.020924235710008742,1.252253918755285,0.6928539898633681,-1.5359105623763545,-1.7203332200754846,0.13532823197055327,0.9597549868611225,0.875559177046875,0.5575243215759541,1.6092102339265737,1.5651051181200724,1.4056049087251423,-0.5522466215294757,1.345437158685665,2
0.3650324903218691,1.1468016280064237,1.6103441315265763,-0.224392153225928,-1.5866530165989747,0.26752442709523605,-1.5694529272025093,0.7964622980877317,-0.5447782401291998,0.48741759491237285,-1.2606319491244726,-0.02868581446377844,0.29501729612851085,0.7163168013633446,0
-0.5343059386427539,-1.0988623253899195,-0.22285017197001686,1.1943188157522542,1.685507362876904,0.5074745072443922,-1.0331205267150463,-0.9903743705980116,0.9513723580318454,-0.5066779261834164,1.2118879847145043,-0.7458311760582388,0.8033756467233027,0.5551737546234298,1
0.9611782680334697,1.0122661161415665,-0.9205018601029379,1.101023542409231,-0.8782038544776574,-1.6657847143800313,0.14951779686847733,-0.952916775903671,0.5749810749563051,0.37775178440451535,0.1522365844977999,0.6884595471306819,-0.38279383799787836,0.8340181873299712,1
-1.3139376311521422,-0.1672024018633756,0.6968853641211056,-0.929143168081503,0.5902516878679872,1.598000377023751,1.524621452082201,0.7231134003402973,0.5351018543975242,-0.655268564684582,-0.20098054890776826,1.4056049087251423,1.1422812137864973,-0.481095872557803,2
-1.4216821977195537,-0.08234530652599077,1.0832743329721972,-0.9229949705705566,1.2034694436108082,-1.570233955382107,1.1797694170194446,-0.9223096189510317,0.23726544220775853,1.4645776777558435,-0.20098054890776826,0.6884595471306819,-0.8911521885926703,-0.3432818532443935,1
0.8148607103760247,-1.2790457509333464,0.15153260755368134,1.1417313024291875,0.19728547348978948,-1.2295531006811709,1.2059366408215326,-0.15345235959285528,-1.6842190227905016,1.3247851837088735,-0.9074148157189045,-0.02868581446377844,0.6339228631917054,0.19029194535927937,0
0.017927806964733985,-1.4601092268733327,1.5992545795598792,1.5366838519255255,-1.1893988991793087,-1.6760065099899044,-0.6564504105774038,1.0521796649713184,0.7444715544426784,0.21785151051652196,0.1522365844977999,1.4056049087251423,-1.3995105391874623,1.5648553688699471,1
0.6786019736546338,0.7564688262688589,-1.5514364505045577,-1.3794990620872445,0.8163183097864533,0.23661616734408142,-0.22052287937284243,1.059029682361464,-0.391554399194904,-0.6098889220189694,-0.5541976823133364,1.4056049087251423,0.9728284302549001,0.7993661868888939,0
-0.189831761871687,-0.036145791146863504,0.00822593842531977,-0.1407960976277184,0.37027726162866365,1.500785798635967,-0.07805169551098484,-0.10221810702613576,1.6168866863875868,-0.7212644178728908,1.5651051181200724,1.4056049087251423,1.1422812137864973,0.18057981949816834,0
-0.8351432259001516,-0.24026057637409723,0.7436378246290616,-0.53404180510388,0.8272514044596265,0.5794242402740487,-1.1600494516374742,1.0879560617638337,1.1751005570929427,-1.6431101884976476,-1.2606319491244726,-1.462976537652699,-1.230057755655865,0.965366500529819,1
1.1262178465053752,0.761841040584777,1.2399277376600646,1.3281600681203056,0.9615399703613798,1.1215802984186694,-1.596197121881348,1.2510053550749083,0.3587385858540741,1.1312487785555199,-0.9074148157189045,1.4056049087251423,-1.5689633227190596,-0.4635584297260152,2
1.0587965170942966,0.8851262294300736,-1.1122824645043066,-1.4208336850739065,1.6789720492773172,-1.678543488466218,1.566338747889513,0.6054148264541758,-0.830628200351103,-0.16457367359439457,1.2118879847145043,0.6884595471306819,1.3117339973180946,0.8224953114515696,0
0.700157668496851,-1.1919759395916505,1.0243312644970728,-0.9752154490064674,0.2771790801450728,0.15066868439852737,-0.8722585551802282,-0.8917479587788119,-1.0024315579893275,-0.6087045295932552,1.2118879847145043,0.6884595471306819,1.3117339973180946,-0.3212608443598747,1
-0.746979270995962,0.35339855788007896,0.17313720979752886,0.9153025757520143,-0.5318521995200141,-0.13458394187845524,-0.8748956810124563,-0.7316692177932297,-0.5179556440428057,-0.09107632924025544,0.1522365844977999,-0.02868581446377844,-1.0606049721242676,-0.789845912680931,0
0.34238735319746527,-1.2726285282217351,-0.36434266097206,-1.5333935200699427,0.5384627537739023,0.0017417565503956261,-1.415558454747036,-0.5882935046152091,-0.035196674005084576,1.1415928000127575,1.5651051181200724,-0.7458311760582388,0.8033756467233027,0.3906495445956155,2
-0.4427620807124987,0.8367163169245438,-1.2759171186971785,0.007544482706593757,-1.4848774085601402,-1.4746619918220034,1.502817121711018,-1.2837169082288171,-0.6750643604418775,-1.3197332615592399,1.5651051181200724,-0.7458311760582388,1.481186780849692,0.6665952573243219,1
-1.3653644443219897,0.5134088470338941,1.2490672362510327,-0.16856531030546013,1.4068333491185525,0.643386128955611,0.29845178538277106,-0.7346616478735186,0.10079217071473712,1.2795939528311622,1.2118879847145043,-1.462976537652699,1.481186780849692,-0.14737713267554706,0
1.462567841664637,1.539486113166719,-1.1879458825886209,-0.5447040783491369,-1.3071785785419663,0.01645363370894811,0.5999128953600416,-0.9581401401718038,-1.1383687033449956,1.420910030825502,-0.5541976823133364,1.4056049087251423,-0.04388827093468376,0.2324813139822948,0
-1.210440087686233,-1.4999782428193558,-0.6629905616160552,-0.3345697551424423,-0.5799857438495927,0.9226230792542753,1.4443519174418398,-0.09495974605764969,1.7413245715149148,1.5953673547725709,-0.20098054890776826,-1.462976537652699,-0.8911521885926703,0.6923055574417015,0
1.5753238834966805,-1.5407368439520652,-0.7309436380357188,0.1381738537303286,1.122000845181308,-0.045576361328934424,-0.5099945244284015,1.4961691172354703,-1.3420100369376273,-0.352137316091177,1.5651051181200724,-0.02868581446377844,1.481186780849692,0.9556991357586583,0
-0.15154830612936315,-0.7698511654971373,1.2701263354441517,-1.148986247530844,0.36002481935349134,-1.2076894794370516,0.44269149783396317,-1.3269929152656628,1.5790780331233558,-0.9916402843899333,0.1522365844977999,-0.02868581446377844,0.12556451259691354,1.413005767381163,0
