temperature,humidity,pressure,light_intensity,sound_level,packet_loss,signal_strength,latency,throughput,jitter,failed_logins,unauthorized_access_attempts,malicious_packet_count,anomaly_score,threat_level
24.36350297118406,32.959305018703375,976.1705683735906,672.702994208898,81.47962904552335,1.9681776013872105,-54.62201321455246,8.721091491048604,72.05476560234482,45.67890057013474,6,4,1,0.12039996668128794,0
38.767857660247905,57.93306631648507,974.6978799072,796.6813971913723,102.48890963699877,2.367178296875107,-87.93295465263836,38.167733117994736,68.75957214087146,26.2680240909749,3,0,12,0.12278990190422334,2
33.29984854528513,81.10620851134857,1040.6254580521036,250.46789879249897,98.41448368111432,4.272736966010902,-38.93238056516296,166.41791521289855,9.66584444646943,36.24551359180422,1,4,3,0.5653026914604504,1
29.966462104925917,71.25574204866928,974.9546199849506,624.8740996069989,43.850991422439634,1.7000219302994606,-57.081863265153096,153.58690291132882,92.26498325008943,21.80241489862939,4,4,8,0.2700957522836456,1
18.900466011060914,76.45928035030148,977.1949726128631,571.7459831437487,43.43245227673265,4.3482484240608565,-88.9957281510132,70.77789559997223,56.89037299546628,31.50172887712191,2,2,4,0.3923991022411144,1
18.899863008405067,66.11483566975022,1025.9398262417963,832.8303767882711,54.1356930970422,0.44067215488345746,-32.63633597631552,75.98531492706829,36.43617956145486,17.028796871055935,8,0,18,0.4007484476475779,0
16.452090304204987,68.45935951624966,994.973984245054,906.0870604812606,62.49672537069335,3.8839921860431534,-63.71441756652756,107.17733227716231,75.67820449118113,15.057950989272268,5,4,2,0.17855285928491638,0
36.654403644373375,79.44369560957236,1027.6710556955181,12.156771477386808,66.76100232676343,4.237738165273682,-94.89710836898415,1.0479599323417754,25.810809294323246,28.911489308475684,0,1,2,0.001314633430626433,1
30.02787529358022,37.47676062014301,956.5366157564386,674.0199190587927,91.17274951500107,0.9090882641866938,-56.12169669094529,49.00762287156754,69.38163272092741,24.90648370919902,2,0,5,0.8531518099690073,1
32.70181444490114,54.259747455019834,998.7571193673384,51.83579911972902,35.10123889492519,2.1517326618610024,-82.27607650910329,42.43812991303467,4.067149636467497,28.976818457499053,3,1,9,0.7150019688976883,1
15.51461235739506,35.484660927372154,953.3613600183282,548.8586650773559,33.12054338034598,0.8274988733182781,-43.74145836858883,50.84610640320293,83.95686295716627,14.33302906435115,8,3,4,0.6905385581155655,0
39.247746304049855,89.13676055976529,956.2653203455354,287.6327290436782,65.27195066495182,3.5330206449710886,-42.752454850366654,161.37526266415483,44.87226761742972,18.347891590849763,5,4,2,0.5465051381133197,0
35.81106602001054,86.08415377806293,1040.643745334441,306.7765995221412,92.74473229241823,2.6767388403082837,-31.473685090173674,56.65509745274219,63.70562214435839,4.194898031445465,3,0,6,0.7009696545781204,0
20.308477766956905,22.759876795795414,963.9245371117595,352.9585034523566,47.40918086608343,3.1766167335416053,-64.86913282828473,39.11274308797948,22.2016581986877,2.613818613610286,0,1,17,0.9356883775476258,1
19.545624180177516,69.3902620760982,1003.2420682275217,621.2924490496101,87.73540331306265,0.9824348347810558,-68.1530184190584,101.34842869781328,67.73966389457895,12.672856483650813,7,4,7,0.6656737362292912,0
19.585112746335845,84.7673822190966,991.1095602600707,334.04996566876923,53.38453241462695,1.0587293102620976,-47.256707618746354,173.26336223817364,77.24680356173833,3.712342966527288,1,2,0,0.26509140192744995,1
22.60605607398844,32.64027415891334,984.7343326258842,732.6990505902804,109.74774979321647,0.20748662754953184,-90.72705405606514,49.028591063662475,47.373997369751436,5.188735431737035,7,1,3,0.570560051740898,0
28.11891079080595,59.756166138684065,1039.9833345687273,404.5273855738697,110.61209498399549,1.6103376759786485,-61.71591403448131,16.62871231576694,61.81091971377325,40.646420269696854,5,1,6,0.44232440336621015,1
25.798625466052894,84.08418083116293,952.182339677549,68.35320030995862,56.75584838531938,2.798723306668375,-61.762667990840434,71.92454243408328,45.68695978985762,1.943684850834465,7,3,13,0.5564191311121495,0
22.28072850495105,22.37621850100592,1016.3789686175589,783.7598424841073,50.699437856691645,4.289674569986644,-93.73688140327289,149.7827130884306,89.41972778885876,32.94713969673714,5,2,12,0.5176104774128251,0
30.296322368059485,68.8194187072788,1046.339443421355,285.758324592706,67.01735748596082,3.3346372372934034,-70.74111401451606,110.58741839426413,49.83713113338049,13.627887440770026,4,3,9,0.8587752852284649,1
18.487346516301045,40.81443051607855,1006.0168183461842,432.7668795992626,51.647842666213386,2.176981616998757,-40.27006410029586,163.54188054529513,84.196690031979,43.57728403540632,4,2,17,0.6518001033810671,1
22.303616213380455,84.70773367635712,1043.6822462033092,685.4438832219015,90.51454589625334,4.765600571970689,-40.06924646037378,191.95883737423756,80.15507062119784,24.24961422887498,9,1,0,0.18875847793410394,0
24.159046082342293,87.97407716157575,955.2257879286024,332.456157148712,104.34582160934569,3.5962260028791593,-93.05336345562233,158.7398328735718,41.10943165270082,15.278822966391287,9,3,3,0.06301677887537083,2
26.4017496054259,86.09865423794038,991.8793319074161,56.58565614671562,90.57829178200953,4.6508260143127504,-93.64953820765184,121.15681268990693,23.085440736561758,25.881946784471726,7,4,15,0.42436378868134694,0
34.62939903482534,53.194995166022466,976.0157790962052,373.9210470128136,104.19154025244146,2.6379398663608282,-81.61131660986453,99.17497602242372,40.66760504272113,19.09790095226344,6,2,15,0.015610622257729245,0
19.991844553958995,80.34298556925194,1023.082096498073,944.4485826943035,65.72929459867268,1.294521373965698,-38.766375621220455,8.973748183305068,82.6391158399445,28.21505323349151,7,1,17,0.31829738583333567,0
27.85586096034029,79.11845789745493,1048.1297090497246,641.7343972985582,44.06852736379748,0.26413343182360993,-90.97681904485508,196.88007378399422,22.840490328357298,5.726643416317412,7,0,7,0.36802146943922565,0
29.810364221551062,42.337033127027894,975.6530062444248,671.4791486672069,96.41558526578329,3.6304242574192527,-49.60022381607876,77.31274339243346,52.49119095118916,49.849525140627556,6,2,9,0.3755888740099239,0
16.161260317999943,78.02408319054742,1015.4174601474075,632.2821536376398,62.44270546273985,0.6065149900276706,-92.91840662708277,31.293414569456495,80.62906512127867,21.277793884835877,1,2,15,0.9793500243238927,0
30.18862129753596,22.59053443008448,969.809763275974,198.9921389594368,90.41437427062192,1.513875641359836,-56.38035023765222,133.67506222389488,35.41239976532504,17.411531985368434,8,4,10,0.30390087697246826,1
19.263103092182288,61.738891493743715,1006.533025457161,418.33386410228013,54.35795477835891,2.662354539419487,-75.07528906165986,57.573369529996405,64.25674273656946,35.510492415813246,6,2,5,0.2652274953786212,0
16.62628982463199,36.100618610139215,996.3932486688336,750.9397983633182,37.31066713260054,2.8220829388987383,-44.77602259238931,117.56987591527847,24.638594247476576,18.194970324766622,5,2,0,0.12938093106754123,1
38.722138431333335,28.439682004409516,1047.2005329631538,101.37289755315915,119.33236159389871,3.0029159849356803,-83.64166858222455,117.76681366107366,11.017016592279177,41.663715251437885,8,4,11,0.5110088356826128,0
39.14080082686398,25.38672411404464,1010.8527272696466,277.8527760897123,44.058135713753934,0.8312766517485032,-55.25587194270281,89.70023435967096,79.45898408677634,22.713536218021265,0,4,5,0.15367430621362066,0
35.20993370291153,68.74021431146979,984.9506372086819,276.3191084658536,118.95788945671329,1.8986870241082436,-83.50222257968805,167.38760449346347,9.986965478529813,35.977920663271746,1,3,12,0.6162947127307845,0
22.61534422933427,43.791247463764634,961.4095784887934,432.018927594506,117.95519393098026,3.0859711355848334,-50.043780182149234,53.72844524953316,27.211001368450503,5.3726608220943275,0,1,16,0.15515977893834954,1
17.441802850159597,70.73367400701329,965.1246828734935,980.368740942185,101.44362935172357,4.849094323168924,-38.84253758074759,90.2778857319291,85.52543125754427,42.30595927775559,9,1,0,0.5766733177592012,1
32.10582566280392,24.574943855925966,972.5316929951235,67.50254668382195,89.34806658737978,3.6381556884984434,-91.1238740611268,108.00073358960333,34.71228177915886,36.785899338905494,2,3,7,0.8262692391746262,2
26.003812343490033,42.07032364814272,975.0966661340298,518.700994380595,82.00263452259762,4.613018785469789,-39.33830179831475,133.0613194326926,97.30723041646469,10.585838923098285,4,1,7,0.042524633519092636,0
18.05095587111947,57.7643904662736,1035.0616057841137,179.36468201221047,107.94913908400513,3.811060291570885,-58.44973219099914,157.0103982506123,97.97546004390858,7.264300487289333,0,2,10,0.4197469749182059,1
27.379422752781757,75.35062153872744,1006.1222788282525,970.6765454097441,56.04955694575391,2.958584844462002,-91.10226563930831,79.56664929277295,26.90077444331032,15.81461743628122,3,3,13,0.4610489672188355,1
15.85971302788046,42.312675205244894,1002.3390911374366,113.3035047274642,72.09130912363894,0.9601168456817227,-70.07207012482016,129.56334187522262,4.1937244027640554,48.80352930159522,7,3,9,0.7910721434781124,0
37.73301005196955,63.81239635059064,961.4768871869218,403.60100236159127,85.74509724298517,3.3334282594625653,-88.73977945604315,30.971579660635307,70.53582209211737,12.841578728352932,5,1,14,0.4679156319455442,0
21.469499540000424,82.0184423765331,1036.0139693349436,737.8849848346061,67.00714282825419,3.1168978297995356,-50.975647779340136,186.59697200795324,45.153551614569544,22.806360447331663,0,0,6,0.5675357864563202,0
31.56305710884955,63.11042317276132,1022.2814303208484,704.5544280274453,68.47378086812412,3.012345852286332,-46.879230590743525,77.2287024777797,10.165209111561671,1.5010112858668156,0,1,6,0.7912042535880711,1
22.792776902235275,36.30716323275436,956.7668361900002,422.7286368939323,59.72562007518759,2.4489293399412038,-92.59424358090408,146.17476297331126,70.78152961590648,19.861376478311627,2,0,9,0.5597584929292907,0
28.00170052944527,21.70805470895766,1020.7835097229769,346.52416795271824,80.78086350160825,2.643283019946378,-64.5702103113749,5.047875294553352,3.2143734202809306,28.566000771655137,9,3,3,0.3582994135195824,1
28.66775698358199,80.90692117306509,1004.3538217342646,397.61237855287055,106.55170752136044,1.6722126355905202,-42.976246078185795,41.83224143805659,87.03264938017499,47.65623062539825,7,0,17,0.08584227762058227,1
19.621361388138176,21.4888587595271,958.1725345746778,264.27626315863927,48.13755402056816,2.596563463211516,-34.46858709143025,97.92942632039203,13.951387658419042,25.83680224700322,7,2,9,0.7299156295125776,1
39.239615694113965,81.22911708789397,995.8300641528656,205.3329387067998,114.09897348780973,0.9877795283923912,-64.0537493280761,175.77224107873695,12.818456686797829,40.955366308884386,2,4,18,0.8711381501621551,0
34.37832058402786,57.02559938190484,998.4696287130047,483.03969755889,92.01788883734068,4.025871986801884,-33.4804543472015,105.92377484018475,17.649662567061597,27.356382128445027,6,0,13,0.970064537020164,1
38.48747353910473,85.73473889590274,966.5774540163276,268.5337560676073,104.09458914120272,0.928884773493539,-62.50177206807791,186.04422597648193,96.03060921335745,2.039250671775905,2,4,12,0.9265998807715683,0
37.37068376069122,75.91482650415658,1044.5698147000282,287.4616648972501,80.05716233670105,0.4248314494473321,-72.40666537800644,97.27558241997647,69.34761908935921,15.750413759488701,3,2,14,0.7974179088332487,0
29.94749947027713,89.85538773733363,1034.9975371480662,656.7560634745571,100.15650312816571,2.181230131785787,-40.62578100129732,98.59937025045404,80.15701639281731,28.777475391555164,8,4,15,0.6434719322457282,1
38.04685587557792,44.54982708161971,1016.9022337329109,968.5373316998922,31.45803576055205,3.2915371975303094,-65.49121026793377,24.829610911605844,39.82373507470203,47.52969829655622,3,2,1,0.7814601458306384,0
17.212312551297988,73.70318022517888,996.2295561000607,603.6372005593751,103.65423823015817,2.188584124667707,-66.96682426048338,160.72859258629174,33.697641477745066,42.95651798756167,2,4,3,0.4320837128520679,0
19.89957156047863,48.13516395264695,991.1765541584508,76.97946706496627,33.61249731768299,1.383770659756543,-65.67812574131202,50.14611708094544,23.52495227763868,11.417780708942383,4,4,17,0.594776214790835,0
16.13068222276345,53.59129342127362,1015.0973467150955,75.58361385406698,110.09220387265762,2.790855919452204,-40.725049869117825,180.0228853850907,48.11673802840966,11.005491500958176,6,1,16,0.3486998091391852,0
23.133258269081608,63.9253824252859,1004.5431869406906,951.423220845566,119.2766472514779,1.7350116770609998,-41.76409208183635,182.25401984574881,55.22769048006344,10.058648355695038,4,0,9,0.32670921498038274,0
24.71693224223705,81.15739799304372,956.2273105881885,297.2907903073336,56.46607159591,4.664338450633165,-71.75360052918522,188.7187122629558,63.214306880910264,46.124944815125154,3,4,8,0.7566917732760338,0
21.783725794347397,88.88584284395066,1001.2502648770331,92.06698608247544,48.928670065721434,4.61322569801786,-76.66900980906325,104.52586733151492,25.786138549469584,42.633307655086035,7,3,14,0.4539327823035617,1
35.718437728798236,73.77913897051627,1030.640361723284,599.0445871503815,98.88270274722366,2.5118590998604775,-65.56503831726096,135.74166317194522,94.87054268220876,38.744171612647435,3,1,11,0.21216126293102922,0
23.918833167339734,49.243674751713364,995.9239877596958,623.6487782902661,52.77237068282279,1.6394199700912926,-59.90592431840237,155.92466013227104,17.058873970892872,19.63675571121138,1,0,8,0.20193816194186587,2
22.023362742184517,49.494990159394916,955.1956577554269,648.5048201186881,107.90061448549831,3.6856620697831954,-83.31639525604021,27.071909111442654,96.56875215916459,25.21903521493834,9,1,13,0.8591723615699336,0
28.567402078956214,71.6307611112224,1028.6278199384033,267.4020278575413,39.2558332941729,0.1835647174153332,-44.42314406990866,120.59048180450195,1.5841266384996286,23.21658723975764,5,0,12,0.6777604943626712,0
18.523105624369066,36.71440020378117,970.1363782135975,15.110684214475034,41.33596767414224,2.373845030218256,-65.9462063987304,7.825282359359023,48.16445661250288,12.669905377968632,1,2,5,0.5460460733581158,1
35.054924518850996,27.733187919197626,975.8620834888038,965.0153694544719,118.1236399590554,1.6816169713516675,-76.61681161060282,100.01565059435644,33.40344702784463,25.251402307438347,2,4,18,0.40093873599635943,0
16.863766091994272,44.82355103485436,966.4706353432296,250.8930456911025,90.64550084430041,4.602679425512774,-92.52253049252066,31.813693642425253,44.96742905163206,1.5248273926377232,0,3,3,0.4308173907871258,2
39.672173415012935,40.10672941578572,983.0215064871497,676.0262880525474,106.21985019860576,0.06001513636341271,-83.28083877174751,37.401662266454856,57.10939144018083,6.590518674872959,4,1,19,0.057435194194943806,1
34.306119232416435,40.741568431919305,1025.6751505688635,706.6298698787095,59.18964396163662,2.7640743785917454,-33.550317977081136,73.6444657718277,43.61535688546964,44.32947980844732,8,1,16,0.45491014486784276,0
19.96789203835431,36.35254257349369,1001.9385859503938,610.0074170794857,90.8835374568544,3.70331790533313,-78.64302192263314,87.0549961765841,41.54320034512934,37.583988351571165,1,1,18,0.7954549106220818,1
15.13805292809006,22.94652327454533,970.4881274150713,312.9073942136482,83.48176445777375,2.425089937620206,-88.17984974430753,125.01131248190526,73.29906919978933,21.143420452954352,6,1,2,0.38798648009532233,0
35.386535711370854,21.251175431338968,1037.7830078152042,271.09625376406575,84.28351081106523,0.4270151508136083,-67.75290458415049,15.811255269264617,68.61903988113782,25.857518114193862,4,4,13,0.3835812525432579,2
32.671433596190425,89.14056728152221,1037.958185495153,597.6682827027031,91.42792135839494,4.862306950139511,-78.5038579647826,101.23466048625149,83.34380107538121,18.499944297998873,1,0,16,0.0157165830192878,2
33.22517920102469,49.94411936151036,1037.0578425046008,866.0956336116915,81.78232558161886,2.5900521568804895,-97.5388524810164,37.342400920367126,25.07090222582561,37.03899335803362,7,4,12,0.4578352625580686,1
34.281758667148644,46.90286530117771,973.8796211381539,946.7337289233956,68.61561323723993,3.070931221595057,-77.3798347904408,115.22105983131664,60.99189812443096,39.20935896160398,5,2,8,0.02533765294796686,0
16.85111629335226,67.57530978851489,995.1239344180988,105.90580440375763,54.83304249424921,1.1830489135375366,-61.9123963242372,127.84351783997552,58.56095906074611,38.164259510157954,3,4,0,0.5703494280087611,0
23.961643213606813,35.27777215055449,1048.4989656140874,154.82861259771985,99.17231978218818,2.417490425534019,-61.380133958602315,111.78514205401792,37.03680730618161,36.130586241722476,3,4,16,0.5067833815823141,0
17.896726488128245,86.49728287651577,1027.201247630999,944.7362587830796,50.36451870028676,2.1457474597916093,-75.04087551761779,147.92080658518321,48.657148436077826,10.225216934639791,1,2,15,0.8400084989239989,0
36.57758564688984,75.04415100908864,952.716742122556,736.5352283347926,92.31188755389728,0.3744792100099187,-68.68880706231795,67.78623960393936,31.446836116242302,16.89849896202394,2,4,17,0.5817806109257212,0
30.58245317068895,26.258770161858166,956.5204591260492,882.9938248297731,50.9999540384394,0.5308017677373361,-32.41374572356635,153.25621173499306,14.270255321936821,23.492271749183747,6,0,1,0.3234273553222152,2
23.27245062131623,49.230654304944984,996.3931376812333,202.63263413534315,86.27971529590084,4.1873625980938725,-73.58560659387818,87.12064925993054,21.458740945207012,16.539649571382782,2,3,13,0.5162310094169141,0
16.588958757150593,81.53828152935154,1040.9220205861561,587.5858711094019,97.2370440416126,1.1990997610329512,-81.92412307180119,97.35271516619676,10.640813275479989,37.74701000791645,4,2,16,0.6997063557499188,1
22.774558042891556,86.13124156039872,1003.8701797952714,701.1395944174736,49.684250001588524,0.9747913574931527,-82.9573069153268,129.9723233249532,68.3386505614934,16.467676212497732,9,1,2,0.0939637954103828,1
23.12958305066868,52.718105787490884,999.781250803429,680.1118854469727,35.39489707751775,2.5245572562506964,-67.95647711071061,4.653318415845568,66.10666657160424,6.911604339266858,5,0,1,0.6210740884704338,2
33.2401544584516,62.93879724474954,960.5473699956631,408.1516908666981,41.78763686947567,3.843735656812565,-46.83358958981392,131.14485006262942,95.0655765208293,19.952022602415205,5,3,7,0.9166262819779791,0
30.93893678388033,31.692376226445266,1015.6780104724294,15.394891691308477,84.5397270543923,0.3097325928949396,-85.58082710680688,124.09844466535095,72.9948735233594,48.99572163911902,3,0,1,0.2991302956312444,0
37.18031856440817,89.38180382958836,1032.2103160600225,582.9260568042631,106.4501765603162,2.884039598191279,-50.34927110014623,62.659576233902705,5.299379291737531,11.294070646678794,5,0,1,0.6266250948764123,1
26.805373129048732,36.21701909684104,988.0420007507562,253.10153917960875,34.04971391118819,0.5960522142028668,-98.51951236554086,18.073062694998406,88.43609287550252,30.607932947161455,2,1,8,0.8213294503502435,2
17.98985614845754,85.99122418945879,1027.5611850925327,450.25424614289034,96.07361331374817,0.1823052541280923,-70.67469154112378,19.096154532695188,86.281248778278,21.648652491985317,6,3,19,0.5118063974386241,2
32.83111968057487,65.4752654294658,1046.447665390081,957.5810150838173,60.71867813550469,0.26371976081108695,-45.68944543580492,184.7215256500605,44.3877000451926,3.5512283824663315,6,0,5,0.7179795340203848,1
34.019626215422434,62.54157564152014,970.3766459127689,399.03531764243473,73.06755329275703,4.170820541042207,-76.2886930957898,138.1665849239416,58.627718747739365,24.393830299902973,3,1,11,0.3110103384892601,0
29.031929939237408,55.8881957711556,1002.3329631194741,839.8016066644267,113.59735948610091,0.5898624181403078,-60.538402898822035,26.29342014037734,97.61022541400463,35.108216432415624,1,2,8,0.3060584529251448,1
34.27417949886403,36.14688682024311,978.7137958084576,188.54060574925114,59.87743542622609,0.22575682206145975,-85.65145370218625,71.98791069247237,53.27720594843181,25.660998791390938,6,1,6,0.6675840217985607,0
27.344889909109767,32.35696224038558,1029.285441903384,672.4604980250289,71.88032405455374,2.1894994357145614,-48.06032262116794,118.90411578641769,90.54165065477137,43.605303187329056,2,4,11,0.7054088739734838,1
28.06832073454985,35.43403463491227,1007.7593365881157,977.0069544389435,31.231417328461298,4.2199673597101235,-96.34046277118682,167.2787693130391,8.395571905237626,14.446850832879132,0,1,4,0.9370096995121437,1
25.68852545896374,33.05067835009782,1013.4582417550304,101.8931008729368,37.343884800435454,1.3120418824465097,-40.32201485871497,9.688524813888698,19.18608168399742,4.312458565198246,1,1,15,0.22483857471797453,1
15.63547816860238,74.57091314967273,1029.7914159615893,8.319942227192012,53.27324320213056,2.108563087629582,-86.12625295048323,48.08999316253176,44.13141884978766,46.828280582900305,9,1,4,0.4682175960879691,2
17.69728567483261,44.508768141671105,989.5970472662455,433.58279263261437,32.5067016738967,0.19961266281875611,-38.792137780416844,178.06004906878061,58.51720515289674,18.90981747641095,8,0,11,0.2505134731638914,1
15.785729642168356,24.048987359437746,1041.5090068407044,92.6254830513672,86.8237793443426,2.2453925706743796,-75.32295310896379,2.8239444865794803,81.64116240109374,28.82027757268167,7,3,19,0.0800921608802454,0
30.91026028159451,87.83718410985679,1003.302886724614,748.3843496762314,68.37585211214602,2.8880654031856685,-49.41214978678594,41.078421455983595,98.82738530280436,39.600156306509795,5,1,8,0.4032305279474877,0
22.858899526908168,81.8650119474398,965.7954822835349,914.5486638485589,79.33306824552199,2.854535268760724,-77.6542291549668,191.84581101862022,38.94626449776423,16.21568319377903,5,1,6,0.3740807472882033,2
27.71426727911757,84.94265982366491,1019.5899118168802,434.02097270875885,45.71824673066966,1.662133460871826,-36.58618301357467,123.06696745791206,4.836822050394484,35.808226908880556,0,4,18,0.2704341199821879,0
37.689161848152324,89.64354758525047,1029.3261350438254,258.711642155441,56.63388264929545,1.5776659033156775,-91.13540121371379,53.072601960863786,80.13703317920294,6.770942490891402,1,4,19,0.29699489113941646,0
21.232305728721872,32.17266744536411,981.6761677067527,434.40331900660976,89.74420273674525,0.5331180946829894,-87.50361475091809,14.331227784773674,60.47763383637253,14.564687360275263,3,2,10,0.3604118063512781,0
25.259573075890742,47.736941323186116,1035.7179256998752,723.447817850001,116.87724512673599,1.833991603231342,-65.48789123888383,6.610076748997209,19.934431600933348,7.235531806825995,2,2,11,0.9888376327800935,1
33.888778463576216,73.07669329928639,1040.6143254765766,9.054161580370979,34.537509624198826,0.49747334436482327,-94.26430926732976,49.704270847748525,49.53336281647988,40.56152792006789,0,4,2,0.7829577659672801,0
20.71995413729056,68.72144326376545,977.6904487377809,589.4539894846972,110.13458887697395,3.832979723560258,-86.28138707087666,176.41567809819318,74.25679352881906,11.132461761339268,7,3,16,0.07140120108690695,2
16.924497745719826,30.772713443789854,1048.3521472715222,613.291684887379,81.91930811800876,4.831371488740929,-33.936353245159,83.76681720520439,77.06413752815752,35.87017777026051,6,2,6,0.8724131764867018,2
22.2437863228442,77.10831874934325,964.0711528048759,637.6882468959355,80.75276100800613,4.8503722833335345,-31.645723719647904,144.3463404640326,50.01187935867633,47.16491986228263,3,3,9,0.6333033263986714,2
19.03053218135011,35.710840028566246,970.201566840249,242.0220799808772,75.02506816869843,4.325355496876969,-73.66184694687047,183.7387220406116,30.59093155987303,26.38861045344385,8,4,14,0.8905937601219092,0
38.242441308564324,35.667233037583614,968.4224839238026,714.0527233781268,36.24546773137651,3.0039607466980955,-35.36997852902451,82.2000518589605,97.3768839456455,27.001459613034385,3,2,1,0.3417096871302282,2
35.20300948911043,57.58820960253895,1039.398971000787,91.3914863317764,38.08891665625446,3.5043284862193995,-61.86227270285978,39.064196836442015,66.36992483455363,23.051678404890602,0,1,12,0.4645188648117188,2
30.835093912760584,61.50579543891922,1015.4292552324962,199.2703364668008,84.08208050931775,1.4260290134020703,-81.11802738883631,103.90646824052698,40.882928182695245,16.294507169682138,9,4,3,0.8962270573081084,2
36.786514754692945,60.60603454864678,965.2104283222272,877.470046654482,60.68627142920025,3.1538521008631033,-50.832089524358096,181.70865372491104,28.11827609804478,23.782751546245855,0,2,17,0.2725731359136815,1
35.09180192247786,26.404078617842842,994.0323418368349,738.7231507265664,112.55412599199126,2.278247747199387,-53.87687353976,161.07050841340242,73.13718800205585,30.14037661333797,0,3,0,0.9155008762454153,1
19.664251472150895,81.42226038412662,1011.5298025069802,13.745554011345252,66.59314836235251,2.4100866988846628,-30.761227662388663,14.100138829267603,24.294126214817396,49.29957860853297,0,3,1,0.8284997121442692,0
37.313974962249446,38.592002981209426,958.3464084989383,248.3762603698002,42.895331283237695,3.78888280187579,-81.44668988135017,138.82198721543878,17.25382789847145,46.88822796591121,3,2,1,0.9805579409092934,2
28.48355604789127,29.06604448979629,1038.241636840734,214.40648299316456,94.32469501518324,1.4095917779862583,-52.95583481367852,114.8076069693318,53.030405507310824,43.10764791465609,0,3,3,0.3242575870163631,0
35.18600387910156,82.2123655908284,1030.3603535441534,270.80632803697256,56.40180792969089,1.5901980584725994,-96.35833714793871,181.58517209293868,29.069740525149776,44.456526785242914,1,2,2,0.2357531800047834,0
37.40228249808733,86.89560487608274,1000.5206773576638,247.5597702798864,77.29232766203039,4.623208955643183,-92.04477729122964,25.37380195320915,62.927623977869146,23.392459164602148,3,2,16,0.33086689704572814,2
22.950086874296595,80.34893320858154,1046.7126615259172,62.52629574284574,92.8049506954653,0.2811214742548612,-99.72571375342348,107.27318652772666,11.882073619935925,32.87221635887324,6,3,13,0.9546497959887352,0
17.75129811319192,76.66612523074147,991.77609792751,458.9405165968203,111.02377000818633,2.428171492066702,-30.03775232582288,176.01307600886656,65.52861634627543,44.75333614681071,1,0,1,0.33307329605294156,0
20.698379063548543,65.86693864473152,1048.4110319036497,732.7334747861652,101.29720753215085,4.564004002039309,-43.840841199676554,82.59473356160686,28.401323146970455,19.647538249567653,7,1,15,0.5652118199572381,2
25.677694715656408,58.56001594263975,1016.7919998803627,606.7317247174365,90.87249610854516,3.051815039090785,-44.92938896865215,96.91698862884054,0.12426915000782189,48.08812391727344,6,4,10,0.4036792825865142,2
35.45036914806233,26.08907319379871,1013.4671273253941,672.8716685980797,91.16698641556292,2.73203537106066,-64.31917472982742,15.0216748557247,12.78091216165022,20.78930310345915,8,1,12,0.3962201444817809,0
36.51826458140859,48.59172491494891,966.5954895295785,81.14917853623915,115.13321796288778,1.248720896146776,-78.9953041966192,56.350584449333255,93.36817624572589,30.05413326966078,5,4,0,0.1933786098790552,2
15.173803263279767,46.08819619086198,1038.1927758304644,951.4907101767872,56.62416877468824,1.7163774453222413,-89.41150008761268,65.57682318462052,86.74872844762425,35.4902356636186,3,4,1,0.53707954079759,0
27.768682564439143,38.182764863222836,992.7489687920615,838.4918338430249,30.10008847765687,4.260242079023465,-80.07276828074754,189.0793673002325,23.437542300420063,47.52960065379692,5,1,1,0.8494042549672068,0
25.435275078719474,70.63940795820095,966.223340578248,805.0903184956627,54.47591034583788,2.7960906588422905,-73.68201446496026,57.25080474769065,77.85935326409457,12.230813702613302,3,2,4,0.049485013553870805,0
20.552695261768257,54.711301455513954,951.2607519975759,822.9838050417675,49.61022416640696,2.5737109687838995,-47.058293211379414,92.71287831866074,60.89630215808003,37.30654891193211,6,3,3,0.8892265936634216,0
17.99663418334207,25.673235113535355,1005.9755683638383,932.7105081327613,89.56511266025984,0.4978985677001446,-62.22367477677933,134.5895802892917,97.09338067384196,26.040779307204108,8,0,11,0.6654729651372995,0
23.4403792850907,35.41282413648679,1002.7399622122676,544.2539661136977,87.03404397889761,0.08014078227561561,-94.57614614111621,33.2744911091676,37.423205387452505,13.427857031032053,2,0,2,0.6167380805749029,0
38.572742597812976,67.8281134561717,1021.9353622369158,200.28201786762588,83.41152444342515,4.818425943435246,-98.73796937287614,97.80203504123303,68.17791519046541,38.83034198981953,2,0,19,0.6259002329239922,2
23.080073300518883,25.329160164321014,1039.02580530178,616.7836078525412,31.461909888850833,1.8849308364342083,-92.83674743261558,147.96926885570562,6.447218670149467,27.61111400869233,1,1,9,0.29626983595446943,1
27.969765543584153,79.5844839834138,957.9406584643029,742.881493667939,95.59002490055828,3.0160653104975217,-71.26509004118344,173.50418739238614,39.68510994695896,33.04869103248379,0,1,19,0.4151445038682877,2
32.57547397237944,54.660256890978204,1023.1496490340362,737.9173933540254,59.11773712369424,0.39857536593642495,-34.676495806568724,125.62559565782291,96.38538435269923,16.14505342889505,0,2,17,0.7992900059042146,1
24.09074005948235,53.64106041286536,968.7411944097582,521.4490241668801,89.8550390105968,3.415571428615233,-55.38182631535449,134.14164954807262,53.94418935756705,24.06369759138025,2,0,9,0.3063810369362896,0
39.29455206802402,61.46854492616623,1035.8177053157165,68.45871933357806,80.09205856519381,4.662833543529804,-43.872187008713944,26.13041104432922,28.859162383150977,30.867712549403354,6,2,0,0.47002020957269675,2
39.06118237355278,77.72766761476043,1031.9063513861656,371.1129384301278,60.84578328851165,2.8783262649870984,-67.3537783846816,189.2095229520231,12.115069216547825,20.2455407134922,8,0,5,0.019632271387653333,2
21.294557395634104,44.34664455315351,1004.0793754985544,920.7666084633573,42.1118640393697,0.6305766118770528,-74.683374176347,27.38224141941199,70.38248118413489,9.918626992385066,1,1,10,0.7335583529355066,0
27.431212647309636,67.46113067913444,1021.0242798623311,584.448909757426,38.497700789443286,2.9086076373673837,-92.4119739098364,155.15991449917786,64.52111873862971,48.0820246157652,6,3,1,0.41770217667860565,0
22.521957745419243,59.601237479705375,981.4350113183748,538.3319432557134,104.83664998010012,3.8317360655232617,-38.68468844696565,53.69844803388545,37.45647748901709,25.57337700213087,0,3,6,0.5253587684736037,1
22.12101235943669,38.69197891185949,997.1167898932815,268.8535143821935,112.65577878734022,2.0320826828700933,-45.1787979680468,186.78503559654905,95.09904105139684,36.696018514385024,1,3,19,0.11468931781075864,1
15.92217368386332,81.50409904486105,1032.163689771047,368.4489199165789,88.48092420878696,4.3991887397073395,-88.23173316815924,144.27194833452643,2.318061017486247,20.552359677802905,5,3,17,0.9917142287874369,2
30.23910834949742,75.81982151248496,995.9265197173214,895.3460891531693,39.3090703374435,3.2434147667868225,-64.14176052866176,151.00892888269541,30.4420127780194,17.756588201285815,4,4,18,0.302467826984846,0
27.56697558072154,66.09162842608978,985.7798265325441,666.4630475268357,66.18244951994166,4.496244591446013,-65.88376344551286,44.59277543891678,92.11484168132819,20.35821492335625,7,0,3,0.6349896615964503,0
16.286968781249733,79.54072103659693,999.42124472503,787.3870267523329,95.60452800946415,3.117526556236686,-56.243591311943,89.16495535039701,32.1614502881121,20.45983218928249,1,3,12,0.5812363448544654,1
21.966161605915286,80.71059406718616,1032.8249252437217,454.34542306765513,100.18387956090613,0.6564398600241211,-33.76691742061172,123.944825723268,25.300058102131526,27.209005797097678,0,4,17,0.7850922039249904,1
37.70664714916634,69.58540837005243,983.5208047370872,630.247219456158,40.63967600619797,1.5484585555259456,-59.41599907662643,154.2247500231136,53.468618952131614,27.173493499068158,6,4,19,0.29383695562196055,0
20.989047266674312,78.59093298545704,967.3761593135744,248.38360874320753,30.002764696084416,1.0089747412622847,-62.1847913254967,21.687915806565524,82.39779481706174,24.857690794143583,5,4,12,0.7559273449972372,0
18.622371802280576,68.82300231684985,1021.2014020330781,705.4608302834863,94.09233412925445,4.544132488584312,-96.47739469457352,192.51069797445115,10.404361411748269,6.7392892458719045,7,2,18,0.38250173068573434,1
27.236319006939077,67.60985402322103,1032.5978212708083,427.60133370333733,62.09365583875851,3.8020003364374135,-95.59647667873833,178.15391344035663,94.30776889360904,24.803773925026558,7,2,16,0.4111609658463491,1
39.641261352765014,63.3027964750629,960.0637478523533,442.54551481474556,52.90331984564342,3.38199184455003,-86.88572460712479,54.79936950862128,79.52778082999829,8.455195021032575,1,4,0,0.6727125264867702,0
21.05138178778751,72.69016476903488,973.9874112755945,649.3223245768817,31.16077228105729,1.5048315981581084,-97.72704598157762,164.72928836343405,18.20690052960004,6.306789314788258,7,3,5,0.7842857717404688,0
31.803388685146963,31.102357370515158,964.1971989760993,936.2806214689267,78.62694660853498,0.9202238602510676,-47.96529731009913,104.14646068492486,71.22959532369644,46.632285867058386,5,0,18,0.6668666361205591,2
34.04049038321794,81.66095314392498,984.7941411582167,64.00634660862093,106.60356618833836,3.782255439944559,-49.36687872042258,92.89948983084172,38.557376391491964,30.247500657385213,8,1,19,0.8998795205711521,2
20.940938599809993,81.02904694216625,995.0350978905412,824.7432373470076,116.1868481645329,2.3707897293953986,-90.476063589785,63.57238705646967,40.289238339824244,32.97450290622921,6,2,0,0.28515902951006733,0
33.205408715296485,22.04730981241914,1024.8826336963307,292.3831104121931,80.91704555519604,1.1289477607531455,-41.474476944330334,116.6127487396869,78.35068023464275,20.089683516668188,1,3,7,0.9006167321019494,0
24.194578317981332,77.80717253953338,1015.1147584881674,443.9194545063778,76.30151949659047,3.0831098908263757,-89.16497756077216,146.24793442301595,96.28220231727515,45.44904459574321,7,3,16,0.1308635259433787,2
30.807645764839485,29.020890723141164,1012.0928567478431,21.913328775008956,37.6550746940317,0.20166926069225988,-78.91770891018488,82.77564808758889,12.752921697434674,31.896524478983274,8,1,14,0.6595303190299806,0
30.838242769022365,43.45831979813993,985.2374946609655,301.04607783431305,79.39855213883398,1.6308512706412674,-82.57161705870445,126.21461940865012,42.12096066419406,38.45849347617937,6,1,17,0.5476306513801775,1
28.394367101868962,72.04557794041254,1034.144755308476,502.6312426301305,64.19811710688552,2.3427849729556733,-73.93850309988666,140.16327130990544,48.14606664762193,18.42812345138569,3,3,6,0.49463594041558945,1
17.257244251360206,31.253192723381574,997.1287167398165,56.17607734743901,84.64217527952192,0.7397916705470292,-82.17353638770267,142.5132415860419,37.69355051380426,48.00059404095627,8,1,15,0.3109120288621783,0
35.88256238973095,77.25769168833435,1047.9104938015155,491.0957293831651,64.9853713088892,4.9232723879541975,-65.77343514930836,11.34125352810487,36.382593459250884,41.02306450791575,3,3,6,0.5037327453082342,1
23.019501624293397,78.24939245704194,1013.4142138295737,927.1106288584273,51.626921110533004,1.0454868229480714,-71.48144830517202,172.08981333132832,5.321639889403494,42.69742315072718,3,1,16,0.16177335638470325,1
19.662962759996354,55.52274136325853,962.6264741564503,105.39321810780523,38.546874770553885,0.6517656502163277,-30.940135645447143,92.19240963824454,68.58530819420606,8.609713371287715,8,1,3,0.3693209442116756,1
16.0193785388691,20.44701102017835,1017.6177562075434,764.4407280755044,58.34266001300061,1.017674369434482,-96.08515549102421,53.22080025754667,43.677820270292536,13.548160393560977,7,3,11,0.09868091748387742,0
29.772323579706047,40.09266932224389,982.5104015431699,409.67105337599264,38.69803508589771,3.8453056657986213,-90.04730365288539,49.111136988456636,19.559900884128286,14.281329984178853,3,4,12,0.5718465997863196,2
31.93910904605706,63.18488428630195,1018.6327196686098,655.173714524338,45.92072557415855,2.127528296359214,-96.30218742639782,97.11980845594614,81.62174687997663,13.545461162343559,7,3,3,0.09576788619962695,0
15.414695723196404,88.68303246191964,956.9641148162406,260.23659798522937,118.86025427215914,2.82707969876269,-56.191116351233696,177.47947635432288,80.27581874034763,42.7704081052144,7,0,0,0.16034464390516567,1
27.802326457482025,64.22694689116679,967.4881437175959,159.4922625413583,69.96932012159567,0.10504578493180372,-96.18435058103962,76.29116875484674,48.69052364608049,1.5942397604296055,6,1,0,0.08546680148748131,2
20.66239437994845,38.186250674491184,1035.5737258905785,160.46261427122644,77.8684589854515,0.17215654286657278,-41.449218383671365,150.19542360992511,29.91522104866128,3.804999449038715,9,2,6,0.3813106399520779,0
31.129319760236246,64.38039921697279,972.7179557023514,70.49194564314465,108.62566758634938,2.2291277491350807,-64.16429585226506,20.2669274664565,63.8454633070656,13.695743531495186,5,1,8,0.8419584544183485,1
19.359160725124788,57.79897658010988,1033.704112524294,185.64670490124303,119.6012010441619,4.083276216008118,-63.10946627929264,95.73528372806129,28.88639836416257,9.993648732472183,7,0,0,0.9068963916338277,2
32.27344345256165,74.58917766058005,977.927608845441,664.2193849889683,82.44430044102134,4.426194393537826,-60.6883844601464,198.34554193815438,23.677192239338837,11.592980694142419,6,2,15,0.07188945460001339,0
24.668383657513434,27.488644717887087,1014.2881910058708,881.690611843508,103.12264389397545,0.4335328379782011,-88.04304055856525,154.31712275567506,73.07841393723002,39.897159462665,4,2,17,0.634550140861627,0
38.418249718418366,73.27195317514196,1019.4150573509831,814.1256855911619,59.424692190300775,2.691815510505114,-86.16167878198587,42.89516919968199,4.128491448122975,28.156329694602345,3,3,14,0.6843854245920734,2
18.43802360364983,57.88866050732772,1001.2654753145052,685.1343098744841,57.5169561702562,4.5661484313963525,-77.68278739888967,100.78685326588423,9.567370256355936,0.2885330646483997,1,4,5,0.5337699424320241,0
23.52665877625646,87.40944027012962,980.5310676696731,110.43186341110267,66.24333488951041,1.9398637719894318,-58.4552508924704,47.491327966064745,0.7781385849566187,21.466138285209762,7,3,1,0.6669848614695459,0
17.83683803101473,43.931051622708026,971.2644376371096,289.1874462959498,90.52565364062842,4.147829157141843,-85.29175568418498,82.50262452523934,15.379024328895072,20.394246342517945,8,2,8,0.23369071544309528,2
38.11734045696407,64.28353251937637,953.3189354562426,309.80687532246895,91.39725203295889,0.668478271997181,-91.85677910067172,156.236720723258,6.9921018701749,5.697263472227176,3,2,3,0.4896442118190161,2
36.93348383452452,85.24196738570123,980.3946401240723,249.95694639762124,58.371549118450574,4.676972448338994,-32.09181795070975,154.47373824279032,99.58065654121387,33.80708943007286,3,4,12,0.3908758490358285,2
21.44854069287889,27.17568095934755,1015.3162790531283,515.0056597097231,41.988893172296585,3.757116587656513,-98.4612729633264,46.39197520257464,28.952115998413554,35.104859418974556,4,1,10,0.08970795143963106,0
31.499601150854478,85.60599410655158,1043.8304818448482,535.5538148796726,86.91566308189577,4.706671963934508,-43.811181626478486,184.52244031281717,15.011874465657803,36.044660952604886,1,4,12,0.625556439722489,0
35.4305550050304,68.15200056105694,1037.1204482263051,356.8859751711102,41.5493275969888,3.3830861677625323,-44.837539529748454,118.92106837020053,24.175526173792207,36.4235472779296,6,3,10,0.49521519267154623,0
28.880020289986557,24.748594137362034,1026.6064776535302,353.78915873643604,82.0643257406397,1.8170196599971349,-79.19501203084329,76.60493390144089,93.61894459685945,0.0026413466148400566,4,1,18,0.2751740269025832,1
28.24126445890016,41.067449686277136,1028.84473432533,828.5555979060814,92.40799152506781,4.690905862623612,-90.50613687948805,100.88518057539127,52.064006280137136,47.696040192336106,5,3,7,0.47368526040337144,1
21.046307272511292,69.57204620516971,1016.4984903475995,789.2928483196856,93.05503467550065,1.3778338815458924,-89.80599473062036,121.409179434111,36.545327821154906,40.71043835273315,3,4,6,0.775298018397503,0
17.32756919514748,24.71454210281402,976.0286857566003,307.79583168074566,97.8124899593637,1.6608626103086626,-51.179786793396524,112.4182158373113,87.351806645131,45.19908482946426,7,1,15,0.8016577628080639,0
37.43039394883317,60.75193221233913,1040.719503070583,913.7884438732593,108.5573479409098,3.5040420900087015,-55.00353862396784,97.79460207169946,39.559528027848344,0.7821647653717068,7,4,2,0.6495261287493691,1
37.51045142908326,44.21181398670697,1017.0732311905834,952.815017002506,74.99630927683096,3.8265814976269312,-45.20780280240293,101.48162801379063,33.56735613877381,46.69293978928697,4,0,16,0.4677478334001638,1
30.827536431831696,63.4640862437234,1006.044063098044,326.74254203004085,95.7224270576614,4.647017419245769,-34.376317932062676,36.10597017514935,20.807524002718583,40.48942643440523,5,2,17,0.575749639203848,0
23.475744776217518,23.201942366875898,961.0989469213481,354.42494879305485,85.72554618292531,1.0240120452810475,-51.56508457133856,162.7338479566312,37.841902708550215,41.86095714793493,2,1,14,0.38501537135561714,2
23.73023936531652,81.00757643066635,994.7055543806425,505.63415342195884,46.79759458179143,3.9899901760961196,-89.09039244139896,108.81030366826205,31.736767166090914,4.664369236098426,0,2,16,0.12655634299423824,0
33.14889197175599,88.14422784241778,996.0358271201926,941.1208125336735,32.312068038246736,3.6927302669848174,-82.95901682642125,27.084892479235915,67.76266553388429,36.938901445929886,8,0,10,0.3856205973860919,1
37.42775649881443,87.8214498699984,1036.456360952267,876.3194331423115,55.60872471092404,0.31897278126798934,-41.04643883888198,153.46526321497282,29.02931219660564,47.99583448210455,8,1,4,0.5303327560696343,2
37.177160606627936,72.47562822200473,1004.6648220187789,102.5679625835898,69.87303357038574,1.9361157060510348,-85.34857469160539,186.55635169709282,57.762254667613895,33.92736707090803,2,2,15,0.5988340146505841,1
34.496888646440595,29.106036809144236,988.0400548970409,392.7307432714162,85.53953499857906,1.413827285300493,-94.9234378131863,189.51407294815544,6.682627286694073,28.528070231230323,3,2,14,0.9358009760546209,0
31.050791153857194,73.07842371503159,1047.680032851066,553.3711897497718,106.49633974528848,1.522452121770152,-50.77039621704247,74.43452874982337,19.20978675398179,47.28148388744985,6,1,9,0.7773334450306162,0
17.103499124876222,21.721084152116106,961.0720593326316,503.13247255154005,47.6621145035549,4.914734397773504,-71.82315511569006,27.967857838590053,40.799786633973746,22.1468560867218,1,2,13,0.15199256144467732,2
19.040717852365344,21.548648607029808,992.2548428311944,193.86306793689266,41.29948109086294,3.2138870673996394,-35.597196321786754,104.16152569997996,93.70123046547867,29.964678315523933,2,2,1,0.17418220665292805,0
37.463854713176985,42.652715340467886,954.2024675171406,858.8167711681547,116.71319527268948,3.588380788967498,-54.48214502344369,23.409236640494917,37.78747337299797,23.81691467471831,5,1,15,0.10049475923975404,1
30.160726491489747,54.205023328326604,1023.990412076693,676.9407829968374,39.72401034387664,4.883088186575046,-93.67067155458375,186.86349628401084,66.44100470786343,46.642311068014955,7,2,18,0.7381817272209178,2
15.229926290415742,73.92851924654553,1041.807655219915,837.9083748518036,73.06419630964703,1.8860089122881933,-33.650040292243744,37.53234584367405,25.583213519897676,3.804236338275363,0,2,7,0.706122278491857,2
17.536788571650803,67.83067636245536,978.0037329550489,858.7642793494722,82.70073559139718,4.00920084226403,-81.90099154518279,51.30040613028165,12.79065423972585,25.05598504126741,3,3,14,0.9863629016968811,1
31.587544227701397,51.21318944637238,1035.834167679912,748.3558536657398,78.72369788166944,2.172654816522477,-76.39512567156,81.92066885010911,5.947806347997008,34.347622069271914,0,3,9,0.5220234176643487,2
15.126539596155467,39.15386663971661,979.2218230461898,439.21060124971734,37.74289413296489,4.347668359074898,-71.84177104215206,77.24972924326603,30.610808504420863,39.59532692111185,1,0,4,0.8264149288488819,2
19.020201285437466,89.79871501103977,1041.0770161643916,610.5467550154245,35.13242226032574,0.9032877065565159,-96.41429925169807,159.13791558717992,15.850336577011106,29.150932372206817,7,3,19,0.5764398586427876,0
28.718344734164653,49.83269115651811,1025.3961903596785,160.36540611974314,39.493508471493215,4.738430885321398,-65.24392044385766,91.8070472896415,17.48364375681081,45.4458872060727,5,3,15,0.8740867125274371,0
32.297379942317335,51.59709170307728,1030.490677684144,673.6454174749077,82.70289154853512,1.0938585420543983,-91.36770562472954,34.98288374066404,76.09985490785631,47.09957234419358,8,0,11,0.7210210393027515,0
31.299031487565014,31.453667483416844,951.8006555600455,179.25325573928075,78.9910398870889,1.6311025349046577,-71.93207713181538,54.17476920172874,1.6822232873929344,3.2159611596791757,1,2,12,0.6428840149912529,0
20.606732736513994,75.63666841249506,1046.2810357074027,693.9495905101568,51.03667128330699,3.7809611705339026,-75.4503148405541,102.31356365231689,55.825231560969904,20.11852697706872,2,2,8,0.5651226709830504,2
32.8044805336884,68.55775580470421,1022.6670992070324,229.59816075396867,87.39967276610324,1.9687757078270334,-45.90119416014477,30.343329567800843,38.008191921287136,1.172951086057722,8,3,16,0.7229705244429748,1
20.931227187420003,35.45387289521322,980.4751095386133,117.55130015021997,103.80607518500844,3.0410568838322334,-43.77806418570882,122.7194794535568,50.70434499086387,16.470832868722145,8,0,19,0.41965384267101047,2
23.134992453981695,25.76667319310899,1032.9394664858846,165.28449014295742,33.74210638619344,2.2228675053471427,-89.26109823276384,113.58371400367804,56.326740697738835,26.843410898530106,5,2,11,0.0965765807056641,1
33.662285127950604,67.63495114522992,978.152119841493,1.992135219070268,74.83169491932381,3.711849685448909,-74.34141688345417,143.22576096006927,31.405432676282093,45.53974652549744,2,4,4,0.0399861287978408,1
31.240822476180366,65.81578499967947,1037.2753839566128,718.7396178535303,92.03793708924212,1.1416562618430541,-73.86527872777178,187.60321846049416,29.581375132410102,42.32771612327014,4,1,11,0.4790237316091739,1
36.23058526235445,39.12816688987465,961.2580390411937,732.4010490583792,52.70807343627184,0.29228993618438504,-89.40126892447404,182.53865765912997,73.36684474855709,6.374986333599287,1,1,0,0.5992915822201413,0
31.440322307508584,86.56044935752873,1020.3685977460796,514.9333499132595,57.69938147638342,1.499646987365331,-44.10825464641667,189.26904799569743,87.1405711133036,4.6515187370447855,6,1,19,0.07884903057062542,2
29.20771508338679,30.574052424663016,1004.069847664491,161.3628010553837,85.22741126904455,2.3715433243421513,-50.494017016520374,49.69840380771649,19.33890508260694,29.463366937833353,9,3,15,0.28690354891210224,0
17.341869195702312,50.26343607298213,959.653447019544,83.55433751068975,110.81417640993632,0.8401002609633929,-86.67327495920757,27.18149602123157,9.852114177461381,26.605898622939133,7,1,11,0.3220322059754871,1
24.19289507648584,86.05311441173193,974.1893828258839,19.12896643728701,102.89319782726095,1.7739864482819434,-74.32946639843406,61.15306339879325,89.78980105856338,13.318882071501193,5,1,8,0.5627955352082512,0
21.630059192043134,49.38091218482856,951.2404036277314,165.7481769652207,82.48171971896252,1.9999150914678427,-92.593648260044,179.1219493804966,35.054556818375126,44.97265422769176,7,4,12,0.2784824560427891,2
21.09974108447709,64.696816336486,996.8767965464506,890.8555349831468,95.71995459815243,0.28695921844136774,-56.025538203486924,194.43864145007416,55.17660732721514,46.368320473077674,1,2,16,0.09564859955600669,2
39.325263868811135,47.831607857395596,980.126526076,241.53684170168177,62.834022318701884,2.9165362409210225,-91.50396528159662,172.00566526302472,36.01836013754835,20.130571917008133,2,4,16,0.16485674094655012,1
24.82744311666901,39.1950641644069,1009.8357484297759,354.2713272172157,87.6868975288882,4.421717139856438,-30.98460819625575,22.893526504381175,12.667653400970526,44.51512785567601,6,3,3,0.1739478016041932,1
37.30116387942783,88.87843535718798,979.7237807708617,105.34548448133319,71.95634320148014,0.7587145647652621,-45.35225477184964,189.53817161389884,58.97423133027804,19.19744471314863,9,1,13,0.8426949442227615,1
30.778465649931572,48.65338044205301,979.9919111506985,222.36130474817028,47.09425228118048,2.9890400670075703,-72.68330152912034,85.24824744280642,52.56157109178601,36.84084159148501,0,2,18,0.28431968697829146,0
34.870282588541215,82.58694425753941,1024.3193198731603,519.2245707802051,93.15644464895314,3.3236960245542315,-59.50052474044519,2.852747861708382,20.379056563200603,23.797110877386206,6,1,6,0.7146917339147569,0
27.5659273276298,36.09682241237603,954.8142835978354,607.7526830956525,80.08181736139397,2.0966734020964415,-36.206072864851386,89.03635440889053,45.24171756076256,6.129157825359149,5,1,2,0.5678387463393058,1
29.422597115658977,34.91732928175583,1040.2894995191987,245.35231416621107,62.27594237582323,3.50548793682135,-61.21305037229217,10.16776476541805,79.71505565116301,46.396710061851074,7,3,0,0.977038753616442,0
27.312942345471598,22.179385801915796,1035.226387439118,57.73215922511721,112.02052710707676,2.05365771745506,-87.78510595214314,109.2317063110624,59.08356770047835,22.70482966887683,6,1,11,0.27282266888020223,0
19.881074694951113,65.61667777631195,1016.7804683226407,391.03286912739867,31.884070604405995,2.5231864398871746,-73.49076510931884,68.37225145997321,9.782040973992785,36.72435201612018,3,0,14,0.15837302052920021,0
33.06130288153763,45.796844060663275,1009.3221570107385,234.20337092633414,58.419583612454645,0.0367652227721349,-40.979859447917825,95.2135517852157,54.847347573190596,18.358690721564606,2,2,10,0.052037837694560385,0
22.019309061021396,80.50507748877459,1039.2302498139652,219.55392322980194,35.11932579998819,3.458600570673444,-54.90508888072675,123.02090178788029,70.30355609902972,0.944043928811733,2,2,9,0.24095966228128052,0
15.607899160786346,53.124693468409,968.5330179528714,959.8628027134553,98.98745845994645,3.306713394723622,-54.44929309663398,173.89141806774623,79.29107023749707,5.026517934591795,3,0,1,0.6840708864153926,0
31.136807397679195,87.77353995403053,957.8969162190829,616.300485925724,93.18967087024134,0.1920043866317228,-39.32249600180576,132.7184137179138,62.948846105563256,24.81097397449622,8,3,3,0.08525822463686061,0
19.427766985176223,32.98678609921848,973.9510169909538,556.8784431720959,59.82169968626853,1.8412505369756653,-37.421885977624676,87.37572482715795,15.350550637624297,34.49821785631812,8,1,16,0.24470184514965854,0
38.51146460882286,80.80362175689275,1029.457827870019,415.77510352332195,90.80966119863658,4.895159203958337,-35.614519975439464,164.06614288040265,71.04630933235705,16.736766328963952,1,1,16,0.855308368184012,1
38.84821442506468,74.36177969542192,953.4670266726483,428.94433343014424,65.63435035763548,2.103682812843084,-93.36055647227907,181.21084537705332,67.76645042354349,34.77442295888252,4,2,7,0.5829529493645202,2
37.871609755511216,73.96452912508364,1008.280683508349,540.9050038380808,98.0628412280191,2.509727025659209,-61.911179862582934,24.832233320007248,2.540245605769259,34.9317794715978,0,3,13,0.06952154025319546,0
24.25396750638611,79.13482596818213,1049.543751619131,696.4298070361073,70.87652964630354,4.549650790798593,-48.1643335147177,106.8546625330055,41.233591992265296,35.19679536639154,3,3,3,0.047683144249763276,2
15.386415413221686,73.27167936600992,1035.569609383754,702.1460961818294,67.10517550484991,3.586309379328782,-47.01512084110903,57.61787998874638,33.3617296715411,24.62609270102542,1,3,5,0.06112287532576688,0
38.20796406469313,63.835422514199074,1002.144568904359,171.69390770544956,114.12569239394709,2.9103506556211176,-57.529865862099726,10.365178377512533,66.97426521893898,45.7443075060752,7,1,18,0.9418750501472527,1
25.704603707932858,29.18714143776713,956.3640909286643,500.112752076627,52.579118990163025,3.9890234067053627,-88.3248865371428,134.04079232768308,21.69196764986098,24.45982589903078,3,3,3,0.8498714285610547,1
39.16637047609174,22.276832564387632,1033.137351438571,411.958095034102,40.840260599690886,4.321831332279866,-44.1805612240835,172.6913847143859,59.12810510512843,22.513259674831907,4,0,2,0.8449400420187747,1
39.09049942723132,84.45934934709808,1009.8978508177211,870.5269662693842,82.60888019335124,2.2844403586863344,-49.5922066539538,33.41762824100142,91.32927558523582,9.96904095053135,3,4,19,0.9242167622435459,1
36.325236386684,63.16552201645166,961.4932997059567,631.4189212183763,117.2389631055761,2.375541824659177,-93.97049599156746,162.6703178671562,79.8004569836399,15.382754367816826,4,3,5,0.5052553902509103,0
22.36122230173964,75.75761036833234,959.3857284823356,532.5040664159818,64.0055292354468,1.930254678259179,-67.53331227279367,170.8257509738514,92.15362784803139,2.1167246259151673,4,4,6,0.24734467114334402,0
24.62744321504813,53.706564605878505,1040.9626819436592,115.39464217891737,35.58330872659034,4.833530700092303,-87.82158203347375,182.95374809063023,97.85274609657573,31.67676468080851,4,1,13,0.40134800423851813,2
36.27841678792142,28.211573227367616,1016.9200262938078,605.6378893234114,60.537474057861075,3.485831271451752,-76.37660680009196,53.79173272812443,1.1659456879156604,12.426787196354644,2,3,11,0.7188640728838108,0
22.923050128906944,28.763005454178533,1032.9286799316756,117.20390568023342,75.53384888876026,0.41611533104036147,-98.73432354560202,180.88665997278795,62.31185351011001,15.207762724273255,6,2,15,0.8760328715212651,0
19.237318667152312,67.989570106028,1037.8978900282268,337.2065755657521,44.573070596899235,4.314798116565092,-71.97690921124692,64.81188819255001,41.34265583611476,38.54072608321606,2,1,19,0.4350909266995243,0
28.920031561458753,50.12141264296239,1007.1772352048322,142.84196481433187,89.22919962508428,2.4027997041813403,-61.508615519065266,110.91526467764506,85.99946358447866,16.361059158072695,1,0,7,0.5353809553820612,0
38.40386935401952,34.03673086902357,1001.7446351755041,692.0736470243689,119.79744501091805,0.3437695321124373,-56.629218502103924,11.050986695624143,25.25628873071226,12.109794600657109,2,0,1,0.9317829932762532,1
32.400744916874324,54.41161827190058,993.042741032099,206.2521138361526,70.65655283832994,2.7485862758165553,-53.5556758409903,9.732336585379977,98.1048459625961,8.452887456685287,2,4,12,0.10749863710942908,1
29.251529252234125,24.494625595259386,981.6946587791119,391.859373188026,61.92557010571914,2.0858213948785105,-41.4596080828278,144.35426933370837,61.409426157420356,38.742920109097795,7,4,7,0.8622992169741239,0
17.429412344269213,60.73799813400792,993.4595960858712,895.6747776187786,66.063375015102,4.388747024313124,-84.9175964906989,89.45151561758041,79.37438648266021,6.485312899501344,3,2,19,0.15930748225193592,0
30.375180667479242,38.82953831045684,1027.3879655730157,204.3163833989703,40.363156055568105,1.0199730180469369,-91.56627242930725,52.00218269847429,8.651395326994555,22.687688012517675,2,2,15,0.4838613502906203,1
39.75134625260658,75.82913704460317,1010.1923431015132,507.8050639587791,109.49462412836014,4.132323047460915,-40.3923979671452,38.89228570895713,18.427442687410622,25.34650580385972,9,0,3,0.21842312866305957,1
18.5021003809131,41.72533712465017,1039.2523289954845,419.271661166022,67.33430899692168,2.7884434559272635,-89.0371029575145,134.3207446809844,75.8645269361169,34.36949563428573,4,3,15,0.6029476306906042,2
27.958241309093417,51.86541043572608,994.3380014379188,18.124041045729733,64.85469702823572,0.27305151606734523,-31.766794306466323,1.0799072610426346,2.296453551728429,31.664174116649775,3,0,19,0.5585734217082661,2
36.93432679819888,20.813437793567044,1010.7089578718754,792.7581135728128,89.37212456374269,4.859226506627423,-41.02232394209541,161.372342670174,81.7061107907889,40.53603364725874,8,0,5,0.3800073642407519,2
33.51921544385511,25.071282145619122,1013.1307553091989,69.04590631459972,69.78300788380112,2.563076220516,-64.93863758772807,16.770671619855833,1.4935069673219543,2.2375716963119077,7,2,3,0.8633035148451244,1
32.4253935248817,47.47454894846794,1009.1697162306325,474.2550209769536,88.34101219270615,1.4543842711579125,-31.300500255458232,39.10643336671577,65.7461720222212,14.82203623896986,6,4,15,0.6598133202880598,1
32.56210209967773,53.595718430198644,1020.2633773085516,560.67829493895,35.530166111770875,2.3470342099462904,-93.18362896243971,77.86104266451883,36.57288263115741,14.006705938768988,7,2,12,0.7212051249619437,0
23.98727878049388,62.00143836835126,973.7433468374807,628.4264566145871,103.23510093500047,4.289288917587445,-78.78539671774288,97.48688920350462,61.188335786648,7.3008452796054115,4,2,4,0.15065973820766854,1
22.339796106612333,40.416380509651226,1001.236377754579,688.6316293078755,114.64535575914623,1.5245156219253175,-55.3242909471572,71.64402804697443,69.63353755821245,14.458912692822157,3,2,14,0.8831656779756176,0
35.23402888696284,68.64873202885798,960.4224802808347,253.27238352271507,88.38888475434473,0.9633819824335016,-75.4995192068775,64.82172083187449,34.31327439671179,15.488265707145171,6,0,7,0.1670401636200184,2
35.25283486697952,80.20856780324432,988.4511327644813,9.978776658449373,115.91093359729297,0.6453562346544073,-35.01392136134457,192.8192864025645,10.885448566272473,26.094223096373913,0,3,6,0.2227849642099602,0
36.67680796450259,74.5895692225345,998.7667068621264,723.443662354912,43.628908293296696,1.4892969919510564,-95.40617382755278,128.67435656743544,7.057622188051738,33.1852239463128,5,0,13,0.12805513849688044,1
37.83101381391178,22.773317774385,1015.2224259545472,535.6565993475785,72.96745705323184,3.9002404352002173,-61.54117175573248,5.663158118110253,58.934708653998534,19.055025680590703,7,1,6,0.44035920796881556,0
27.783559971523445,53.63548630804802,1045.0531052586202,836.1177032072487,84.16260605509025,2.3581318259763084,-58.63936128234199,86.60500578041832,52.113469838037744,35.97351156566906,6,2,6,0.8877092317523098,1
27.53790736717999,27.34511248927224,1010.0651066548356,821.3883629006942,82.3562982679068,1.1374080184677,-54.30903133559431,175.12673124905007,74.24588081120113,16.808266928979,1,2,17,0.25244751960985956,0
34.95737947416938,36.943151110376924,1024.359391617656,843.3261677878832,66.1315601180139,0.830924998048746,-82.103364366773,60.989781095722925,51.022577449393324,14.514183865738017,6,1,9,0.37375342042295323,0
31.24909826944413,89.06638152870025,1000.6266059495202,485.09465997954015,60.427596842963524,1.6636473825518956,-74.48035007360949,19.81671261010326,42.302334424084826,27.059402792851216,5,2,17,0.846066420075422,0
32.54917193144259,29.974688003105925,1013.4104031376331,333.62839583686565,41.41416202953769,4.699621864428544,-40.94236292345157,151.91856954639363,39.86890910579947,1.1858180152895303,4,2,13,0.6178152797588892,0
34.89481673590252,54.922170741594925,957.0932216133773,791.55820259137,65.25682055060503,1.7151335629501219,-86.35400617208882,121.59675255528018,2.74204556950698,3.9894561817000183,3,2,9,0.7516163936462769,0
37.250133545439155,63.270901402268336,975.4391580841847,451.2941130292549,44.639473359493664,4.9406203797731765,-42.11925069786466,114.49218905747428,33.622164449496054,20.898477179326353,0,1,6,0.21400004943611484,0
23.449878921288395,69.17254793808728,986.1853093205139,183.4421964034345,96.09291088429966,2.426152278826781,-60.61412039680803,11.661735361874177,97.60441373669697,47.145635569587824,1,0,6,0.7164898633325755,2
24.389573815998602,59.175407844083985,997.2493355006513,854.9740195614744,48.7947841945131,0.8958195914507544,-46.646874216414254,28.959302949307947,87.36820206508617,36.075588992171184,6,2,6,0.22761057864177248,0
17.349548496021725,20.683959319342858,954.5648745502384,882.5598767723473,35.270877475608046,4.455700458967547,-50.04748436155699,124.88732984640964,33.00486889671835,4.4063284750278875,9,3,4,0.987313982210661,0
29.45700352490435,42.85229157707943,964.0024097553318,466.3097561401701,79.71295240355109,2.3017768656741344,-85.47419532305847,42.356944450308326,58.820760966130585,42.31590063904368,2,1,0,0.5598861561267373,2
15.898556844918552,56.2398150369298,977.6814307791306,75.69972730978746,83.57067594474614,3.5483567175226223,-60.1831084496289,101.30994586993644,84.74494487899584,36.61503853040905,4,4,13,0.695639258043137,1
26.639950453311506,26.150654940138335,1047.1532690901051,387.8260899169312,108.4721755152455,4.918557916045759,-39.259379303643534,109.4314555198493,44.18330624133186,30.54732628513266,7,1,17,0.11840158414150281,0
28.566115867689415,44.543885184642654,983.1347007103051,803.5376594626034,81.92834511759136,0.25087675159987,-69.75186342386495,57.41793086391694,1.893990588640081,41.014648030458865,7,0,12,0.2506559800415695,0
22.163531303207108,22.32421761539566,998.2041058112083,901.7740285462287,61.09327683511012,0.4834727989378357,-32.338646084367824,189.7366059527571,7.543595135682144,20.205492387147856,5,1,7,0.13974065956435433,2
29.770831514225268,25.500494800851452,969.6097712738393,203.47274249759585,102.27106933736884,3.602283707313781,-68.34494299287974,168.65035726027946,51.088232862735794,11.075052542692637,4,4,7,0.3901707152717231,0
15.762506248476235,47.78462933411173,1011.0780071075768,66.97361202527152,78.6251003868679,1.4091250164773599,-90.00500543324807,144.7523280189269,96.94699363002024,25.601169455437965,1,3,9,0.2841358642053985,0
15.933704718730361,29.290102783014227,978.0683215515975,877.3504531328387,37.135225616807254,0.9215069847504953,-72.73957239456287,16.520779415472408,69.3516332676649,27.44208777967369,8,4,16,0.7329222596305692,1
35.56501401649146,59.72785937830907,970.6992578438427,389.4049389788753,80.9265504281922,0.19680939909864748,-33.3808315526624,22.11987384249487,7.184527524713096,26.916318600495604,0,1,5,0.10870897962815118,0
24.00476603528157,68.2625478396086,1001.6572628445979,541.7609642675633,111.72166908794962,0.10923355993100903,-77.6195405462102,99.06348782712618,19.017151491607095,28.253689574005264,1,4,14,0.7520593684503682,2
18.17651281629712,76.0410689376358,950.5505799160421,968.065812050759,65.66813629483985,3.8724280155989543,-39.2331288093056,32.98195648900615,77.15518200736332,47.435245911959036,0,1,14,0.04570482463858749,0
28.05608150137011,34.010517097136706,950.7664032649226,66.56472791422286,56.66932217098201,0.67216713684775,-38.312452282267714,195.67482724236535,84.15983201962885,45.11228115481157,3,3,15,0.20201783732239242,1
34.24983882746527,31.723780758134883,971.9068809101858,648.3180074520956,42.9122511316218,2.3386030798557544,-75.48694329676272,32.54552657145448,61.80768916024023,43.78585182794697,3,3,7,0.7919649919646029,1
20.395525687421078,27.31974882340802,953.6721362500821,74.10542257486708,43.63009697418216,3.029484075897415,-94.17196393645575,98.00609925733082,64.47787464601868,40.07084054543136,4,0,18,0.7427766411078949,0
30.57226189547501,64.55011746805457,960.8025754130691,375.46892846650036,68.9494335907637,2.141759002844231,-49.28094635888272,73.46009031145958,2.930911293300126,47.17140536326427,4,3,19,0.47632611391886337,2
17.1336866248442,69.45330085408308,983.8860649338751,803.8145451934467,83.61118417453766,0.13553326168116553,-78.19413906902098,128.2378978693655,82.8701729321927,4.924732083970163,7,2,14,0.04998271507755181,2
16.292043029215193,22.211030137794943,1030.2585679579813,433.4722327556344,37.25538646526416,3.9175075129395442,-45.195347001969935,26.678245368995558,78.84869329626588,13.256163072286975,2,4,2,0.6098937416692993,0
28.283865789203702,85.53485723705829,1007.2048643369301,997.1823539029504,114.56117301226492,0.05256612270826744,-69.01416062176969,86.6329691804358,25.977610895924386,24.752797282729244,5,4,5,0.4067241039740984,2
28.515878040252662,23.637989855603067,1001.2667725956417,559.0592849466021,97.96202557006764,3.80944947188742,-66.03132803601649,55.66630152862159,70.89680432455414,42.32672465617026,2,1,7,0.31652815019796976,0
30.935747537455164,57.890743471074934,979.3488823208122,321.1621526359535,82.79615264552965,4.466522468940614,-45.54634152760242,177.66255340966592,21.563975181857312,25.258285576136625,1,3,15,0.6404106368265342,2
33.15228334306654,69.63423636156415,1043.1753719432816,220.11132590475313,104.55948038450917,2.1641996052858614,-73.23456682568604,9.076556714804322,4.128983089046148,37.40173696707944,7,0,14,0.43661456220172634,0
39.396301986563365,80.967838662226,989.7015041237191,350.5205342861618,37.216808113090195,2.677712365488991,-68.98108582739599,182.83177130728538,20.193540604778693,6.947995262445811,0,0,12,0.09242110045317864,0
27.907508707529885,69.98608524926995,958.7092766795771,372.5332737595508,72.9154989959812,2.3849169630882687,-73.66666718612645,166.7658335720471,17.945024787754523,12.62069064882801,8,0,19,0.9159504705123444,0
23.073911823531148,76.12096581488544,1011.7066516117801,68.71367772396097,86.7083814175497,1.946043093117194,-74.2861639305904,60.216572571722274,33.84102487381124,36.58880475188362,6,2,14,0.778493099453379,0
34.87965486921759,43.761513477996424,961.3838393476601,369.5741994267732,104.57876155064604,4.437122676851802,-63.18373961689784,158.06884028074384,41.90310476782827,8.236700444386202,9,3,17,0.05637819129055244,0
21.770806281551856,77.03775796225585,984.5223142801692,464.2385197392249,100.51226040443409,4.469667553349953,-43.38403888491945,7.211498507410765,50.903035260621024,17.567796732746338,3,0,12,0.5250638701906956,2
25.9742855176409,25.60803924692726,1000.7411938717809,722.7377522388047,54.936232474205966,1.6790818232076727,-74.6762181654204,193.40624450838533,47.727712163281986,13.24331289067857,2,2,7,0.0833775628986283,2
16.961409533556647,82.63716592423694,1037.4222524685176,656.729484721608,114.67921526032839,3.07534877007349,-63.30216956235843,105.79239357536808,27.14039313593241,17.493084711123924,5,4,13,0.837289859058485,0
15.633768585386438,58.331466330761536,999.3546580340119,708.7656552291543,41.19112572877833,4.634537810729321,-53.04908721901794,61.35292418702361,3.0141497905500394,35.416202453898514,8,1,10,0.6130139610519718,0
39.06621036694813,77.21084389737456,1020.2258766031664,8.363681876857099,108.76202567590369,4.810292494706758,-81.13923875874414,73.15405930634074,60.54965206149136,18.39235905714005,8,3,5,0.17244913357306846,2
35.89950301280514,51.66227991628101,1049.281683899907,217.66739958053606,117.38462246441567,2.5447952021102376,-80.57340365683253,14.214665338638975,39.63490850175071,27.76316613039701,3,3,0,0.02074134280620077,0
32.39935515234245,65.05043866375675,963.1489119897982,661.6842883998565,45.943817090036305,2.264124026421634,-34.66108110835816,197.8805532943658,29.93734852301622,4.9965938527204825,9,4,1,0.03158101214642062,0
25.223823610356746,56.84818626552792,977.4731525519519,483.98936817974715,94.98594577834068,1.393471579642629,-49.352579866823795,8.8190970849878,86.70741017876819,40.25088466173139,4,3,12,0.5073654720648297,1
19.332358001771144,71.21126652287323,989.4576075597646,5.313475668345946,33.625696690019865,4.79435936595205,-59.59693266436838,131.32651750642395,74.69965644903615,18.494431282406243,8,3,0,0.7343734786767738,0
18.91092606677715,25.71409874214127,992.1828178538831,804.4946424318223,66.48805426252395,0.7140715223643368,-54.65959619055716,89.1044496135852,85.79077828240698,32.42670795166712,1,3,3,0.12084045133395915,0
21.256072454114882,24.224645879339466,991.1021075265546,772.8095732903374,76.46549692779067,2.8991478802386252,-97.94903898276071,189.8343274195543,49.54878119177486,36.26948008309163,1,3,1,0.22128406591495753,1
28.730666617653014,37.29722638071025,1040.7611002556555,548.4191629935626,82.25807033186706,1.4127513375931944,-56.73279241068122,49.95394832105224,13.18003208746507,10.48304610558502,4,2,19,0.3272599451695323,1
32.86489806750156,31.168127607923182,1021.4032644466856,66.46332577627211,114.23435234237036,1.395041451738983,-64.33437887430587,106.88527796366425,69.65252146851512,44.2337492476675,0,2,15,0.218076782061153,0
31.504934417943282,81.02484966145411,1010.7905214090704,766.5150495325846,90.50256185647751,2.024842936880942,-61.7975224154395,96.98888550796784,20.68677061572381,30.811212580347647,7,1,2,0.39133656268715866,2
21.99834742364857,35.344979115063104,980.9372717862782,583.713587731364,73.31501560973133,4.993964679078273,-74.8403321218428,140.87042236597017,44.17884394226251,21.436257087574074,4,3,16,0.5596150057650762,1
38.87163201657985,88.31056790733919,1032.3790384221295,781.9599771579592,102.87075326393004,0.27483153419911033,-94.29682716009407,14.53403615853168,6.593578815993961,9.116759178910977,9,4,4,0.6849367482413092,0
33.44742291739421,43.58270542397748,1045.506051148499,751.7469923958404,115.5479538858968,2.8927090910176574,-86.46625364715635,39.56403687464761,82.54830940205595,47.11504689506034,1,0,7,0.9637751822072285,0
28.858851312785017,32.748254098208946,1032.1198282550226,803.0020719578371,31.985953381406176,0.4128607901763859,-33.447870075112974,43.69839919847712,12.681470040645308,37.75341020658126,8,1,11,0.9308436696831945,0
30.293018655858805,75.27889549997354,950.1565105191473,518.0080664046249,118.42691450304348,0.7726041499525949,-71.39103064103462,147.89200021349626,90.31944095422604,10.401228136662443,1,0,11,0.5701269748289145,0
25.490001560694747,66.10954428506133,1013.6401370183407,140.324518193515,37.75189251573123,2.1978147088644935,-67.3321790918395,38.63860056902128,86.43663716592955,16.885538736211224,6,0,0,0.7341500564563547,0
21.193274737528938,54.87370015171973,955.1135381442101,671.1574733796887,103.29481013418852,2.5523006567322066,-96.31031471025928,115.12486101430436,46.51181816748068,40.48371290440366,7,3,0,0.9508722046254279,0
23.89931696628154,58.87544856563419,975.7607220333722,620.4737850519706,55.23012772962713,1.29396204182262,-97.37036393192136,43.833520279689786,74.46238360996867,34.78388316076695,5,4,14,0.08347194454140483,0
33.94615276160923,70.34412447905848,955.9524700347772,742.2531871990872,41.89616919784846,1.582285654372081,-49.79729870672696,172.4633650667117,61.98256287443352,38.289214635786216,6,0,16,0.005634759861429139,1
15.359837215743896,35.99183189319091,1010.3795452949388,169.8810060507353,69.58700757424515,0.4348351012796653,-62.33337351152221,188.49490544343806,80.32725666954072,22.06005511064662,0,0,1,0.029799763729583262,1
17.901816012672906,89.74337412397193,1018.6589913492606,194.97519990028923,87.95609215028522,1.5160989192212526,-64.39058110486133,104.18010201350585,43.23732956851262,35.82381313210835,3,1,16,0.5633493623729638,1
16.15006605054382,88.23552135027482,961.4487638065905,890.4095172193284,64.28566605211276,4.83279219690272,-82.9812828704132,71.10946795762648,78.60226757601056,19.324686143195684,6,4,19,0.7628334253025342,1
16.018220057974254,65.52279804428558,988.383888304498,749.9777984520708,34.91088674544291,4.723536908362409,-47.867448785905445,47.57749722848233,46.29943602480829,10.563145846909821,0,4,8,0.3670749507450346,2
36.38651460027518,33.96797156504016,995.6236508955542,908.2284887003229,83.95150256928449,1.674391450684925,-88.22343946240557,10.906419303085709,94.10248220549511,31.633851742067996,0,0,11,0.5452391747276186,1
32.591446484500594,67.61597697019039,986.9053021760917,758.7153211639207,111.21629484996072,2.854269681393808,-86.70456794372859,54.43151516330158,48.688572872432246,48.80069627993971,5,4,3,0.5163663185485369,0
26.85434572718313,25.05388862854231,962.1025000485193,597.1553059903018,64.48938293525265,4.547976955554722,-67.75014800562072,131.19292020911826,46.315665266179586,15.53004856976648,3,1,12,0.09477089159201957,0
17.445854016275035,22.145675154406426,991.8947790187475,654.1327370278736,49.46994998677444,0.030919113204483373,-79.96040965216415,107.18976933053295,78.52867897019492,23.04847961062698,2,1,3,0.32158826422404896,2
27.29039687792081,38.03780219578496,1025.1178047808419,889.12792394001,69.83196113395339,4.053417851687959,-82.67759131367976,188.86421437790455,82.1756114069077,33.70006855349268,4,1,6,0.01943515518230199,0
26.836794269514144,52.383606971752144,957.1007664533255,578.8067545119405,34.35264399439028,4.741847763944595,-54.83336488126678,79.85917523584841,55.493462520684965,27.07531410612439,8,3,13,0.11070568880651088,0
19.33004674775038,80.77907537858664,958.0180014081903,632.3913243283874,103.84388260322473,0.4566286716677853,-54.43197783470188,139.07880512335052,18.061801568158035,42.17138978545246,9,0,8,0.8118582229097778,1
25.846291230949326,70.90183488364156,985.4771291835984,156.4767160036006,104.3706729855168,0.8072384301646052,-42.283805114004956,98.37522674754916,46.829047272662194,38.0871353234758,9,4,0,0.8294134972483189,1
24.962618359934336,71.98945648399868,1044.1725711618924,473.9212201161027,82.92004170866656,4.803731513856777,-70.76040031189169,103.00266696891812,96.81044304067687,2.914860193117852,9,1,0,0.8019463200450697,1
30.39625245130541,49.784533411365274,1016.8572646722914,716.397111958099,61.779260004455054,2.6877007182017314,-94.88404362816948,54.28708860621938,75.32332068461459,49.9210616961887,2,0,19,0.7268186409522366,0
30.877341271691094,44.215449478287404,1017.8669956672564,270.9426983163654,101.9805028001205,0.07098317235861851,-80.84335305549797,91.53520459155794,81.13514412752531,37.620122685973364,4,0,3,0.7933128463999017,0
16.132600244301113,45.97271340892219,986.1919990837865,202.25418052453492,79.92183223095304,1.2881599938176458,-31.39961757622281,94.68621440552874,3.379267332042089,43.19516581470566,9,3,0,0.6709823412695184,2
24.36531536566178,89.13546946152405,1009.3660791208538,313.8268082244156,104.33390776950147,2.249718371344298,-58.261899733710855,141.62186182803785,46.839160317152576,32.55988560476732,4,4,9,0.6698333388162886,0
30.646497892855912,22.807643398873772,951.0131184027744,241.50062799283344,86.83129133247186,3.4645445551238385,-50.31840406392858,188.18735983803666,64.69745125238978,42.81425640233812,8,4,1,0.667361797491808,0
27.578406464502194,80.6922047285714,1013.6096046409542,214.91263703639584,100.59649258915175,3.6658018906839978,-99.48495192622099,66.53493421901835,83.02026509444467,5.619148746435471,9,1,14,0.5140427896782042,0
36.41224602970806,60.507278600067536,1041.3286947576237,424.85084286808694,83.87066938959839,4.97710756462728,-63.72559874722354,9.39789324767839,5.02243799291887,17.38689177796578,3,1,2,0.36334723346484443,2
31.467340790473624,50.703079343271334,1011.257346834482,907.8385138835341,67.27269613940996,1.4375559969187952,-97.37299397277378,99.7627299746273,85.25864467562312,43.82104718022464,0,0,8,0.730195266161555,1
19.073360677035744,70.76803622905956,1037.3698593466345,507.0596467387183,116.21512739335238,2.6911005093423763,-60.153885153598644,109.34780509768454,54.88525358051698,10.082760563344612,9,4,16,0.2986460135867416,2
16.764218685010746,54.0668258997292,1022.3973055466093,187.92038081532303,78.70024423909604,2.666617739298025,-35.54604052547472,34.51966967525114,19.81166566054839,3.9121049290011367,4,4,12,0.5429021314776192,0
31.06048195515789,81.13962666571624,962.0558416403691,76.97166938087408,84.45805666864845,2.0282262972361877,-32.210660864971445,152.33245664893727,31.793796123325034,39.40594699726095,0,1,2,0.4333556202178813,0
15.662782763540545,83.0491304807881,1040.2453307285841,696.1561451379253,49.843887547327434,0.845809469212101,-62.16131272277531,197.00089257985684,28.264762219980923,41.77430778216481,5,2,3,0.27662227709370113,0
29.64438953183658,49.520464881141876,956.6443844355775,382.79876443638784,86.30857104845488,4.887282815919213,-67.92566363234488,189.20916868468373,53.13281752541874,8.13261090949503,9,0,3,0.9746899204524633,2
38.50575603562394,39.37794580645361,1003.3967472547764,821.8309465853592,81.44468845346495,4.26658593333293,-33.84880340260543,40.224101725906785,5.263399423122069,42.717299139135775,9,4,10,0.2587516452018195,0
29.386854446896976,61.464523001535355,964.2137123793458,659.5107686407702,46.63545581523225,2.491665141471186,-52.84731176023134,175.19728474025138,15.937762234142362,34.33838977985848,6,3,6,0.30929306372303,0
24.70424815516305,83.86543419316837,951.1706610730904,796.2414505413685,35.36283876178293,3.016227113420149,-95.45705043231133,141.19423364592527,81.28803503324066,26.004134160829196,0,3,10,0.16158750175806824,1
31.08220546105883,34.746353230396664,992.2034260127639,271.9460394184488,84.3923387743294,1.1363052677983116,-67.39920956327518,91.3154661975754,13.347138675606425,41.51250963906925,9,2,10,0.8229806253142905,0
26.456322262287916,63.607660849443796,979.5040707654156,692.3589224610581,98.73230424152885,2.7189353519587343,-83.18284870749872,108.58158787062108,23.416287318866885,20.96246246594829,3,1,9,0.5865894005544894,1
28.640419732898373,64.20921540647643,998.6000493797603,264.0619846937188,77.10612338298074,3.474850665607379,-67.11369749859229,170.07043482150917,45.39172349985532,9.69969781116986,8,1,4,0.6130392564723857,2
38.53662021941313,71.31791156906968,1007.7199886734551,939.0684794502916,50.409536278768115,2.575835141932944,-68.11740995955468,96.54685298803626,51.76037672252172,14.242633830530682,0,1,12,0.8205614117990978,0
24.652565945019354,29.209737958908185,954.3739072308947,636.3742815333744,89.98697790237314,4.951425852924706,-59.24986380296806,75.26826645192024,76.38468691345444,25.25820091466574,8,3,11,0.3429196586298794,0
39.029764095597855,70.1077475277462,962.3003295123746,324.5118001753421,37.209515394864205,3.056708281238631,-75.02606567555242,99.15625111217118,44.78850942395216,26.56653963365879,7,1,9,0.19363342538021378,0
37.63376604890159,83.63227644659487,1005.8642396450425,269.51186229227267,69.76503343217591,1.8548685629608452,-88.50106853808504,116.24683100297477,79.00747564145033,40.27904132206168,4,3,6,0.19840536399390396,0
19.89477836973241,32.57781762091694,984.3167353172659,190.9265850716435,44.70300825585782,3.8607601380791907,-64.73963957870306,38.62645310189142,61.87279607384121,39.567636182616724,5,2,18,0.7326198214622593,0
16.734032521879136,36.62803274467144,1022.9173487549448,694.6409588937278,46.6013145953895,0.8523125579082103,-41.88579809579666,180.28063832313114,11.398663968439864,29.06832786022874,6,0,18,0.6141151544624475,1
17.519450034435668,87.99765658291477,1015.2291648591939,218.7156129979273,48.20645542423833,1.9225790685313326,-53.51914403526784,135.16320281709315,15.717510695444576,39.03927416827382,3,4,18,0.20633887858208888,0
15.455545641288744,32.66838668966429,1034.5604362989907,595.3032659274891,64.80363513395801,1.7347947518879292,-76.31424938523489,127.0205145501603,43.75966917243211,9.58867291468355,5,2,11,0.14506539464042356,2
17.36107401889821,79.80695653587054,1019.2492826669226,264.63502692535735,34.60351850583579,2.1590354755388863,-34.51338840688,20.79974900994699,39.74925036959506,2.503226354664717,6,3,19,0.12068730516197279,0
32.07516933540892,54.45944995136244,992.9931077390148,661.9689447938686,65.80140968361883,3.9088991296436317,-36.14547001255725,121.23061369634577,74.38007253676572,43.68169113173501,5,2,14,0.6277986477030377,0
16.779716211505725,37.30617520822239,1017.2966622394432,814.9397285405392,76.05367024032307,2.420865160817037,-85.34561204311308,25.071171785459974,58.11564026575546,3.7777246881384787,5,4,4,0.00011864491085000761,0
22.974390757344032,80.9524930890758,977.5381174255418,778.0252431446531,73.49648564696926,3.970072251329814,-97.2407690415746,16.66083736388441,38.87449479212471,12.334421487199865,1,0,13,0.01831934260354373,1
36.12188277423637,51.171367850186584,980.6313498778213,760.8513309307817,64.45056903627365,2.8824445156993295,-48.10839041544664,105.93486823283627,17.158952316693526,34.76594748121923,4,4,11,0.3895531356260953,0
15.581798393395646,56.03721477507831,1028.8985159920794,187.72240569225207,105.52319472636772,1.7103471732877766,-42.06728170555927,81.1543212752525,22.761026522316968,20.472396881365455,2,3,10,0.6913498642761624,2
35.36171206472339,45.1463358579836,994.6419516401583,88.3849469845187,43.07940231784537,4.049893718417362,-32.24948038340513,118.17324376108843,57.592551745059,43.81569849577544,6,4,4,0.6950393764974039,1
22.046369369334997,61.50655960044492,1029.8380340518352,698.9488284873856,75.51270694032365,1.191448352765458,-37.71145241381825,18.75521144339048,42.40153660948927,14.898989733113478,3,2,15,0.4301182736076906,2
17.954120690541405,31.446671080951596,1032.2422373668278,368.3472137943513,35.58372752608989,1.1219148989989773,-57.962566225550965,86.76562950660443,51.541258135181145,0.5935673334679648,0,1,17,0.6910736066045696,1
32.41842913410377,47.375707565623244,1035.7562337661284,432.3462264033473,36.404011099011875,2.522514620274179,-62.89633625513334,35.78255629398644,17.150675786693146,15.032782028037206,5,2,11,0.5210961795801254,0
30.7235711694971,87.85886256347013,1041.6635235841206,31.149092793391063,81.64792647093867,1.3042462298104445,-98.05112641161897,197.4329170988992,66.32433460922212,28.903752459241584,5,3,4,0.9769314167973153,2
36.936800338176326,38.06934028907892,993.0985220513296,259.5764492750492,80.94165823990389,0.04543517475608161,-82.73404872086556,112.6688922745997,85.2686202115111,18.796918770164666,6,0,15,0.16246021383683307,2
33.37677609509714,65.97156651789045,981.8866818321139,33.67640387446402,109.02301615600112,3.2414876364940075,-67.82696737869514,137.7999353272326,25.86815672801137,26.743637787937764,7,4,11,0.6006672677056056,2
35.08702325962122,42.76330449572864,1008.2198746594114,879.1857726012477,80.20863080940659,2.55546910736199,-56.00472699415025,65.75823785583896,49.20227116059948,43.82990594175094,2,0,1,0.4912387759510036,0
22.050864314282663,74.14311879806205,987.1172423437628,243.39668321853048,116.38119183643651,2.227589072465806,-60.992371667711254,19.853044041089486,97.55518016918809,45.62425271151842,5,3,5,0.1944663446576944,1
19.43598859449307,29.16115625028449,1010.1074166800233,557.337169573008,34.38253635599368,4.834842573091577,-48.015480722281666,195.19830169392378,33.390849881017694,13.298703232705606,9,4,3,0.7499904321417035,0
33.76536879102146,87.88747315549813,1020.5585862643825,38.979320661130416,38.820691630266694,2.8559959198145686,-80.41631483790714,57.965548041253456,59.545129857883744,23.107023663495035,1,2,12,0.27550801993199525,0
35.1708684816816,51.76526789685475,1018.8405018492136,666.8473913056581,33.965927541334324,4.317157888946922,-60.45331746432687,85.33782884954127,9.110550450004412,27.45720076207256,8,2,9,0.3817098190935416,1
39.76262855001683,36.52353243425247,987.4552887020121,323.02734575409386,46.674916530018606,0.6972511810258009,-93.83004296264455,130.32292041881243,60.640898747696376,47.45562284441235,1,3,16,0.37483056958753,2
25.315441922785663,25.144772313100887,966.6860201698753,897.9191869576658,78.71430998475103,2.8460323156471383,-71.04341334917551,5.914762239536146,9.05421415313133,49.930865958219236,2,4,13,0.2442044731879488,1
24.30045214481958,31.883053356127853,993.0529338462208,888.1181889340359,88.10149632846853,4.339898133654515,-47.48874169317793,162.2415669729401,95.92761998884983,11.770362442076332,9,2,14,0.4307053316984052,2
34.41032401854992,56.384176398921234,964.2594144081909,325.29061836174776,34.102664215380194,2.91552878639949,-51.46194025996692,107.77905981569543,71.59469894202391,36.34899356729077,1,3,7,0.4733458809276183,0
23.520088506325447,43.59022235019004,1039.0097035183808,900.9608956904679,115.13738008610393,3.5900708906350074,-30.65500839794747,56.365220226695605,78.83716283475707,18.90155311165976,8,3,17,0.7442216728093075,0
38.26893314008912,78.02183561178266,984.5877460737858,996.1576734987788,105.7948838985343,1.8602178390610369,-80.54762118085708,13.25998907320138,70.44002564108652,0.4054098443106613,0,0,2,0.7650685743770371,1
36.4603187960753,50.162126656326414,965.4459747223324,825.4156641239481,56.69512339413838,0.46224758518533304,-65.12674905782146,33.337184679413845,59.013930704038934,0.46262612179511775,4,2,16,0.15855596829166207,0
25.72485068437546,37.40999908113409,952.5447759905751,844.871347755229,36.94687772038212,2.2895014756353573,-76.93287103582023,179.11173791183396,45.04628683044199,23.02830037811279,0,4,6,0.5927722993275321,2
33.771776694787434,63.2001490622821,1014.5822386286484,249.0087361090899,45.28983658971515,1.9723969541942876,-69.15778201585778,137.51882056324231,85.85150063813013,24.416745650216733,4,2,12,0.8961977982793955,0
33.86357185211706,69.47440518198121,1013.6902317454743,576.7023988577563,41.42499723794754,4.335300911894737,-40.01349090914283,50.730442605741075,95.687883187552,1.1284848286721327,7,2,15,0.10878660888456082,0
17.578096720898316,31.69293355306649,984.0604166581292,67.25591396736786,41.095540136905214,1.2199765117623613,-52.10536473680594,14.054552224060878,49.953713673117726,34.346370838715124,7,2,4,0.47291404453413854,1
37.56382266698917,31.733345140182237,957.1711888847651,94.91793682166971,76.67055197991606,4.83367113767554,-38.22911660566928,138.43244716494064,93.16035141061067,14.700169429747657,7,3,3,0.7503531224083427,0
27.63130931119643,22.566999885348007,990.9628894895231,998.8926120332906,52.12626982440602,4.790690599022481,-85.75422241676794,114.90913746758525,58.3749577078529,27.99465507679747,1,1,9,0.6114913343823433,2
35.66143665269354,71.54814105459484,981.1217495063394,326.6392494259109,62.232574487623,1.2381582153571935,-38.86472175109934,81.49938536718876,53.88458027095368,15.045953658270939,7,1,12,0.10058565659662388,0
23.00124002576529,66.46631693352636,1017.7120639735009,748.1839120488464,119.05548000458901,1.7402597773866024,-95.8166408075131,73.3586783888227,45.50282502224014,8.35671574346536,4,0,9,0.3966061253509724,0
37.388080712405014,53.22416130248697,1010.577924945269,806.6650530268165,91.58828240328103,4.477778704369425,-37.798050369399334,44.14604090989255,21.007847376858976,20.358686929943765,0,2,13,0.507239498216864,2
24.73004196835408,79.0919314278438,986.459372819754,858.0232710072291,115.40826003423012,4.833111104480538,-76.96483543774904,134.25264005096602,0.471594115724113,11.613668239525039,6,1,11,0.9958456017162729,0
15.270941287007458,76.39691070650372,971.789255425499,997.6282974021565,42.8300899529804,2.2171955141802204,-77.97886566101535,194.16293753098023,24.226472062920525,26.740048845958402,5,0,0,0.17860790932365278,2
37.63454941048159,60.97480550777265,1048.8035966155592,241.49648525686786,64.39255273493123,1.6049852282044892,-64.15379963109353,35.96733392152834,51.02134484319617,9.941426514323998,4,3,19,0.9824237671601125,0
17.28216691965334,80.7789896359281,995.4001621196115,40.35082685969971,79.92586229541189,2.6304700662577103,-34.15168685937378,119.82620738308518,38.05799923074928,25.420298832231353,0,2,19,0.3761497842294439,0
22.982840939760372,34.40888470257378,1018.8274235780237,411.191517994586,36.90822556998642,3.4388460318286738,-96.65530447230162,85.41282609344927,44.90367427746312,7.868925743443378,0,4,6,0.20032048607382136,2
38.751549176270125,27.834373357840953,964.0552967578361,130.08066982894695,30.376869926516207,1.367372576874899,-75.34383174504782,89.89105562718831,98.06675713444855,33.548735474289245,5,3,8,0.414109082123996,2
38.7651786734389,38.88247280618927,998.5589699659398,22.425889162055125,90.33909004172259,3.682365873095364,-40.0399607921665,51.575308745435066,35.09220982986583,37.696884222071205,9,0,7,0.6139951240348172,0
29.335947203082153,23.99607992625204,952.7536719869465,360.4268271414861,87.76375651212918,0.25828678557320517,-72.27618657951733,165.2018402566224,45.27307564207478,5.519711712496688,6,3,12,0.21349739391099587,1
30.795930304244983,57.18186696007224,1000.545511791045,783.7382510752365,66.97099289996507,0.2464724638220822,-86.05901716820532,97.56586522530098,13.438203580146675,23.39012060186696,9,4,13,0.29143908330212775,2
26.211138049457993,85.5623984606473,1046.4017407117703,566.1806912250709,74.06796684288294,1.9314385257277262,-70.26440730680117,109.13776458745455,4.8909774704550655,3.543585032743679,9,3,11,0.8545465017352898,0
22.330269292451614,22.754047846795675,988.42067129858,312.77798921035406,67.38987005328806,1.767365960303603,-73.01132489558314,61.64742164666782,77.56341050779021,29.90912227710012,0,0,7,0.9990094616688678,0
23.2166136342479,28.547693980701876,953.8996012574912,654.3420054927197,32.160454036039994,1.5781660768357613,-35.920865897330756,37.179884667723,57.11124918969067,13.220214896482268,8,4,17,0.3181726914984264,1
31.81296140192596,51.653931979840465,953.0955790919344,232.0181803088107,60.18344455957162,2.45509881334455,-46.66459369798321,18.096167252361276,76.09441012378511,26.381222841935394,3,4,15,0.14885680394994028,0
33.809363235942,85.37125122695335,988.798675994687,14.381446072085025,45.93740298575609,1.603667911557856,-64.64191109791955,143.10970904405826,15.071293608766508,25.873050469214558,4,3,10,0.7931708199940416,0
34.78947609314621,42.13092734837254,966.0024936463194,764.3533864364274,38.85817701912319,0.9612895923404596,-30.81406032949002,40.05062205588327,57.225694241150826,46.21771730969002,1,4,15,0.6004556872751452,2
34.740453569863845,55.50643660818747,952.3352096328186,623.7430848640091,116.10483905004148,1.5473477454430045,-67.43057281068536,138.32499548357075,25.43888318670342,27.454161128436144,9,3,13,0.10040114337560113,0
17.280152576217258,22.910100133527447,1025.6213613950176,762.30262450096,83.9423752537949,4.874521364051175,-95.92335184258073,78.68491276334382,22.883375508311993,29.149923985915784,7,2,2,0.946771481436021,2
27.360507617564537,30.38402406734622,995.8523008881891,38.93801668766561,95.57906558129424,2.055567084974243,-81.64079747295105,83.73918539694064,1.2514488038932272,20.082656288219013,1,4,1,0.07804952839989199,1
16.438969000416108,89.06410860711928,978.9244771972654,837.1196278306522,58.38273689395058,2.223563884291679,-69.47506638464812,94.36632172246156,13.121038284550282,47.45398015914084,2,3,2,0.6253564016336411,1
28.73822205809339,87.55830875052318,1040.0083183016482,619.5262000363033,65.38324165446136,2.8827249497557,-89.0168163097716,74.17399311738109,30.995884338819568,38.85929547198048,8,2,3,0.42393725589358144,1
26.038262534334425,20.345798665408672,961.6138960200526,563.3953507126402,51.32315945070511,4.916703842071133,-33.670441157316986,21.023375467295427,11.776188183034812,14.270264515142077,1,4,4,0.5566239182399358,0
37.19260456895749,86.62682497962673,1045.5918828955319,624.6140481145316,38.72691038688823,1.208006382178815,-46.32057715275588,62.61673019056631,98.58725819705266,42.210479288811605,5,2,9,0.21321419566014443,0
23.77287531380197,64.73839564708503,981.3966717377352,864.4332468683641,46.11284736974254,3.406410552662169,-81.21989597005592,133.08313777809374,30.932401587542675,21.619818009254498,3,4,19,0.6881103992506516,0
17.926675410690148,80.75428061640154,1038.8403672308682,586.936506558907,101.77626407668373,3.5799234677086207,-58.64368265374589,133.4910958923053,13.119362275562583,41.4333571766797,6,0,1,0.9597196891333397,1
18.574792051320898,51.83178989437013,1010.2942876479461,580.9503798881793,90.97912246653982,3.0366220839653297,-49.498559002329955,57.95863714075888,19.98832305151298,41.144403414675104,5,0,11,0.45842587404491564,0
34.03776579293681,56.09172200054752,1032.6707359741488,990.6791570657658,79.22359883869292,0.4428916981832204,-34.110474976524145,92.56042268497991,58.81155251131351,9.44350933814272,9,3,4,0.5229582775682272,0
30.455451582906527,54.21926061798441,1048.4013163210464,756.730167068568,72.75808855800912,3.384361379137882,-38.28552555772126,39.49599837437556,6.4979480340923725,35.05705656917885,8,1,4,0.2398116705688813,2
17.528066903069757,66.6804980282273,978.8405437818745,442.29380545113526,113.0190855290512,0.3204735551808774,-63.93654417032504,42.86404422443732,86.25716960110157,14.532148465326555,8,0,0,0.8918679837510811,2
17.102670152874936,29.775587832941902,1046.1135485407592,707.3970000329277,36.546145300080155,2.9807132477494847,-45.77431661448877,5.586370592914874,96.15381795579101,14.874633499633411,9,1,3,0.9711744051399582,0
32.524228286478,22.098151291087458,988.948189490242,389.23047169178847,55.25407319141244,3.697905886108713,-60.64986723206905,179.45256343164118,24.750067324671353,14.817403844029037,3,2,11,0.7862968850860543,0
16.819075159104838,41.55509591138336,988.5511904736923,228.875462483499,61.494406821364265,1.054849453099752,-61.310727696812194,42.93062634990633,45.064517332226856,36.27841237799741,0,2,11,0.542773502159804,1
35.546501482258904,69.32765339156526,984.0387104254505,596.8518768877594,100.41832309915091,4.208110037713871,-91.96806291632657,46.2792415103562,2.3112316578467578,11.491302089626803,1,1,15,0.9567968245086307,2
32.65605567891241,34.129741648606384,1004.1407607347585,928.1820981139515,119.32631581457743,0.15176902766502132,-91.17036393886936,56.64068509638123,64.10695145024943,0.04529176230451126,7,3,16,0.1538500553672768,0
17.033719516047494,67.14027033274421,965.4145043178487,929.1395200154627,51.660346328143774,4.21906431829153,-62.93264694842798,26.35420626739037,41.45121319945363,35.76184267413166,9,4,9,0.47849085989521845,0
17.120942852129797,87.89384322750892,1005.3711485358011,341.9052781054903,108.68766007233725,2.3016452532138256,-81.17969185146954,128.2133137530912,27.07884076354542,8.559237191756264,7,1,16,0.5376057067264131,2
39.66598946252938,26.573050105259288,1004.1704812410004,527.677466221695,104.75604843886121,1.0879396996582225,-98.5274168277672,15.953447682339727,20.763027350599188,5.224119765391732,1,1,16,0.49191641975237677,2
24.356769893903007,67.08214827575884,1026.190181260487,211.6358985698612,50.219165787758996,0.66889072496984,-49.40125572698514,27.706282838943704,65.43690545811016,11.875806029703007,3,1,17,0.8024182871787032,1
24.26605367667227,51.06251535131998,1033.3649961937585,995.6311094988835,65.93993221793002,4.766535837911863,-97.72593823168845,129.3065885914285,41.680081400128216,18.9950261161352,0,1,1,0.6704028910163641,0
35.31998918143756,80.76995780642537,994.0441350312424,981.1179078679357,66.87055823632673,0.36332793790578355,-58.33062112271618,68.59246347580711,18.047962974088215,23.795316373660036,6,1,3,0.1266584659182617,0
38.68121443459647,32.400485261317016,980.2333249351494,649.5089297074474,118.03986016739024,0.9954670996796283,-62.256434411087994,141.8816175135366,68.94199724053372,2.228502035631541,3,3,18,0.3464513073430604,1
39.650026595571774,68.48381665583152,975.9334897317094,804.4140596774733,46.28027112410085,1.7391117371652298,-32.18297165955369,111.92752418935827,56.5507210753657,48.528666631368026,7,0,10,0.33907684838688634,0
33.83445463147354,78.66807027536771,969.4623836704872,715.1001612837,101.92421739943039,3.1011742448056023,-66.10508024566508,51.9482134392411,85.88133828745667,35.80315267097791,8,4,16,0.5656321927929286,0
24.406489638272895,86.12299536318163,955.7647582199024,593.1582190394682,60.07734427557989,2.724005426380492,-95.54789945355418,130.51476214737627,11.83584229776164,16.15970326621681,8,0,11,0.29145841765789693,0
17.08751791746672,67.82736198027521,984.2447978834714,53.34799698889769,95.77833111985443,0.6282174620615699,-61.38184225354768,24.13846237828325,78.58809353425117,15.934862864269867,2,1,1,0.11727176955391061,1
34.42867289818592,54.80223348058991,977.0247692130783,454.76434255266105,67.80099038660966,1.448639918691073,-41.1232680568729,107.74566623292606,67.38432700304418,22.42712746842297,4,0,5,0.6536826656571354,1
28.960106243395124,63.24930681408497,1046.6417385866407,674.7863021674106,82.0523786804886,1.1937588554301204,-30.220550100299207,87.9924729039619,11.589592589126973,31.31224113815165,5,3,8,0.8510369385350225,2
25.605550231174405,80.82334891351027,1005.7708826250043,677.5316138836847,104.9350595993518,1.067714272451707,-69.87597784176492,54.306842980670716,69.5125909141849,7.318653329448388,5,2,4,0.9316080954659239,1
37.6588596273684,59.94268226471808,984.7277039030507,373.1226184223836,102.37490084854957,2.0557216823999354,-77.57908802522803,121.19699455016053,44.21057415909506,9.446490688247616,9,0,19,0.9725784176594758,2
17.779937057653783,22.12709417877858,1008.0467600993696,941.6919866580306,107.97808651857301,3.5201572629582847,-36.534269213360076,174.39538487571622,94.50398007702873,42.97172914167754,7,4,8,0.781116846209014,2
27.31562760727148,85.16640868548845,963.9196701345695,167.357032236781,35.365559281019316,1.0872646610861798,-86.6130509646715,199.78203525285227,14.246973926728142,12.812746194453627,5,3,7,0.13970242829190216,0
15.283841119185476,68.26687257220928,994.4043749202203,500.35944621556064,92.28454977357703,1.833394398514907,-56.919975947695136,121.94479097994147,64.31905574249222,19.009749898758876,5,2,19,0.8531118242367245,0
26.716516049853155,67.35593700440725,1012.6234321421064,690.8839765508228,42.59886390495866,1.9545871342058114,-71.59999030733366,81.53646899150486,38.259806541748304,43.563592547505856,3,3,7,0.39996007338247397,1
16.407581892045933,35.0972606678402,998.8897831792451,697.1358058918092,67.42367112165698,4.882282647177051,-97.12423445311113,45.81621294302412,95.6857855920287,33.157391469991126,6,1,5,0.7299113137923636,0
17.9704479067018,66.121982916286,990.1778800654324,648.6389567688155,79.37295735492197,4.773331784395344,-75.68980679860115,52.162121789627236,33.064492039498624,17.085593967084417,7,2,2,0.5312680049608358,2
17.93815616942762,47.570508395791094,1049.3848388899698,275.28821345186014,66.24655362721477,4.0006879137603795,-81.43400342481277,96.41154065180336,96.22237235823084,34.18497728623104,2,4,4,0.8286061336487837,0
31.230257552901588,65.58630839290444,1038.0314762148928,156.20656868662198,76.76505082227067,1.2082946040959257,-51.97361922395592,74.08826255486115,90.15843652496483,0.9841607690706855,6,2,8,0.4255057328396886,0
33.65112198163558,27.461512121559352,1012.340595815944,635.9403268267108,119.68736779187573,0.34018657045834844,-33.584665161565724,182.8490900023639,27.11128520753457,36.782133000568265,2,4,6,0.06179381074002077,1
29.58421912742899,66.04917132221252,1006.9377361182283,599.3021161394378,42.16955823415692,1.5845206886031238,-81.23669688349536,74.29079806348619,80.37382350496013,24.350802025811973,7,1,3,0.5568237108824708,1
39.05431371186354,89.95896080394665,1012.0660479824584,179.35601028924097,90.7910440802783,1.3339727471691543,-43.197384259382275,75.31547363794166,99.56085976017025,40.65910736422306,0,4,6,0.17129055466767318,1
24.3717644880926,23.374842720238924,970.1312107822433,705.1391455705633,65.64008697470537,2.5296290007319695,-96.12481281431133,77.32336797436142,25.34103391691111,47.73188260032342,0,3,4,0.9655176323529227,1
22.142802157046518,88.4021928954922,989.5137743264319,455.1719917336564,41.97088190165959,3.8886395503389655,-62.33152929721308,167.48742186316397,43.73403921539964,46.28942747472842,5,0,10,0.5269630658254916,0
36.71497820473651,48.48355725060094,953.94595328909,667.7605916031529,44.28630870368786,4.2916146943942906,-95.06149554030738,130.50687584853347,52.0660555830193,45.463252172767035,9,3,14,0.5535587938372605,0
20.589895962986315,80.95274152360814,997.5546037486827,837.3670797701507,115.43457956210553,4.224320427052542,-34.61769062085524,123.21960121345964,29.56362046680605,25.60849779669436,8,3,1,0.9072657128148177,2
39.08056348601528,74.76698388407914,1004.3024583957663,169.72842857692316,109.16413470405858,1.7983778061153388,-46.35541036098269,67.49446145438857,1.624957480638373,18.007105706946902,3,2,12,0.6245852451511749,0
15.30386186724541,59.69113826906675,972.774973610321,19.14486799683668,111.63377643735197,3.4361717173034148,-53.94350621567854,163.76293118965546,22.090911495332918,23.251766236533637,5,1,15,0.30272937718970716,0
39.246970667690974,71.69144464759285,1046.4028847165514,779.1025863957868,119.23794982446479,1.5641709876211003,-42.3272532862735,8.634408409784527,28.265494745741673,34.49480016566804,4,0,6,0.29609461691337113,0
16.0789977987644,81.49608929109435,1040.9454610937241,609.6974251526159,48.74838510076661,0.30452771617591357,-54.67361431008858,174.28863729528453,44.4156101616869,44.199888843559336,0,4,7,0.5015786499064562,0
37.27857784245178,48.28982251557231,1022.2143235455906,699.6395696221217,61.98954036276555,3.5078263280147115,-32.17389219779962,103.037230058992,17.19313759349885,10.349315150005978,5,2,5,0.8666082289291589,1
28.192527727157497,42.892321309426706,1003.3386628765363,838.1549749886426,90.22971269323801,0.049137762848939226,-50.022943649465994,80.25179673781915,87.3381102334981,45.90965792308515,8,1,6,0.7947293407362785,1
39.82411990298251,66.73153698945093,1036.9969159647685,802.8109348245005,73.54222858745825,2.0459129372924427,-35.27389732924273,99.93628886281945,70.52062215986048,40.75901159849445,2,0,17,0.9627405860568448,1
16.84491411838497,76.5492159358881,963.0652343823463,960.9201469288247,67.65505800405002,1.6468963465103785,-63.80076755925534,133.81569057623238,8.611527708210232,48.94280075891173,2,3,19,0.07188612285220364,1
28.84635711003302,73.3599594343631,1029.0509794274885,535.9350788521182,62.20301244020337,3.466887692594262,-91.80549109126962,3.5403198770615747,65.04423586887914,44.012588664084355,1,1,6,0.26832606896433864,0
39.23256339047747,75.84695542010442,962.4820813966849,488.49563265990537,83.4402568749107,3.8312273638018945,-63.027559500388804,174.4388194351913,65.40028199292148,13.996866484595333,3,1,2,0.08020770781372599,0
28.07744610425372,50.49083203690531,1029.4210662549406,401.8871998907301,81.80340857760737,1.520473179856419,-91.11890203558347,89.90116553696717,95.6264952469984,5.297795567202384,9,1,4,0.7510791939024363,0
30.73496595338156,77.24839513225152,977.5767568251357,153.69104284420453,44.531205065781606,4.0581350722242675,-58.52545645765165,69.25033742031556,0.40178504848050867,5.612053599579431,2,3,0,0.14083368915038363,0
32.39371722461543,28.41463387594259,1037.709058101819,572.6072328820225,72.45658537665952,1.4695838025246688,-66.2254857630636,28.510867561177363,24.868451735600143,14.561165928913805,1,4,14,0.09988631799760672,0
26.36352661919433,58.11423685725947,1044.4042093825399,277.0125243259788,79.81245985888648,2.2316317999328064,-56.41972215170528,88.45360949732998,92.78636878959402,30.709186199226963,0,2,2,0.5616722070995576,0
30.688952002101587,20.40310623486851,964.8795969405115,921.3075122129754,81.32582448582514,3.6350926350706696,-99.29671132616178,99.76823148559139,93.22017814828848,40.21601630485863,2,4,7,0.4114847121191585,1
29.607857798077504,42.72100809301892,996.2675605065393,583.1908042770975,48.90964736211166,3.4646011461239428,-86.3611655841245,81.32569220420208,72.08658329512667,44.96251534907824,9,0,8,0.7151013387624671,1
37.52895026227472,45.65230744099785,1048.0987378162686,592.8401805081102,96.80442530270581,4.936842361561,-65.60686976615084,136.05335867155253,76.59975577264925,31.18766921846164,5,2,14,0.48701539170027297,2
16.136159508536448,47.732088412647876,998.3407435973147,354.92466087701,32.267918533896264,1.1258051210796594,-33.46475068876056,84.75840922308598,9.239147497171746,0.2815656374026865,8,0,9,0.42533459594045275,1
22.024079739805757,68.68270446829035,1036.3547522514546,51.989351977707486,61.934866998884644,3.311589567697912,-73.14736717513891,192.3220979914681,51.436195894345545,9.315838825926676,4,3,1,0.4255004487469709,0
38.76028710191397,47.1990670889242,1008.873152213132,31.74376537298862,100.21913836820701,3.048409541378887,-70.29395817624558,120.25622604689478,23.23514082977104,4.986310192668397,2,4,19,0.8718763803988546,0
37.25659459727291,51.408553583577145,987.5329907919602,423.3351441531975,80.75036289498621,4.575492272450149,-49.971273769536445,161.6881091947299,18.203682557000366,18.1662237784505,4,1,4,0.3952256507224664,0
26.391418819642823,36.62808916120292,978.578355552587,84.56537809723785,53.504618925977425,0.7818107082243753,-57.734506989971734,22.76182471878629,81.04929958242091,25.067549681687296,4,2,18,0.3333971277696335,0
30.50331494503842,46.12762541405381,970.3223091086087,606.8469555401391,92.54578074087429,3.7589908179346647,-79.07516949311668,80.06096729623523,13.590309854386689,2.1698589289280426,4,1,12,0.33853507702272934,0
21.934529574528316,35.9088739084206,1026.1798191377698,880.9730056396575,81.0651849740466,2.8413430813438416,-71.24285231028006,68.03269258798339,46.91829853593889,17.423898789782765,6,0,10,0.1966007968148903,0
19.703028993094033,25.123714663791056,988.6540506823028,882.9148165187222,101.66192485107484,1.373329348939527,-84.76101407999373,114.32699523918177,93.8639661346447,8.958983731266128,4,1,0,0.8606888505739895,1
26.592460123499556,62.24140153669645,1001.1275462200751,659.0454101322324,96.1522667570841,2.3721745707358703,-32.3784978608854,172.36159049222368,18.664622350977723,32.353508312943696,6,1,14,0.14663081502758157,1
23.833805700651318,66.77489589885113,999.2325480001182,211.23183147293102,84.90971298326112,1.668882985348989,-90.85559329098481,16.589305334639327,97.80154303144964,23.213618466217,8,3,17,0.9086107377996053,1
29.5914027962718,63.36432422067301,1007.7279029233131,862.9968313588721,73.93599077797326,2.8965670139423043,-73.97142508035064,15.442384810897446,99.4293697775298,24.765882346695438,4,3,15,0.2834677219110062,0
16.94336592412462,52.44458306604007,1036.5577145624552,886.0934353132081,41.98639131007711,4.44500305407333,-98.19127194459922,170.21322392336216,55.60615375277206,21.384589401673054,1,4,8,0.8994268221738468,1
39.35987019165417,46.585004612546086,1048.073934358343,196.6535849529587,53.51997160968454,2.8465249220610103,-84.47543556465175,43.357167121633125,17.09725974369808,47.80098552432835,4,0,0,0.7908206568145771,1
39.65526861199007,80.43335547002776,990.7584208573817,737.4260857706772,67.71895256253768,3.15861209163292,-45.367020313389155,134.08189763551292,31.678878305295477,10.736756256078161,7,3,10,0.5819875209503587,1
32.45404285049363,56.33572495953526,1032.7518922106303,286.51954892712297,83.93693583057498,2.593739235573547,-85.91773373977844,109.03274833980024,42.506833984385864,25.833212992193715,3,3,8,0.6694700039185991,0
28.40240915860301,53.54273143408117,1026.4527794654718,802.6403123529296,76.23370696937744,0.25582753222737953,-94.39556182297241,166.74582538255868,31.001490013386473,36.800868418266795,1,4,10,0.3258440908249277,1
22.738190407158193,21.7949446064505,1007.3528951455573,997.2378999036026,55.93660733635765,1.1642927843804713,-66.78827741088337,25.8926930574443,28.13549442966393,27.842220656728127,9,2,12,0.5742286143276624,1
35.344875492673715,43.887347933830945,1045.6047143611934,30.026005329392813,30.58179220107395,2.460008647160414,-99.3021535685837,26.826810178799644,97.22574795071412,46.451044285840055,2,4,1,0.29240290072669706,0
32.11827931384698,46.613693315009996,970.0474515528402,897.3658657909319,74.66152997107326,1.5511764187235237,-94.06636919015668,111.8068536953832,15.42114625883299,18.898417782064207,8,1,13,0.40227281389046166,0
19.065423483622283,47.91759466278303,960.9264210309622,622.6305335986581,55.70633897060188,0.9088179888059711,-43.466189130591744,189.3293520183158,73.35945808081453,23.1837902886589,8,1,5,0.7646625552292448,0
37.77317961234606,60.61206584591326,1035.3961966955421,973.3826191648211,96.11474706394816,2.5206642095921916,-45.99686585982755,83.58455391578009,0.14098791497356966,4.426115760736421,7,3,7,0.24393256381021622,1
35.56343107307923,57.352178270881495,993.9149816633749,465.0095175264276,32.155163874343515,1.6140489672392517,-35.94028257165728,66.06147795068429,59.65864867329745,30.449955552596425,7,3,17,0.8388460158375377,1
38.7449978322981,62.553356495541124,1034.6968854207062,847.3879305713738,82.63450301752118,1.2905382158670737,-40.18391948624753,121.73117531637928,91.60270609500984,14.410598422405302,7,4,15,0.3758828536649965,0
33.142987709709004,73.54182830794898,1039.3090205195415,62.39406859827723,114.73268137554588,2.319927087201904,-52.177710573212735,186.1592715084612,28.864615999912584,8.015451975778443,7,4,11,0.532169960856181,0
30.33537989839475,76.90900171012655,956.2457593619072,335.2790500782957,45.69683404003496,0.6664212904108657,-96.3366999889536,167.5486387360801,18.634044928246148,27.226564645225405,7,0,10,0.9419604875628733,2
25.456075907265472,70.2686153358546,1038.3464762986061,67.01653775120997,72.44845416755359,4.6387286653770365,-45.200596740933975,199.10123853591077,65.20281150835486,26.61551316899553,0,1,5,0.6812556301868748,0
38.31821208385033,86.88665871684543,994.8319055369423,975.3431334790705,38.22797926354244,4.338510489596195,-40.81424324116077,5.491148057273041,71.28888058910948,3.793582061202377,5,4,2,0.6456041128446274,0
36.65159723751021,21.276280787345314,1001.0432489004232,816.9739072718368,86.31137210352173,3.538102928702677,-44.064249795963185,23.458770797839684,68.83424884330293,34.91077267472364,8,2,13,0.7116077276050291,0
16.130466752654733,33.70445899784823,1012.6592511093211,852.5474212459704,79.5478512536603,0.531069137942281,-64.40646752843818,122.28408490995778,31.99975631413527,31.188609532542642,7,0,1,0.9181113387605614,1
15.6591743624313,20.52940124846995,1042.6382606730087,937.9652314338942,66.66289717915491,3.879386272348465,-83.69687129453628,164.29471142743608,25.295019975717157,9.45086413732486,2,4,10,0.24851370922151084,1
24.41158417195124,65.32322999082221,951.9116094429764,85.10348611978536,76.9239319326367,4.039786640545095,-40.82690170178913,57.76362411904654,95.59628811620821,23.471743107702192,0,3,2,0.6132412057993384,0
35.26383326954583,82.86213842649909,997.6843468317817,385.5975925133334,110.69171926221091,3.8388230885716883,-49.09860331819031,48.60300651880953,92.33762087616596,36.016145823928,1,4,17,0.40039385438365227,2
39.68190323287361,37.043760760340945,1018.7722042430561,71.03488904400213,47.666487207996035,0.5698294355962058,-31.346717792780396,157.60818407685898,45.78592932829275,26.471787027063826,1,3,0,0.011855293210243922,1
18.760422277588205,84.89241813574147,1022.2706957698229,210.7931015500286,32.03080605348125,3.2195397853388235,-89.1015181570847,12.219988916793085,84.6347672288219,19.77445380917851,6,3,0,0.1253008964061092,0
29.853267883803376,24.21871732026926,1019.2532431537109,229.36577703767236,107.54983962291908,4.171623978746993,-84.20347918635615,74.50714686893444,45.28711541566618,16.116922904047183,5,1,11,0.3249918952635884,1
24.52227141577554,85.410521876386,963.4435129408122,469.1072110475787,81.94053741491157,2.8867670060983386,-85.17412950829481,101.65603529587362,42.49646290544379,30.519693332202678,1,1,14,0.5649999711819157,0
39.24785994536508,44.61358810677441,979.9395588371681,268.5621674536426,110.15926099156582,3.232036876140445,-44.52221626650643,112.50938619571436,15.760618465169536,46.95543491551203,7,4,4,0.8814747766962716,1
36.05297307839272,27.099457991445156,985.8715525417014,100.97810681776109,83.72507010718553,2.2918173971315308,-86.91648924849173,145.9944162017626,42.69796504354809,33.58724202387417,8,4,5,0.7911141182014395,0
35.958217617778445,54.01102314304279,1030.4437207679505,167.4910890941077,102.91449809637322,2.643536599420263,-95.33381191236857,71.61429896270099,53.787952166120725,3.7372951818157754,6,2,15,0.5533336724227704,1
26.717328994874258,37.97435974043556,977.8759872414553,147.27556355209092,68.67060270196332,0.17188429175862607,-30.10074353900599,122.92418459024684,2.348182310125778,23.03424867410669,3,0,11,0.07387041790746762,0
25.37048755844163,39.94110313733459,971.0704963867203,973.0767979122983,97.48739381594419,3.194815109866423,-98.26279519883956,117.4897091354003,44.4668892170231,44.541206575531376,0,0,11,0.2859062903949786,2
21.835176798267657,41.51029754484006,1045.7448019038097,759.2925069184736,112.17373202008704,0.40723606445579597,-41.53291578887941,109.97560403009568,78.15748621768051,4.723121290054344,3,4,2,0.3667086478922439,0
16.409387416273177,76.21181284828644,950.8863285113468,967.761465269562,81.49106673499857,2.175072971701117,-74.4243210914543,128.45617533530023,68.03660103178956,49.443785606877164,3,1,1,0.6217171852038426,1
36.61805940637633,57.74128936726781,1049.7820855681978,439.74048650790854,46.27066355061416,1.4632754883370391,-41.08691781695293,52.63038504254718,63.55218318750711,47.45346968227106,7,2,6,0.06492362297984111,0
35.32252522825194,41.791538940920255,1017.6821298857395,278.3684816626566,54.19178535271784,2.7271397510585653,-61.17656561521985,17.845101963341165,90.96458730087653,3.913724036493793,3,0,1,0.5301935545004733,2
39.992941832153264,62.723364831764286,1032.8469299449116,798.2931972091867,47.878011920766525,0.6670816776160354,-36.88581393595479,24.73506273590894,1.9013977815404783,46.67066602247775,3,4,6,0.9014645761447072,1
39.91592092684763,70.13054719562355,979.4619396346193,326.2539180411468,52.21713248361596,3.458217009866591,-35.16649095097614,45.691894148126316,55.7490538606042,18.15662951297311,1,1,10,0.7054326956974029,0
28.885792640065688,39.083680051347365,951.431527766706,299.3833737053483,57.57739044159327,3.9750576846423518,-99.36312731034567,100.53938916903427,78.75614995612973,42.23545835379313,9,1,10,0.7970768065627564,2
34.22468537951276,48.948437106774605,1023.786951856153,232.50599220783118,79.96204080778696,0.8167722487157825,-94.72114768050483,168.24810735865802,54.1794047318566,20.919166885663575,6,1,13,0.6816756483590735,0
38.619143247060705,28.53202653358633,1033.4144597000675,129.67897822423535,82.91924665174494,0.5215654367594108,-82.47488893004012,140.55737507558845,32.45716570277988,22.042755635125793,3,3,2,0.20658911217259224,1
36.24118476693529,32.68045446742762,1024.047613195352,256.46306101676595,68.38497725176751,0.7275774139367958,-53.14792085455488,158.01908023620737,13.711431452688588,31.71215454887713,5,1,13,0.11048382006601865,1
21.18370254357994,67.6782497775488,964.2850287300838,355.31974847388767,85.38787018387518,4.385637809492509,-37.82094624419458,70.84414916129218,88.76755087443752,38.723870963799165,2,4,10,0.829490673004909,0
26.263603382752336,32.70068433869389,1025.342792225697,673.9942081457305,37.34174330502293,2.640946308781781,-67.80406340942261,81.52609458806148,47.12916299952154,1.6894575474124318,6,2,3,0.6955044360155284,2
18.228985378787375,56.76143685669421,1026.892278210764,62.56484221945158,37.9009413352344,2.336304980037513,-57.511881860801424,79.34269531213195,87.82370817887157,29.657799776356715,5,4,16,0.5750615588163682,0
38.85127568146806,69.63323832057029,1015.8540515670055,210.50693966534294,45.46465143218926,0.5335590955117714,-86.80501030431071,39.182763696495805,58.62662703107352,9.336649704868549,2,1,15,0.18928286496824598,0
30.154365861272,27.48138461663207,1026.6115932795585,809.0236402916764,76.62697482363103,3.247780033784809,-43.652321628282024,13.182114970570833,67.45179244983858,17.297475893160147,3,2,2,0.6033449653117534,2
20.71607013758657,59.71185537402325,1034.5921439677732,146.92192358377076,49.259521082848224,4.33999795947545,-32.28703220525712,118.59230247261813,80.44568932240716,17.398433307760826,9,0,9,0.03132178522215978,1
31.792517110146417,37.95939485909547,1011.3604114237459,342.64514652252154,55.49559631433196,4.1409293466172645,-81.19807469597818,197.85412000069664,65.94963890555343,23.453017011057682,4,0,14,0.11883913439395943,0
30.453206011447396,87.40488126663058,958.8604713969679,864.65892185814,66.02815525556946,3.1302735449040062,-65.36218338796175,34.199111285102305,39.86567858382588,16.70682059380867,8,4,7,0.31189014980442453,0
23.954067950821013,53.84819527039473,998.762780966721,154.92531114344266,103.06795116093419,0.37639358325836814,-93.97187226455384,10.290279159955478,51.41197505447224,5.368055922533388,5,2,17,0.44373827741116434,1
17.838939804990726,76.41947848426108,957.7649334671605,82.7368356181899,31.24759223215741,0.5619851358800648,-60.860434047592214,156.12680468296267,80.3242479151204,7.281436926272572,3,4,2,0.12056449582200035,0
31.78932988981999,58.515857950938326,990.754303103243,484.53799508001083,88.44409382129601,0.24654493554912338,-64.80515907073236,51.26461533026011,37.42766460766112,1.6718992780548836,6,2,6,0.1199401838575358,2
28.00769252259483,23.038877299837342,990.7106489125628,302.4195112785364,90.19888779366168,1.2873960824623465,-89.88944610914457,166.09911726523274,38.87333353117286,23.512454266437715,1,2,9,0.7258936605836355,1
34.30795979339098,64.32059629158157,956.6009844140242,563.4083644838541,101.87902023209729,0.6783073358018887,-69.05536508173475,141.08339673986856,9.659442594194315,47.722384742649425,3,4,19,0.5697194065334856,0
28.004087527799832,86.598233954466,984.882053396948,803.8048904834751,113.94776451542819,1.3002402012621694,-76.61267435394058,189.1890338731101,91.4669850786526,5.7837611824058275,4,2,8,0.533741980777665,0
36.3045375079635,62.112827410243185,961.0998098791315,137.14848815274317,31.812406405436086,1.9252902785948085,-63.47183872863675,82.37651991557773,9.194527863049629,47.3132246501541,3,1,13,0.45243449511754996,1
28.797670969362137,77.34322015987532,1030.8235210009223,580.699084554285,43.84053349618946,4.714913920355678,-59.004196519984056,132.7319980506762,64.85609682711073,36.66807573660468,3,2,13,0.9765431063445639,0
29.023449288384654,81.89445243438854,1044.7688025964471,505.50876038986394,109.75541646503937,3.0518802989084604,-99.40530949749534,93.50610138184086,41.37812843239949,31.87494014670816,8,2,10,0.04980028289437677,1
36.91634006645863,35.96558403642527,957.2316475257938,144.07878601319956,71.26667059683137,4.174868928414812,-46.729581193531125,126.48715076440016,40.6213770865187,32.263887766178144,1,4,0,0.18062717616157742,2
25.087071655309927,34.84313879357586,1045.5115207291701,623.9984855289824,80.81315750401171,3.551757503561661,-50.088999569678144,90.47018229553973,67.98722847361113,41.33638241981411,5,0,3,0.6475077574012373,1
18.35038071126602,62.76866921956942,1002.2576599336745,273.64041786077166,89.67244833508326,0.5625156526331587,-74.35995296554344,38.53781703839089,6.802663889724884,5.345993218991069,7,3,5,0.13636565385124133,0
15.719566907833475,48.771992886469334,979.9565677953874,487.8343185440125,91.11599440460736,3.679602031869744,-96.29448451018273,102.0715857846728,59.411207716848324,25.237716178277086,7,2,4,0.5893809380091738,0
33.87843139184048,78.79029120067042,957.6862075276164,82.27232427706188,113.85663629848574,1.3754944077956222,-47.154722215046476,106.18825608605103,77.22597541863824,34.854556913037925,6,3,2,0.56776122548108,1
30.507738783836615,83.00161863786079,1000.0624268070418,459.58405721362305,119.72544756705027,3.195539234973532,-33.13773876653073,162.31016580377207,82.83845451287075,29.341022253678183,9,2,1,0.9710051836396419,1
32.60199420248059,44.73949655119027,1029.4515544490748,306.4634680428203,94.81417148378462,1.7048098682149426,-83.189388278459,147.36862045292267,17.135985900438154,41.63895355116473,3,4,2,0.8833864870490223,1
20.32410403772277,36.58093912821374,1020.7086477266698,822.3812111853543,55.84990882846357,4.988361316323296,-77.35327703840736,133.09453316434738,89.75216310280955,3.613585450567575,6,4,8,0.9455533437674526,0
18.409286889669243,74.63678606707032,955.0226011463974,56.97872699736828,109.17771620649093,1.3177573974838892,-87.13309773627296,23.564032014961935,65.64899457555947,34.5350519749583,9,2,18,0.11360236947397961,2
15.363616641697048,39.23642248836953,957.2901835367903,418.60727491832995,34.429882308668546,1.3956523538713483,-59.61447136586122,144.40264184207928,88.19729460198621,26.701386519235886,5,4,18,0.8681484372541888,0
23.764688970164926,77.58300229595748,990.2873282632637,458.431424131438,50.797276758704655,4.6533612778119915,-89.16110237467815,100.56072611454844,48.57954363930881,18.95804319899717,5,4,16,0.12909066172830597,1
29.74794217136583,49.66167775541339,979.5290494047944,725.0060762991187,110.76471457173434,0.12322202318161335,-75.06642395770344,178.92580768512568,54.249131175210486,17.013749111701543,1,2,17,0.632932178543989,1
24.806101127493307,66.72849295040294,973.2384323056048,574.287575090211,53.05723629954194,3.4834449393659845,-51.209089024601596,184.054315891978,91.91192387516425,31.041631638709642,7,0,10,0.7200781606780022,1
25.936873050593228,26.68747196842677,978.1004498908713,667.212337194181,49.85859536595736,3.6266319536793907,-60.79188118934561,11.976161529755306,90.00096338113171,44.54976873221324,7,2,11,0.16085349814928585,0
37.60396736234371,63.67015272736011,1030.3482743296884,777.0492856517561,42.43127638262225,4.181892887051997,-72.94762049704454,164.30767051054127,44.87127124956331,24.808796305055765,6,0,2,0.6326593759295397,1
23.706386675582507,51.62373751160604,1042.9228053631855,862.2029736581887,107.32005818822249,4.872196553192377,-70.58252787347206,8.501780694111453,27.513821900404608,41.23615820384601,8,4,17,0.05246049291199406,0
27.84973722899527,61.06259242228319,990.5102694527567,313.87549672247053,75.0052433271978,4.878009595783262,-60.65223821637394,74.0667555133095,39.37772641296999,20.107819092198376,7,0,5,0.2932660857428302,1
34.591325318528575,31.760994542140438,1040.6111002132498,538.0227053639029,90.74038827487394,0.32638378783231947,-99.5894690478987,108.91769514859475,38.837656420122,5.119723139658827,8,4,6,0.9211584939341166,0
24.913569558031753,71.58116214609275,982.1495701247882,840.1080784391999,51.515974566752675,4.109196613764513,-94.5043092082473,30.47205892679836,28.75800081078112,3.0752868229319272,8,0,0,0.17173116290186918,0
30.552167505696836,80.39579542802599,997.6436986343791,989.4511309650564,98.22363789100949,3.2315496682869065,-38.31193525658919,149.51644870124628,26.931102472863362,2.5667185661838787,5,0,5,0.0652699924503275,0
36.55909271866863,35.171786006354296,972.6028997816,889.5193110437631,98.40049904658886,3.236710671865456,-94.54847076360964,2.662586130255576,86.12018735432397,19.007507097883497,1,2,17,0.4436781996554594,2
38.738015591441055,26.70001888641132,1014.0476042175844,371.4672626243768,58.13382224174701,0.641749633073474,-50.523748265264636,34.55121063837333,7.079205876397702,16.861887541792104,6,0,12,0.8506182085272715,1
18.67683702322595,21.654701023243547,1047.8981115174809,195.16651721865043,66.96143697092546,3.250935832228267,-35.59732851236632,116.57856914084167,67.79335709174946,35.896851181128476,2,4,18,0.07667238196828996,1
38.16469062903736,64.93800503102862,1010.3493096043378,489.3925374065887,48.872124968718076,4.912412903006239,-81.05214769887883,143.16312484542118,17.364723140499585,37.14107507924329,6,2,6,0.3555353652304085,1
27.302907326988453,62.49658252621465,985.7814084113548,741.6414518360423,117.89049209906139,4.559092847697235,-74.065599405834,183.4119774360893,34.51613875006692,2.5426984416869916,8,0,18,0.8997748345593262,2
21.45610970747396,58.2688188899849,1014.7817445990529,492.5690707532976,88.10423193525705,2.1956533040242525,-60.17550159086986,141.39383373499015,6.2481491100702025,11.056163144450748,9,2,8,0.11815554994445432,0
26.478393905956533,36.236296728118276,962.2920678465388,483.1808633136685,114.1089492643964,0.1997398664304717,-38.280372125299074,134.68407478071833,27.07036632186066,13.713092507944985,9,3,2,0.3106685059119466,1
39.50081438213692,47.36341971338602,1038.86590802654,838.2304210818006,57.30469892662198,1.8114674500010242,-34.066608891770585,79.4738881237822,76.86526500461248,27.38059920714047,1,2,11,0.7784206115357039,1
27.31545234982174,61.613343463032116,1000.3083950779836,361.40377906718635,100.37018216972008,4.131951558002776,-48.230572632211235,1.2556006798334813,88.51303092227114,7.225761195347513,5,3,19,0.5432109871388043,0
23.218790257187706,54.773680120141854,994.9349742039642,859.7946748116456,98.92727794962678,3.5074955073258303,-93.93661674017142,24.911692488388766,22.230562475046472,6.6970609700000185,5,3,17,0.8323331406335831,0
30.835021357918144,89.14498641504211,1008.586478845352,406.80480095172356,92.24900866798873,2.296718277969782,-53.15920911256045,107.3763544064518,46.408429141966295,47.1894444603979,8,2,7,0.1115953930487984,0
21.003640469454826,29.55078267897132,1012.4783862789402,328.2331056783394,116.90750777401203,0.27550767579415547,-71.27873946891366,135.3508472830395,47.08537238892692,40.21014536488905,8,4,8,0.9205541713797227,0
16.8965832027166,68.66011878333157,957.1775806226512,453.989911199699,65.4199802495684,2.1344736391165133,-67.0509300356257,84.07220849539604,87.37017304539745,9.032745104558515,4,4,12,0.9349117945152088,0
18.22199304776623,48.30231376730045,1018.2617221223402,762.4469586748685,41.76455912307816,2.3451246985894176,-96.55961267583761,146.40512329414966,76.30362538229296,20.32839039527455,4,4,7,0.15531302014670634,0
18.20114597394431,49.973973044793034,974.193168031553,126.00202786399429,90.45379733196546,4.64277766447068,-86.62565024575493,104.85059677110357,51.35641411496819,17.781099962878276,8,1,9,0.033875464406750044,1
18.797567337807358,70.23184359607234,1021.395263250659,196.4192158720174,95.63788204294856,3.205430517910797,-44.66404747264466,15.76106292326813,67.10764532713016,39.55020370327036,7,3,16,0.9898413819555688,0
18.470679316235255,68.47053059270587,1032.2534794384196,951.4448256630919,81.75545161129332,1.5582645832732445,-68.22288168664981,39.21123394262182,84.75076988554575,25.510645823906103,6,2,6,0.4822515923024244,0
31.021868620080365,89.38791955915318,1030.395850755252,175.49162738135738,48.61361038200566,2.626591322253607,-78.88364308581959,168.15964642554465,1.05294150715194,6.392486849673351,7,4,16,0.5720754040354313,2
19.54700210997862,28.987600261788767,1005.2500967407889,567.7273179310546,75.40103475024199,0.33027653911080035,-73.11866482245293,145.25763657826346,40.34871410189986,36.94960315781219,5,4,17,0.6159047336665763,1
23.64168208309658,27.287675456891645,1002.0169892310751,579.3144666619379,58.09707629122165,4.862841178248684,-40.192034067202385,179.05763541548652,90.73359241098015,19.844398911245946,2,2,1,0.7896684627805027,0
37.4197102476503,70.70371719901189,964.2875961339412,489.6244620502448,68.47198753500201,1.80029950965363,-47.57006878165302,24.393892575066378,74.05727178131075,13.146212381607352,6,3,2,0.8119879690459179,1
26.84904100657181,60.487084190448634,1027.5346150403136,644.7452485768185,88.06967182601974,2.3893367745656793,-80.93792219732421,198.0542843883997,54.32985329597406,18.774931101036007,7,2,18,0.19392522431977388,0
31.68894346302568,39.19124665918641,977.1409380446714,229.82672579761842,97.06932684217512,1.776419871184613,-91.77487118513386,42.671936076036786,53.01148825080983,24.88782818034482,7,1,0,0.23663674063352658,0
19.307996780040746,25.559355829229062,999.6695422817946,552.6622677767482,50.90022218112088,3.412558650581001,-82.36012448491498,3.34419538104176,34.84223275068334,17.155775820850472,0,1,9,0.876833028946372,0
19.80722547021677,25.996077471750137,978.4274092927517,372.17325524689716,66.47928245822581,3.311160791647965,-35.547048426168644,199.48716487165728,52.100001310787306,12.095288629587891,6,2,13,0.8195176047505864,2
16.021715406661972,82.59336122648827,963.3828362999693,661.6672596291891,54.224541389246625,3.5766115526456783,-59.28878135051713,56.933703203577515,65.57278162639898,19.92510144019902,2,3,12,0.6176193815539553,1
19.223376576804114,33.430712730312,1012.9557696891736,141.22354337314945,47.87684524756822,1.3407161480596042,-62.6563853878652,133.9358710499994,41.894467539036434,0.9586455374949121,1,4,8,0.9946991591248497,1
21.964758475798966,42.63600934808645,955.4332034822904,570.8774168394763,100.50484979962546,1.57834240582033,-58.25244802152769,36.159780521084734,71.44389932457818,38.624892304815695,1,1,5,0.7351839435513237,2
19.42526210691867,35.86594815588916,1024.86452341262,185.2703553833237,111.83274249932931,0.6262561554810397,-74.37802139774394,116.46547790762921,86.13709950331254,8.54724467837929,7,1,5,0.21583676813024888,2
17.21756334392639,44.849741408235616,981.7586795261117,278.6430631150364,63.32089671161191,3.2775498592305627,-43.50250857763411,180.9029623044573,15.553016333667632,2.1952306815318625,8,3,18,0.8466440643326782,1
18.01589677751502,24.859668992226535,950.0134693004485,218.70980032358324,97.61510319363902,0.19898563667826275,-63.369962548982514,64.71605231825927,45.209547579460704,32.68493464525396,2,1,9,0.41473263637014,1
26.519469200818143,56.334185363578925,1001.112913923723,182.8377798688171,110.72957604279699,2.9884116776172953,-91.8276468061843,134.38054123282748,40.86120711937961,38.69680644118361,2,1,2,0.03615266054128918,0
20.158342960144815,24.73287945145504,954.6851908527603,825.710951560667,106.15117894772084,4.348479424258169,-90.9654412619656,38.39281417088488,68.77773392456784,40.69145657964216,5,3,17,0.3214212778116706,0
24.10674652620189,76.02495554756531,977.6169557820899,285.70756766089033,46.45320496853033,4.454160741448168,-62.41985974481672,125.33428434502632,25.061759779267145,24.675459133029996,9,2,18,0.7635512340593853,1
27.58543177137142,36.35984573373031,1020.6976487455717,927.1237818644494,116.06626933620252,2.2451888018498085,-34.44008473504125,67.95362001168452,64.0610664037324,10.268409234499265,0,4,4,0.9602062071864732,1
32.25987071573413,57.80083402231574,956.2689621621865,969.9265253451908,63.900879638651624,2.296518441065369,-78.4153514826661,43.030443459002385,87.76117524897565,36.86138386249134,5,4,10,0.27613641630319385,2
15.982803496027474,81.60553612930208,1033.9338492356003,571.2604699370974,60.531659505645266,0.3848459150400868,-39.13211817985472,63.32322809002339,41.87134681938291,34.985653857716855,2,1,9,0.24651632440971505,0
34.98525997272607,65.56141583330358,950.3819922658583,143.0011226657264,35.61881945500023,3.3538251272151784,-46.51330893947845,36.58937263305207,91.11046842792408,12.313536705158661,3,4,16,0.5636165855983001,1
30.697509737272696,57.307045058593474,974.6823869201902,374.54824337958127,73.75562886943948,4.106297101864228,-82.65312899651653,180.48130545973868,99.3170575194545,45.170387793139646,8,2,3,0.8116838996624468,1
17.043975798721796,42.70336271807629,1024.0904056152071,797.732263348214,39.81122540768358,1.2232752730235652,-97.45614761786302,80.04019037710864,10.698595789800413,5.21857290414145,2,1,17,0.7465256821609466,0
36.839465602669435,43.31013391407386,981.6270149729306,367.3907286970705,52.36858388346834,2.106504408166823,-92.87069144003321,49.8105816898991,23.38201347968738,49.13441197956628,0,4,17,0.5599589025628166,1
38.02181001329533,66.86408686387331,960.1892388066013,87.01721830278875,58.52483595905532,4.194196683826352,-49.00542463067919,90.23316036217065,95.0429371730611,43.01239054887323,2,0,0,0.6313896816144785,1
16.526948996371594,89.58975528548173,986.0233918800428,556.784910928188,102.79436911425157,4.38560233831144,-86.02311833715473,64.7866971944926,95.83693587949054,34.394932273953756,6,0,13,0.242098957326344,0
21.921941203680092,66.3287432894565,977.0393286384525,845.1208514960348,108.79397853563069,1.2158999013211296,-74.01103556462243,149.13943150885186,9.860956811137173,46.937494413991644,6,0,7,0.4325742650033506,1
35.15503199482653,59.044839215901746,1034.2711902160554,795.9263871435024,57.22196857153227,2.7528531727068213,-64.88105837955027,194.2727624652134,1.5983501876759545,36.11555841618539,4,0,1,0.2553656265202999,0
33.70649225959146,71.14553571674722,981.3347917585143,175.12314013035325,107.28283091201165,0.9624657531791353,-49.2172282084886,88.16869768283172,16.193892323316586,9.522849851502297,0,0,18,0.8844179748446377,0
19.613025483909432,52.56439285986027,1028.8932471776006,672.7646144124667,107.15078436328119,0.5093938206977827,-92.07381437186122,172.34564659447582,99.60167705988661,22.107806905640587,7,1,14,0.11255450736551575,1
20.233733083417757,24.209963982054965,1039.1872144810734,220.50426343564712,98.81858553463861,4.555602506959787,-71.5543516305777,113.60675163836429,18.08196169940762,3.5751512165817676,9,3,1,0.6797405578563708,0
24.26180256978455,59.360777111453686,993.3817419576529,218.20753455217223,43.20256026136634,4.102537521160546,-66.04489636001132,32.289897353752465,50.304505911530114,19.48287111440577,7,3,3,0.26028319716502346,0
27.113074629775532,87.03376991537661,1040.994314385439,874.0717733051852,92.12905622106561,3.8001745090158696,-62.14210552199222,138.43392567418698,84.85693087040805,37.08015098686043,9,1,0,0.4755774097184664,0
30.4563692882574,32.271205965036174,987.7318053963193,249.66895274023017,115.05216581225119,0.2438315940657021,-42.714755102334834,103.1734649280382,2.1381209077518135,19.322167546540868,9,1,18,0.29941278024663276,0
24.22284098924431,68.3003423574466,1046.4078416490108,263.24734651801117,91.42864308904413,4.218643963551287,-87.98252634697482,130.4706981271686,60.48844932762011,16.514708773406706,9,2,9,0.3232453170594717,0
26.563367903328697,34.06535820613395,958.9289524525573,0.6533907612995549,59.845516419705056,2.190220379526919,-43.45179837213644,178.04779510176132,27.774842342075473,29.767786125515595,1,3,0,0.26039301361102196,0
33.68677345334392,57.50793791311569,1018.7019266503243,870.6690341255177,75.05213856877481,1.711975616479298,-51.49851006123435,88.64647956055317,86.24725815232918,43.61022644994475,9,0,19,0.7527929211954386,1
15.917080072264948,26.767351475270374,999.3814040456929,792.5948132091347,88.11525390159483,2.7323818051268822,-61.08904300607285,180.33434702025377,28.417768811481512,2.3791596273056212,2,1,14,0.3657158571790471,2
21.31092360860052,51.52596553807296,988.7648805455647,627.328935090678,75.95133678556533,0.45676621361777914,-51.03304907181997,150.38313384204932,68.7068964561627,19.27352173498677,3,0,3,0.7263570177140827,0
32.83373964711381,72.93143302266722,1013.2711878748601,750.2657639388423,40.79576475578728,3.7832327467619944,-71.15875827338405,98.23238024971897,67.45454128149495,7.912037090763135,0,3,6,0.45606993010401276,0
37.38017094217999,44.330006696728745,1020.3857091634331,152.0485674244918,58.08576401868186,2.9121753844414795,-90.31216898223128,121.04120499593478,22.227205531078038,34.76771253659348,3,4,6,0.5472460421002873,0
27.791936052891653,66.54382071410527,950.436326965031,458.3235945875754,102.21564274982693,0.9329504843658376,-53.396433181424285,65.79064537128328,3.576440066848177,5.286228021556743,4,4,17,0.5432874757134873,0
28.30283713163289,75.68149725528104,966.6953088747199,351.2193873487809,107.52762414859657,0.941160998845228,-63.27293853200644,196.73586264801605,40.98403242116119,33.24038792901223,2,1,12,0.9758520793435888,1
17.679300283494403,84.90244736356169,1021.3046050634318,93.77652625701649,42.35700294440132,0.9212432578633711,-55.243763962005715,133.8028814470288,28.990395881390388,14.309043539895367,9,2,9,0.3670624557109512,2
26.185309170586365,36.42494572988175,1016.6385413578206,486.1304852149241,115.71480771588521,0.28501193775966993,-76.3400853280057,9.72552364682935,80.9168771864095,9.945840686861235,1,0,7,0.20768409539759758,2
28.315431661375577,47.95211410665157,1046.6047505128677,920.7396503426354,59.59403560637484,2.938992246858424,-36.51933958621149,65.99775924385374,80.056382426689,46.817627891249266,5,1,9,0.9117919403666022,0
21.06176259086824,30.66912093312922,1026.1037790250782,40.05911905069448,89.60823648576479,4.201740887942541,-58.88410919970961,125.03957231805244,45.75669282404329,0.9262288372977934,7,2,13,0.17483928931557324,2
21.731080773734526,89.47384515108627,1045.0772707731337,291.4609134937939,97.6642631361013,0.087491069936943,-94.02182609963883,12.21032228204872,60.690571309789576,21.888863594478448,6,0,13,0.8344228458443447,0
24.432104077615566,84.89006775470067,1020.2540501534806,207.54093620570347,103.07516111740951,0.24502322485636774,-68.51372065068999,5.752954072509411,60.46552564709383,1.081349623089689,0,3,19,0.1502148954669258,1
15.50177994444316,57.79699911963917,979.8052208639443,238.1466536656963,115.1174732003337,2.863851383434729,-47.0550761679456,90.55482366603272,82.73309902791958,24.17965240521645,3,4,10,0.6587243342274063,1
23.05197913957946,78.94233060634949,960.5364922250857,908.4345518793752,58.162759322594034,4.0974784269302615,-44.410580678740935,67.20534575884133,42.557741170907434,25.05236888972091,2,2,5,0.15054081326453606,1
20.286200174913617,56.467058409042956,1028.1823863344935,468.06905423429015,107.26558090963991,1.633694452843168,-65.3782063065369,88.22142299860002,27.61712331107186,16.08312356973735,5,0,0,0.9230858192394295,0
23.187433804447867,63.65099816019318,1014.4149221475916,466.2994129398188,41.85182130925863,1.748071994038611,-37.36767004180892,53.27596866612103,26.576988322240695,6.608088876251184,8,1,18,0.5650082826528312,0
17.99405329548128,26.238710248121162,954.8186012393296,760.5756424552823,93.45368157182335,2.9817324874838795,-81.26320939639916,33.7788316416532,53.665608700292196,18.819376886723767,8,0,6,0.32927383914008757,1
37.263182018497375,72.86892943477656,986.0050465900979,154.4922040049258,96.77799565625872,1.371064445620735,-71.25809119332133,138.1395280390872,44.96990545294804,33.6131469966283,6,1,17,0.1403227749635949,0
29.839811338851217,28.93994385446644,1045.6799815484287,487.2653541000508,90.99509170811885,0.13304183038842066,-37.098216260172094,103.39965213729229,44.06806502139513,39.119790432222956,8,4,2,0.37119223614599395,0
31.97755797861224,77.824734117677,1000.0401145710201,429.9852141210597,52.70832625216377,3.6761425905079803,-37.26202984698948,40.830688038624,9.204620175061752,26.537530119407116,7,4,19,0.7050200348688117,1
34.729280965183456,74.741966136927,993.2729136019705,596.9106905466562,108.5738832313683,3.1282495647072657,-52.00010618227233,64.59829582573965,71.88851369495055,29.49171972198778,4,0,10,0.38495088392854715,0
27.46105497322643,69.61212884200836,995.7699605159294,999.5577032504386,45.19726170333555,2.9037799952782954,-39.87136170144459,118.76977362500186,21.45229512939288,10.030818556232635,8,0,4,0.24609413609544406,1
17.17300720218559,22.531226636733347,970.8882724005164,769.4488940820471,34.82713123687478,3.7084206449591157,-93.78587131306371,15.373640306223091,19.775667657851265,14.366516661382473,6,1,18,0.5774094482938172,0
28.427663545463695,41.218984916173,986.8707170864795,397.86570301742717,94.5718491550721,3.3761541878101875,-39.450351665455656,30.34314884396973,41.33455619571161,8.09478050261792,4,1,1,0.4178218528371196,2
29.671027950521978,38.417879893759,986.9813255987176,827.553052274047,72.79281437094603,1.0294099408916058,-77.55660654148413,15.575875217370633,22.855056327618364,12.464767500230566,7,2,3,0.16580623603029232,0
33.63598685460825,45.20954852300633,955.2355020187472,170.70836331248017,106.41882179628085,1.7624052347167556,-87.51679413002486,162.65114921010965,58.42744090407074,11.244339011276589,6,2,9,0.1539879902774568,2
25.791488655741986,26.134992273468697,1026.7567628517918,30.463686308960124,64.5057426952433,0.630550708393125,-83.24411145605676,150.72943740918984,37.209187599513704,25.97243931956188,8,2,1,0.7074619902218547,0
18.189507569889095,85.5870476121744,991.6504431903879,204.44837246427306,45.145072965694155,0.6492850670894051,-70.7422044390279,150.90927344397215,44.946281087019734,28.13443778953647,9,0,7,0.9746718955162564,1
22.09439764496811,58.76615684986634,1032.2179886816423,340.41155611425967,105.27979732228827,3.380978731782696,-82.4165596776873,143.54874335172957,53.76321522824249,47.247371041075226,0,2,0,0.23309407086205636,2
24.077057409965878,41.38670174606165,1035.0348001119896,510.5807574595599,79.40186684760644,4.293000534912491,-77.56026897884507,134.20769931030398,20.433198695932305,9.778532355076152,8,0,5,0.77314860083149,0
31.147931033290032,47.788706195199836,971.1994054698658,615.1291405411998,47.02762131513194,4.8136629193056955,-90.55150597498505,95.92139116025682,15.659587124266427,32.0837855080748,6,4,10,0.0876067024504652,0
29.269457616722796,51.30417783533849,1015.7353482170129,910.6057172144217,94.83455987278012,3.141735587747222,-79.26762641087011,128.81335453791587,88.05414809707311,40.862963449376146,0,3,9,0.3815759190521817,0
23.902418147446156,62.04160333524321,997.2281804162982,509.8540095504577,76.00022746405506,0.9205066168047848,-59.94013298205992,8.633949402806955,43.42899791285897,28.012073189152627,0,4,12,0.506688152808257,0
39.66288121982449,56.09755993875484,1038.0156737921484,501.2756446257294,84.38816840162877,0.5282517272446535,-69.07024043362553,124.67142010870013,41.268151602290665,12.750182625053785,4,0,0,0.2687469452897683,1
30.14437048392218,84.35743812500921,971.5740679176454,50.24300982298213,71.48085043859237,4.064254857683789,-75.72968671348622,155.79766340183855,3.6576538122568643,13.127511501000011,7,0,1,0.5295784165142504,0
20.93066979339986,54.78744380340812,1017.7813200310044,34.91155265622381,104.58380854362058,2.8937823817999964,-47.74835098000202,100.57131371649365,49.84783262848059,1.9626526535499955,8,3,2,0.8826144276638545,2
17.544561815510093,89.45106103763189,1010.7752122252723,551.159961916372,104.6606444114745,3.0914251050685992,-37.45430200246775,72.14515235702015,55.46155518893892,15.272211327424085,5,1,8,0.9444379623549934,1
18.821478479608302,79.59974704215671,979.5301477571833,438.1786132483445,93.84499396419477,3.907310443773546,-47.02475439683221,56.207920225394844,55.92820300837119,37.23018395016901,9,1,4,0.10055695437304946,0
21.148943209612703,34.59573600501351,963.6600903651173,839.1803949802986,39.48612396568161,3.516386138662258,-76.75995085176245,128.91760798225442,70.73241381535614,2.375887860355519,7,1,9,0.2718459339842023,2
19.017034331488894,85.14166502507413,1015.1639760477276,160.67958471184517,105.4968475713662,4.172291264280483,-47.88904825137124,138.86743852735185,17.830435315602077,10.964764125241533,5,2,9,0.9791339175177249,0
19.664175601282643,28.145647851983327,1023.8597458132331,24.971662117049597,90.39116824796189,0.2810695272993924,-89.36138722681642,174.32255237264596,25.297091109638824,35.3116249265891,5,1,11,0.2704184104022437,0
22.127379217346178,77.22147959438341,981.562734376335,449.03876793012586,92.73217494038695,3.7376031837325243,-90.87774083360964,69.12448240973715,81.09197347651823,39.13257814114383,3,2,17,0.6927073511434411,0
19.33433988236887,46.6436305433606,1014.4832604022314,237.47855675225748,62.66845563634845,4.254263786610477,-75.80610740746887,154.1846891697315,94.72234462265506,22.76592050309642,4,2,0,0.25345369387036465,1
37.41913561566063,81.45820243115486,989.5130907611504,49.614373338837446,109.13516005413061,1.4306752122915718,-43.46083416691601,112.70980901367825,13.679681461995333,34.90371692393244,1,1,2,0.35636559332103823,0
17.005843641541055,80.76396830752152,1021.3206883282618,724.598286847629,95.28344402113717,3.2022363699662644,-82.75562269303887,176.68446164493776,49.8151904950713,19.3976084327446,2,1,4,0.19127898789689746,1
28.112784739256366,76.41477800823348,969.9215274894053,111.59299995724747,40.1331419876275,1.5708103191848606,-95.57226137709243,106.03460955082853,21.496207648684727,7.995662251206376,2,3,16,0.8563001936971452,0
25.259920674741537,75.3021305414943,1039.0215002636173,608.3195000077717,66.70002309655465,4.78985533241227,-90.78033253555515,104.00833585119548,6.101309518662746,19.907474676145327,4,3,7,0.882648763819504,2
39.559465422715164,41.32753973686285,978.7409596465579,281.04975016688917,109.77423257641276,0.16711786217751878,-39.88785220292939,115.99753920674091,32.61778347880093,28.998391010157142,4,2,16,0.29691250791543156,1
17.80097255420131,25.664349813587652,986.7785987756153,173.49605035502202,34.24770315276411,2.898964219164775,-55.63517006768986,150.11375567334446,14.454393755902853,47.402664092644514,5,3,8,0.82358982417063,0
24.946389976143543,48.208612513561306,955.809195208035,379.75152291931744,116.52749576778446,0.8325177352475754,-82.27591856410163,192.97340528686374,71.0223140360812,3.437547604433866,4,2,5,0.35824165003698405,1
39.236760831884226,32.146716049055605,961.1512212321277,801.4457762229537,91.12463114876064,3.5611010258857934,-61.12929222702731,15.639107488937364,53.419168825777305,25.36970469224803,5,0,16,0.0990194228951583,1
36.637678147349504,68.64657622317232,1001.5861902712328,392.09357690457267,86.82383798790389,0.8794514170933104,-63.06942643022547,11.633485875812415,14.469063651932057,16.44598891053622,7,2,7,0.7580763972920734,0
35.426801773731995,44.22698085764499,976.7592676727971,750.7696492110557,54.350333083919224,1.1769163094917878,-54.119481509153715,187.57251714406036,1.0232346817108853,25.415584713834726,1,2,6,0.5964462488988447,0
21.447570676123497,88.29271406019404,1033.5480225742194,125.4862967991507,52.391260986525936,2.4718540552287904,-83.67687119048685,106.44524947812302,80.83488919751885,1.198772368826584,3,3,6,0.2743824436707504,0
19.272189684751645,64.86804541417324,951.4693388654954,772.7714196650791,114.7852397539736,4.57417474998439,-39.49179089639216,123.36569989882028,17.70182117580833,15.651267735079067,5,0,14,0.25299974051184704,2
31.716080498110774,77.57363945440527,987.9094048671936,236.93332490664864,56.84452088107105,1.0585718607398542,-78.3442006543991,97.00229671735104,60.66104255785453,40.99340737635025,4,4,6,0.9756233704823213,1
38.23439972818964,29.276727091929388,983.7345546769093,677.3931298888727,99.79547670470994,0.7212001055905176,-51.41078422166342,19.637833068887424,33.758499116366885,27.697086692731876,0,4,7,0.8625010408930913,0
28.919072325348246,80.34101375908358,951.9327630917601,565.7815548409964,65.38096183863712,3.794884159270153,-98.87127475394496,153.84978630531464,58.59004523767206,22.52912464080587,8,4,8,0.8097983293737647,0
29.290317236747498,84.59300333593761,962.436839900051,929.1447172116873,42.53286637062336,2.503097661669655,-73.9140009074097,149.69770437262878,31.633797335534172,14.276253585766979,2,0,14,0.12801770864166562,0
21.999477341507102,54.09433431732551,991.3642674918635,387.32251797531404,30.964376792582307,4.558925561908857,-75.38031274288342,63.02896097706959,8.785262113156191,14.902126139567795,1,1,1,0.7551872742482605,1
34.23732332979842,62.43770564256842,999.2864584447447,66.16518883444044,78.98316033137257,0.7330727857992114,-61.95608999918898,61.94160980045168,22.372705854919587,19.15507167952922,8,0,6,0.21454022120328653,1
19.676093713938084,73.53668606320969,990.4289747254869,19.155485551252905,117.82009366940395,3.2296394651151967,-94.90846167559624,167.7304348001982,18.887050791259654,41.77853549822802,6,3,14,0.9773889432082408,2
23.09198091010609,32.23870390822888,1003.0937678412093,826.8585609727531,63.2222574428284,1.1643957307590753,-44.69080383917242,15.399094290523998,42.85913330872042,48.36066034041342,4,2,17,0.0520891879622577,0
25.635910965410417,55.17962535244097,1009.5131674905681,524.7356376614322,62.147310059374036,0.7838021432581965,-84.7553438762702,176.3399245229566,65.86254996427311,21.932769067518727,5,2,17,0.3521384835602436,0
27.690259467111375,47.906411944061915,950.9923821127836,775.2440518349492,60.968245606449784,3.4171470757863527,-52.607352958259284,52.07567628928697,26.45422688714112,19.66764193738809,3,3,9,0.4286478407787152,0
21.060243310377004,30.24617945135744,996.4095159453503,234.4256000115147,76.84894535743726,2.9684230995436662,-43.77515137291348,119.0039648033433,1.3057865365317334,42.32753879099314,0,3,17,0.8242029115622544,2
17.87092061848009,45.727409560407196,1046.3499240887588,345.08374551323374,69.65983950818642,3.7741372918116562,-60.66861306309408,187.26284162135377,51.94184269004922,21.34526603181518,3,2,0,0.7662228180040461,0
30.265501061040816,24.772061656984548,1001.9032280129549,30.103872211318937,109.1923164054313,1.5473128822309117,-48.138175529461016,135.94637780579265,60.61537298696131,27.60090861478256,8,1,6,0.3749921449465896,0
22.215763831006395,21.80683348646409,1017.7542267458953,961.4923245741121,75.49687125511413,2.2398582819109496,-53.66977814494961,83.47153268094029,96.29076235078078,11.547083229937222,0,1,2,0.5655602934580408,1
29.530955535565305,29.461640240837593,981.1863857916883,667.8679067008134,75.6982054369712,2.0273583816520926,-75.11291419935947,138.21730757217762,58.98813322901536,37.17512678895376,9,1,13,0.8355951636077303,0
18.859067881855058,87.41805781124216,1027.3991378152762,933.2050877593063,42.453443524850094,4.920447319832571,-43.37990226765043,69.45194762695766,47.170138681876374,26.599415913539094,2,3,11,0.018199592151052713,0
27.028502546370436,58.467067512651184,1027.2921481876115,265.49640742907235,118.44655868193473,1.4612447836969396,-79.37090410801304,56.17442485348804,57.38282242718061,40.45172751201708,4,2,13,0.8021780995244722,1
28.314735813789646,87.6075512807254,1002.1296047654139,611.4636112256609,52.497560178194675,1.4740861917338344,-60.0150957573938,199.33997230900127,92.7972729232165,39.036636501433485,6,2,3,0.9468960253420421,0
16.295588420560673,50.27485148310924,1047.6013823279213,678.4999682926378,36.60276607136424,1.772741044143037,-47.82215826009224,150.40725600477776,82.85497674560446,10.750238413501428,8,2,12,0.03206452148417116,0
23.415106954848014,41.82712931596817,962.5550214762653,317.5497002575884,89.68316240776879,2.8229704064516077,-73.47308631312447,129.2992754989817,32.36557546304442,35.78177752788812,5,0,15,0.04558098707818259,0
18.360366923474356,55.429930398817085,951.6947664889581,848.10923501563,83.58297331411853,1.2616137213187262,-78.80626746678024,71.70263900064444,23.801710929348015,40.00272039756857,2,0,15,0.3445140055660201,0
16.584374261819192,50.76581820430371,1027.0158211757096,947.1614629002478,67.36310885934711,4.57644970189637,-67.84577928790242,10.783005001854583,26.33709787537076,17.305362039119753,6,4,4,0.08776956376767453,0
39.74900580974863,27.396527898322073,1030.7155537364883,884.8551176960043,67.99730104926103,1.3284278243313175,-42.74255539555925,7.180318330995966,50.49166186754979,8.630455645113727,3,0,19,0.47927608029388824,2
23.058846124368074,64.85784202831444,962.0207229120576,739.0669759393726,100.6557528941788,4.479078657800973,-34.90547657980346,111.28206983431096,74.43054017773493,0.131607778979409,2,1,5,0.7287106850897787,0
35.24686114636587,35.12267277567197,976.5582832958606,277.464679724954,47.61413760896842,0.5173753182329233,-61.84416109980769,152.64451148677117,50.37159879757792,22.54518265465741,6,1,5,0.5668992350318177,1
21.366016369094098,63.37115684284807,951.7552363366628,281.6160421056317,103.82279870504007,3.2828135119982615,-53.69736562734437,107.93845889832716,6.872859943228447,17.62163657694208,6,1,17,0.19643190907274033,0
32.03756805559823,65.51407646787074,979.3308610780565,963.3603204460379,88.38724025055163,4.534927592191218,-36.77084644327601,168.3162293158838,72.38571197395409,27.745491691270445,3,1,5,0.6548113000303577,0
34.00569649724216,30.64173971900537,1027.314187391867,10.284495935692028,67.7072796401572,0.8437471919911477,-93.10172040109403,7.651880085551105,80.6164158542283,9.402054629439288,6,4,6,0.6848544791789158,0
29.890968515196107,24.29447389774677,1001.7960527712579,716.0499732421445,71.22257549254817,4.841634800496275,-83.75449954936845,73.98366320876208,29.020836725459997,42.98327738332376,1,1,15,0.9324459556850146,0
26.78940471375396,74.65331102479078,984.8095593168288,706.2461625552622,53.09824864674862,2.2644168020775584,-50.37699956238923,48.177007843661436,66.4461613544067,12.887760781405483,0,3,8,0.14679689737704904,0
25.296022853681713,52.18602966385241,987.173929490633,622.6895409497974,97.69028994272773,4.728575542205123,-42.337887666139025,90.00732066326728,42.716530915333905,11.321480254382498,1,3,12,0.6923361649097234,0
23.721706663574885,24.071465685383306,950.1353625715468,990.1088460868658,76.1587268074741,3.384100218150235,-40.00796801685954,15.402902245630374,88.92302363717154,24.035702824217797,3,3,11,0.9114272188531475,1
38.23822860619565,89.6406422018837,979.9800527565236,311.8794357637252,58.87690884748592,1.5079343493677577,-70.94249762015471,190.87219667264344,84.5380332602579,24.942551187213713,7,0,18,0.5015641533206342,0
35.76548519469323,24.044639269745666,1014.645874163793,339.9718637932482,83.64451041848552,0.9415126245855321,-93.74620683956933,45.427824812802825,52.590656631133264,10.754261439254641,2,2,0,0.3617996798630564,2
39.12567276666282,68.65246602009873,1047.4194443816357,78.93940294655555,119.61610068461907,1.518675231125497,-69.35529658902661,184.53924732123338,69.18140402677808,13.59303633629579,9,4,7,0.17074949422115826,0
18.10743058713862,88.85752476843895,1034.70608269839,442.7981365437374,69.17360516908985,0.46508704631337494,-83.84857868550624,85.75273785229967,88.34663513210819,8.485261957762248,5,3,3,0.8667868864897577,0
33.27168688009111,36.742607295114794,952.3594964645529,261.0485262348481,112.86222607007576,0.7193398317166488,-79.61624815023632,197.11930251778838,49.62212930681973,35.92300891615834,5,3,18,0.39424637484059444,0
38.458511420525944,29.95745580810373,1039.856060467484,343.3867021776442,61.05151559321095,0.5233022017324057,-45.9412710213746,111.25761830858194,31.393748974833315,38.5044515627041,8,1,4,0.9248824432676923,0
19.530826654141503,28.496945759570025,1028.3198413298626,834.5717902556277,34.92594362324873,2.1147177187077886,-94.71310397818792,186.2357399709857,75.39124717716717,23.11642487296413,8,3,16,0.8477582981307762,1
16.662406684169436,41.22926032973169,1028.037612357098,935.4845135274958,48.3817895731586,3.977891881287932,-42.06931477635085,2.064448750150346,22.08461885299071,35.70435113425087,3,1,2,0.3766398517971957,1
33.528016232251474,27.07320677074527,995.7995759003571,185.73307200518562,67.68256289949159,0.706917771081701,-70.06316399230816,149.8995224299991,38.9142616858036,36.796769596872274,8,1,18,0.5739143089462625,0
29.3618278294978,68.45129391858924,989.8005292954502,372.50893155346586,49.76714357351121,0.6516021658616794,-58.275524822958346,180.70707996740057,86.58615098696869,6.91377638389043,5,2,0,0.027174036293921455,0
36.0457194189568,24.36042586910439,980.2915728833193,928.6305621153941,30.020433439643,3.2171447475866537,-93.72434381350247,28.80439282881186,72.46979179290457,48.308901241726836,1,0,0,0.2632214028671347,1
18.494309415657238,55.65954897048528,956.5694858954366,61.808460689222635,112.35013839727745,0.9859149098403314,-76.38486451499043,20.129044494698146,40.44071942422518,41.05159735482155,9,1,19,0.7102728485692497,0
34.88168279649726,89.76877976970837,972.8235363493699,92.36052811137851,105.9491470107836,0.488050190544958,-93.72093566896079,85.48994883000516,21.552975790594907,10.224173059791175,5,1,8,0.6779109458462668,0
20.040683001193614,76.97791886542132,974.6603634978025,162.79098920622937,96.80630083382525,0.8342428910278882,-32.69193939832233,186.80210232045408,35.66124224414043,9.308251787303512,1,2,4,0.35336945954175103,0
19.091398571642614,63.06536067617076,998.4077069710202,595.2128341268748,45.10331360814258,4.61865697938388,-43.49168454716247,108.93492547789731,28.48200450782056,6.283057278979137,7,1,6,0.8086080319094565,0
19.106644948274823,41.43775345506282,1024.7444406596694,150.47227100599747,40.83272185889874,4.107356263880954,-67.82570719504778,105.9638362806247,17.69131986559101,6.918928127095919,3,4,5,0.2358360518998711,0
35.364368005784556,63.672708540414696,997.3809828397947,968.0763814507335,36.08442745251448,1.7703228117754706,-84.34782161734302,29.08409754156505,74.3589580652091,37.40808995143481,4,0,16,0.4612705331522716,2
31.629930517405004,56.89290247381562,955.784444944716,446.7145272585203,95.16262698956291,3.2791038366369643,-34.65814263251035,1.1571127075505385,25.281781696332136,23.482712847581176,7,4,16,0.4725306353109008,1
28.076635619227982,49.82583687232601,1045.7789800988203,501.5179603501664,113.59271646190967,2.6863783683401903,-75.87823829911198,162.2178780583468,45.47133026975961,39.14670863699336,7,3,12,0.3408167688700171,1
23.970762103087562,29.149726371813962,1044.2724319094111,246.6586158054065,68.74822388217333,3.3856213174128196,-88.73108978188377,18.427338034261407,38.6473587389273,37.31274471751027,5,0,11,0.9546661011251673,0
36.930013520327705,82.06229506683266,1028.5189543148408,470.9602524347335,40.72266047964433,3.4133557623137967,-60.57849280822316,127.13611392832946,98.20953012569952,30.23063567526108,3,3,3,0.6966840335151013,1
24.811127685565886,51.484925417492576,1049.132790156422,661.9136326370116,76.11535386588959,3.1436700752999647,-33.93581157586287,183.0086744485231,39.17011519040724,34.318330328933975,0,1,7,0.5391993353273016,1
35.41498598678943,33.62357582745356,1004.4482332800263,751.1771369540428,61.39487167127671,1.330506842686543,-99.73187966497741,42.52173071852777,8.090250031395804,0.9177862189570896,6,2,4,0.5105150933886485,1
25.97837271425546,45.74315456141027,1046.2768350253207,753.868082709913,63.73424319149979,0.19503210381409064,-83.3312609722201,133.38929441114524,9.073592681951194,15.588882340251098,7,4,4,0.15929609247109655,0
24.423610735622688,48.989082677024896,957.560504061675,577.8911126940883,85.91975617401366,2.277833909950544,-34.30866517127147,16.661016764794383,59.11629676317118,31.89110896297051,8,3,12,0.37218689706809827,2
26.56699464174016,77.9276526896812,986.5680748261371,904.3597749938572,94.68463019359821,4.454869423453519,-88.02398231999865,121.14727362368498,59.97641881865274,0.46724767431221004,1,1,10,0.6727733147291074,0
22.534446854103553,71.35300663929814,972.5381268006765,817.4078473061094,39.95432389858448,2.8474862925928797,-92.07295838521262,33.62241246968735,41.93402314921723,1.6488471841296704,0,4,7,0.9245702196867337,2
33.69023450440628,73.85134255489379,969.583308413427,757.0481146986255,33.20312077258288,4.161955208509539,-60.08689489401369,147.45475854252044,43.24118486197177,42.59439912351916,3,4,7,0.8164640593918385,0
27.56800975231198,20.772188510005304,964.0802948892676,55.605521680460626,119.48972724171433,4.958121714806141,-39.67093236936191,60.94502766398773,5.487865025803034,34.20124308460359,4,3,0,0.30038980395997117,0
20.80531737867043,49.130779872583304,1012.2413641565996,6.877962219649314,50.945551402399666,0.8180810206913813,-66.60231276142517,93.2148107521246,51.7029963878873,13.268486656017197,9,1,12,0.4339566256899333,0
37.48936433186421,53.69409061447266,1028.1321855747306,212.44727719547296,34.84474724176132,3.4588881957099114,-30.38050203208327,120.28667786349672,50.52347359049714,34.39814200593545,0,2,4,0.08291752071279457,1
24.597280534330284,21.343459377613968,1007.8298399420361,663.5235939134523,47.0887796186328,3.3714678685001234,-52.4579810323405,35.08340872258167,15.03997692383876,39.622833456963164,4,3,7,0.10217232303558077,0
28.588821527849717,38.186924612152396,964.696270958821,411.1974888825458,33.50620617136178,4.899777236791392,-94.81475649526865,148.58592590490656,10.473554672481665,15.339714155505064,5,4,16,0.4702303869987151,2
37.661802774113674,73.22028761854945,1031.112376993347,402.4062592993117,65.26298051554545,4.928003669764002,-30.501750782261723,61.225427786726094,12.4448918108891,1.8018688749593725,2,4,12,0.5302194068171001,2
30.605949897849804,29.597679401029936,1013.5954707163728,884.5868882296137,102.21616060061919,3.4333930586206476,-71.44740342538667,132.81200012263795,10.192721824476726,46.638956234386725,6,0,8,0.26402709569691396,1
17.9224510177091,57.47170920168141,988.8165706126996,895.5628481318387,60.71200047819485,1.2180739599109713,-79.88182263081623,32.498327089175355,61.00984873412231,17.258991914781525,5,1,1,0.6427826891859413,1
38.49580309033688,35.06413104120662,1017.4130295536063,909.1752640535857,69.976506619053,3.9927791906529952,-60.94845714954801,137.9354141820637,19.728616975051573,5.324088164235318,3,0,18,0.7033806855801378,1
30.692701326785446,20.84845422507253,975.9904979242833,313.8780765150273,90.80280962106949,0.5351456710551905,-78.6984685725395,26.509426489281886,25.2178722035276,24.59284356965737,2,2,19,0.2991161316119577,1
23.372640366427152,36.8841020319679,984.519220849421,691.0558127392618,75.80046630628922,3.9034965208581434,-93.94797450158934,85.64594275772674,17.43985720072883,38.42338978320669,4,3,16,0.7584247257075418,0
18.48180181658468,88.31116284370377,1041.748584313199,271.63318127436963,107.53011174191919,4.550980620723482,-99.90001598445762,50.19400867403649,95.78774691440546,11.082365730877958,2,4,6,0.20560491903913336,1
34.8506297317574,76.10759783180927,979.0504505671421,190.6098330744498,107.94321075411808,1.9141669738421763,-68.52916529558163,149.92667463620833,85.47628456886835,13.474502506668168,9,1,2,0.5442513772755738,2
30.50181889821284,87.17036510247233,996.9988268157937,184.6324573473692,30.89196259420383,3.1531764749154023,-41.41956044413854,53.14496589686804,23.12643425141694,12.13574933992916,8,4,18,0.8042810935621733,0
28.33652729940804,54.149783074845374,1039.0141137396015,342.10762086359404,100.02416758348792,2.1507136604841315,-59.93793700589464,176.46174397268385,32.82387276282039,49.58365264158391,8,0,18,0.5370090856825553,2
37.347314576273945,27.681533907425244,1020.7721350267527,429.9576197798217,71.46602402175066,2.1888252749406423,-30.055489073959137,178.47222206991594,21.06829494626922,9.870186686527127,5,0,8,0.9079627185210506,0
34.714930280613274,58.35716422815851,956.2203226164703,830.9491710550684,118.99564871732967,1.5518544455406003,-79.920734804696,40.091821729334384,49.2384083501363,28.7760108483062,5,3,9,0.05850123287463582,0
18.79187199331878,51.80641341919726,964.7303044278971,119.8910934727121,73.49088682878917,3.810648102251623,-80.36814546679612,123.15534305653713,2.0590921941779343,46.26323208284822,3,1,13,0.5883138454914718,0
22.793051694888707,79.10499579177312,950.7841590771917,734.9258473948942,118.82063508494677,4.680882820832526,-88.8175377836239,18.4558107022729,67.16966408878989,7.344828443888963,3,1,17,0.5617554525443901,0
21.212228495361643,26.865780654897122,1013.0921790229163,531.4549141893053,97.9112425085163,4.703754296172305,-88.51554882142653,78.9158828207242,52.363499166782404,48.54270989338501,1,3,14,0.6603533285426847,2
33.598657314316924,54.176879591524475,994.7673425410418,287.9453426759925,52.37443961519757,0.8739064243746691,-80.03693827929665,142.9510241707532,89.87402893728022,47.37386171978123,9,0,0,0.8334068386803076,2
15.838310868394485,30.5034065285789,963.4274850902276,492.8195845328246,78.45554813582619,4.37371824828283,-44.501196830853104,132.22522612313333,16.522829164408574,44.22859935291313,3,0,5,0.725853084338395,1
29.24724212178291,42.7273148823042,1045.7934121056771,299.94206977702265,119.29220755307244,3.687157207135611,-36.59702465544865,125.31543321191498,80.43051368150705,10.727826066500112,7,0,14,0.7902827353728418,2
34.06146714351726,71.61499541714598,1002.965972394562,596.081955238306,107.17775469767314,1.2641870034514464,-31.743898120462305,57.22563186882627,79.2169053452249,31.702752800549167,9,4,5,0.2888167257176215,0
36.91914091904374,53.32126905581366,974.1893294112889,433.8439228552442,38.7630204412099,0.33642306460757276,-83.73972421324831,76.226964937446,12.805400802767004,38.044573648062006,1,2,17,0.3874973785689646,0
23.55204371789769,46.31217996020385,1000.0603571154708,164.40552907887874,93.57347971289965,1.3399863344218899,-38.309171807013584,21.48628279535695,39.91606649199835,49.301396409821486,8,0,0,0.6267769740462303,1
35.531432616800316,47.61333949990247,1017.9620332735108,116.58307455569673,61.10216272837317,4.561041183907628,-77.02214375058641,144.0855412662866,17.09824885033724,9.02119110406852,0,2,2,0.5534614719249352,2
17.76579342388018,52.16127378841907,957.6239217973565,546.6956820721301,30.62840356923133,3.1658933744788613,-92.1011618838181,101.27387056146343,25.54657799570914,38.30129497596482,1,2,16,0.9611038749705365,0
36.16130729336295,74.95115806859398,977.4703815047892,902.4130332861034,66.31328721242997,3.6052733044893595,-39.0982552135884,142.04436083678527,26.398292865571385,16.940058496355647,1,1,15,0.18683449993441936,2
18.18721655829956,82.4459282258164,1030.6965490883995,343.9576865576856,51.12789795524742,1.2857617555454792,-55.4726055749467,50.53976143457768,55.6680157631747,8.781323278400116,5,3,7,0.3512783724511417,1
24.93218226400918,86.87342805527499,995.9664870402661,733.0001072226232,103.69823434684244,3.596940777874101,-88.46883727432568,65.56320749837818,41.19995208287051,21.068847060692747,6,4,16,0.5727552332848548,2
34.932384144488836,75.08323703787066,1004.6577142032295,658.661354939767,60.35975479611889,0.1406075313896188,-69.91181197408983,67.50885211476282,94.7785071202299,39.69179560743082,2,2,7,0.867963769936152,0
18.747935683719344,42.07848270236089,993.281600220947,931.554914309481,104.47713245584353,1.876606728865069,-79.89196135860527,6.122739539696024,12.724377180505813,23.24249018520261,8,4,16,0.9293485246909917,0
20.731284880816037,68.16942942605795,954.3899942643005,820.9810172991408,30.05381449513158,3.1337667427116562,-48.42438019028621,68.86852669329409,97.37184427153485,26.876155010152424,4,1,8,0.33603633082759854,1
33.05631420982665,50.63221868387743,966.5749779820156,566.605258905463,57.70372350235073,0.7304828277066011,-68.26086385630123,160.85761013008866,23.14080015740497,49.75797051000606,4,0,11,0.06710846152635164,1
33.00091341365186,37.82694354322358,994.554163874189,657.0304982341073,51.70486928769857,4.115017872234674,-30.750403842553055,179.56240065419797,77.31010624454713,19.9554649778713,3,2,18,0.4216196979221851,0
31.028690822132432,78.86101055981459,970.9185465407928,898.3864665840349,51.02106249617499,1.175156494059593,-96.16785124182834,104.12544481154957,33.96309562466486,30.77003773546199,8,3,3,0.3943441432335071,2
32.3487111116775,22.68984442736275,954.9979028659678,399.51878458693477,36.136795778891646,3.2614055640922315,-75.14893137046273,91.64483734862483,14.39383140218966,18.262210080768593,7,1,10,0.9864870679296895,2
28.568111083689907,83.12333944947964,1034.3649664051823,326.7947058577774,46.841184336945155,2.0259857128766483,-66.26698830230158,7.134099121174681,85.80312960609936,19.639282316435246,3,4,3,0.4310612442907894,0
21.294976472673817,52.30342252373139,1048.1192529164116,10.81108363519634,79.99946128970579,2.980217977388236,-64.7806511676176,175.96166317949115,30.955203833722678,34.782037672270405,3,0,13,0.30572299930322944,0
23.642399837597985,64.60410337657963,1029.314287399674,826.5510741914642,56.222496555397,0.5372527631445406,-77.88449243300542,3.589032471748671,65.91965488226154,46.894348804744176,1,4,13,0.365377374534934,0
19.539942920035642,66.15477455440478,1035.3784921704666,800.9807004033648,67.5655304096233,0.08456399960803662,-48.95318256317024,189.00526596183215,56.687724140153996,27.11794752461607,8,3,5,0.39692628062381385,0
37.71126403334071,82.65824184945754,974.1977130317046,104.45451810015139,63.918019231246966,4.547822136901506,-38.76770485577177,98.35403348893004,47.22845530814835,38.41999644743899,2,2,16,0.821540382196616,1
29.58479486915301,64.56687775170451,1046.06269755132,576.8573811327002,108.83144324999051,1.348150043835914,-34.289648861549594,69.04496422137059,49.63236531758906,4.460327940848191,3,3,1,0.08101489283126417,0
25.021285419090997,62.975350933204325,969.6925704453429,463.9816981668874,111.47690991094639,4.098385013902296,-43.64346362403317,184.91946853368935,73.25056761781953,10.557901871596348,6,4,7,0.3165070488750267,1
26.550145091103317,24.6656428392483,1045.1429810361833,118.70909550911146,74.3661274490274,4.9967515023610005,-40.45938618853804,5.853807628909251,8.868514120931714,25.106582045976623,9,4,3,0.9663184919070996,1
38.68208349029538,56.28856153616429,1049.4819293965952,980.5682270607235,59.714035528404395,1.057156289994556,-61.461828956600314,116.70355407894833,66.85124812959472,1.0005861814387396,7,3,9,0.15310250479879994,0
18.833785077902004,30.511830057192917,1021.1722805746049,214.69588746335543,39.61206336021273,1.3258537059167779,-42.18782415012298,110.23757237536819,89.59162892971801,12.64274893812794,7,3,6,0.74260132153259,1
29.65574580041993,71.62036381050399,1048.1143731791822,67.23418009056115,115.80625914438855,3.3142989381733283,-78.75472635964334,44.64475984106503,5.873040882284429,25.870064491248307,3,3,3,0.3563935011982904,0
27.64721697211165,55.85553445688721,1006.9539779567103,594.8473795019096,35.420425041026775,4.827243173003106,-72.10648665235499,86.3485988386919,14.151268589443308,0.7480599128150356,6,0,15,0.5817855261945254,0
30.286355885866193,67.61594454458474,975.954178317609,738.8666771330327,56.788524981145244,4.57907174095372,-77.8160890327019,130.80053718281027,71.69153047653293,13.227314311302084,9,4,13,0.09954803850888205,1
15.452754595521013,22.9171030421669,993.699588566562,32.44344604718697,56.82595810530037,2.5143776003279243,-67.28288651864523,145.69910817950358,43.7844366596373,25.701540973793474,0,1,15,0.30641166735394654,2
36.803097723603784,25.935441123206225,1009.3560935378786,658.7176387270222,58.83611575261934,3.9755514126336235,-80.00942686329546,1.1426548826093765,40.41450721928747,28.657462399062283,5,0,8,0.5008649416608882,0
38.302957062090314,70.14263716438776,957.3081562027015,532.2918759514545,44.78581589451684,0.6787292654995053,-32.68719904218872,187.43383258811204,13.782966790969162,46.287584652765275,5,0,3,0.2317006581758584,0
29.12832958973022,25.045903519907135,1012.2343264617245,103.26500887504841,100.48452878313275,4.8871909210200615,-78.10087603960324,33.74054910616967,50.72632706770703,32.267281162530395,5,0,5,0.5418699430531522,0
32.4162705969223,24.9879709435681,1048.1177836762295,172.52387694636207,41.024807576939025,4.821766170179933,-93.13688233223421,47.48250641024948,12.741876588518087,20.736790126499688,1,1,0,0.21975931406271632,0
38.062484529432396,20.84759326644212,969.0107649783728,567.9742973160805,87.14159932378465,0.8186447893958548,-63.12279837647106,53.4312156930758,47.714383585422986,46.51755885665339,7,3,6,0.6501005526505539,0
32.68096585783496,86.9550978809636,1029.2595116288383,296.35761351328836,41.14614240352357,1.497115624015533,-96.00306450883765,8.526207173855028,76.3851683662695,39.244149169389715,4,4,0,0.9043543402503142,1
18.813476072856535,71.62558516213048,1040.7898793779618,938.315728651316,36.34820738336609,0.5007749875338346,-92.26197835839936,25.487372594474657,25.90060935292764,10.00044605563738,4,2,18,0.08548863735157142,0
29.40720900417033,44.72759859514449,1044.370159282022,818.7402294840508,111.84865533172888,1.3585879944908985,-84.64274275626276,197.28363466588823,48.130538201154764,6.542118067440988,1,2,7,0.21661603577608635,2
30.1678761595714,40.75749069013587,1046.0135604405448,983.567206513663,47.111588968683506,4.079778947076033,-67.49548250825009,63.728130738079926,99.20239534274388,33.790581787136645,3,4,2,0.8444230272603299,0
25.60326678255965,44.479226082209465,1002.1459638721471,259.670838950414,103.91251391037339,1.8915780358262975,-69.67243473836805,23.944916977470818,68.69637729306832,27.99415827884919,8,1,0,0.6315534854419576,2
33.411105890618074,74.22574718268274,1047.7307907991503,969.7236327979771,79.01677839964222,0.4419848357337919,-44.02156965980462,22.291260973750042,84.15154145338934,39.48368068963779,8,2,0,0.07870891714256523,2
38.35917536922537,66.29594277492902,1025.731020713444,431.2338697915579,37.007086764789264,1.7111276238945228,-48.23677422811206,144.1725335663244,41.54327589539852,36.940252503934325,5,0,6,0.48635011510949533,1
38.13921282266941,32.96368975072276,966.1671436236962,347.51879531375465,115.99033722942607,4.9069166712064005,-70.1577194206509,171.05916414249555,76.80930622027294,31.260576692875752,8,2,12,0.20975851501133502,0
26.270984285103303,32.18765347338591,997.690010646797,50.34952696935324,52.22650502927033,3.1484179762960145,-76.6407054697059,52.1335076021855,4.146866376838052,49.31910858144461,3,4,0,0.19909639407006974,1
17.830951146018883,26.88769547993781,1021.8331175372005,52.76525785960262,107.36808108173459,2.0808047320307885,-77.8471851156951,5.160992954711759,12.378827135970274,26.679486505520433,0,0,15,0.9406453433605237,1
39.62102997405836,66.22119037909367,974.7340315819083,692.0112559466547,45.19290052061078,0.83269256748635,-45.82034388941937,45.394913670625805,20.38675223271421,5.655287825085992,1,2,13,0.761541548076109,2
35.972452161148354,73.50608635552152,1014.0615183548887,457.9289944340279,106.85485939276676,4.930883986418474,-96.35493156451112,12.24662246855471,40.25499726906044,41.41367824079942,0,4,3,0.6962305935241437,1
18.116567030081672,38.55324998275028,1016.660047904662,226.52162603610572,31.190593161476457,4.1042450463156435,-99.1024845342576,21.57559238937826,84.58991334474374,12.592668117285449,7,1,11,0.23892881707785862,0
38.02104706543431,21.466147272163898,966.2699743808566,613.9703063252326,76.06024109125326,1.407386512254597,-44.311892565134634,86.87011584968083,34.69197847371426,38.865107407195914,8,4,11,0.11857343304095047,2
36.747409051553205,25.752016723349914,1006.5085312452757,252.85811825011118,99.24983214794011,0.3503434786059473,-66.59975368076655,46.753755801464884,65.49665723219474,47.85535480000257,9,1,16,0.8708326212853501,2
27.970951428151803,87.75020243915213,1027.1626910978607,577.6317543444226,114.1315965743505,0.28312778688779017,-90.83832030124968,103.67322982655925,70.960498050868,34.83977569821706,5,0,14,0.00587956934245093,1
29.781885893623233,40.68113442341942,999.8895664535942,359.20874698269034,111.82819225858384,0.6018907475276691,-83.51038457838492,51.44525689818089,58.65961717342531,29.801508047490056,1,4,9,0.3880964237010196,2
24.975067596753256,73.84562034866934,951.2103116776108,823.552226611819,103.76623825928804,2.903842918072108,-34.72472328318322,188.16692291948658,35.78847262019661,23.01930878375203,5,3,2,0.27761250296133355,1
16.369040970550785,63.72644981979846,950.9038469079292,820.6961607667793,109.93722146951737,4.643817106027462,-39.83479170625714,181.28284961732663,57.74762883718308,18.220493299770162,8,3,19,0.5703762003488236,1
23.379931041147522,46.73577477570271,985.7029343970012,477.3503981224013,47.929771725336884,2.4837171400299223,-50.315046484321925,113.79441489708273,34.29233271969565,17.650237548591814,2,3,19,0.2505084358858347,1
35.071336214950286,34.398108353688855,1042.6194068431782,350.8191093350156,55.576586614055586,4.214727412280986,-66.24423387638714,71.53037440548985,8.478986481346007,31.81863528547953,8,3,11,0.31120535932830795,1
15.115800575115072,28.49704927115845,972.8676779603609,362.55979655909454,56.007167242895264,2.229433099299039,-63.577346166603,76.84822952491238,99.28111742078283,37.56365584688729,1,3,0,0.8500398549931936,0
23.337479292278605,63.05090776272066,1013.4363688871687,805.7145256682179,63.93485379015289,3.542917728839126,-31.732882530122893,82.95860434575489,12.80552711788784,33.925853474220716,4,1,0,0.6031888234045187,1
24.954217339773585,74.22436464464516,972.207587069332,328.179482797612,65.39886033466698,3.659363686432504,-32.39606892809991,145.78828510485386,7.3276035452221295,9.920505059678137,1,4,9,0.14568252732936837,1
28.434890073448074,65.07329774787914,982.1669989659549,209.05937370684603,79.00997921892079,0.8698185295166933,-84.9311667949916,90.87616010824874,87.86522184579488,24.69935900717456,6,0,17,0.7264715434958315,0
37.99639041031901,57.12114932744108,1034.8042089601483,84.68834187530683,44.38917870297973,1.8060802948790589,-43.222680358627734,171.48925935467358,30.253282623200224,39.58200360915315,9,3,14,0.2074592014798784,0
23.65864985914903,22.93658564021454,1022.8861442269947,466.6931208844084,92.21219974073904,3.1865107826901196,-86.19301336830883,188.87486240014255,65.06466770994341,23.78520390945281,8,3,1,0.4330049301124801,1
23.673830047405694,87.79421443160686,959.5399277313211,482.1320989198419,45.08098853740559,0.3534830409218309,-85.0523765481234,67.85328452240783,32.96767239325707,26.83116398677469,6,0,16,0.6466072368392933,1
33.43753120274371,75.90999341582022,992.8702020986434,840.9087104029071,57.92776338940928,1.8077009388147829,-52.673487608479626,112.57820179376034,39.20628165236767,38.55680240854111,4,0,7,0.27192953745748727,0
26.30544852224518,40.497542569067534,952.9169763645265,221.23869644606398,75.30106175455387,2.673997331405962,-71.64992309887161,19.916250829680322,26.285085904477974,33.063265313254576,3,3,8,0.3841068146757922,2
20.61512057349955,88.59792305511955,998.0890146603009,380.9912736683999,101.67965053711296,4.981122465223193,-34.79189150254359,40.893340505505435,34.370096178721724,20.46724604411963,3,1,19,0.7341495973041509,2
26.310987903317333,62.131711274542546,1016.2434011701068,808.4057388936909,96.55223099148546,2.3726678131122036,-93.76931855727938,83.27968757532186,41.12897001859566,44.770635559710946,9,0,10,0.9379109534243434,0
18.521425509494996,60.76958607450725,961.8502623598151,823.6236107489735,88.09809207694701,4.080283785571618,-64.19320514333549,42.03434046445399,72.06956530232506,8.12835343317393,7,4,5,0.529245056959473,0
19.409674662655583,72.36512256006725,978.8884938909166,384.6110759787682,44.01959345221532,2.160336425333089,-35.70349286898151,175.4355376669548,51.202465804055706,49.77582242951624,9,4,13,0.009970971556622743,2
27.459194318486993,76.82388516630962,989.7836625502157,459.1240232866809,79.234081105402,3.9819536130985442,-36.71204376643464,32.49896495576051,94.362165193982,5.94262892381186,9,1,0,0.3384637512418305,2
25.473136237613698,65.9535025132052,1041.953102465605,303.2858908492829,37.87018516198969,2.977074008100542,-89.04295506089811,91.6765034890653,4.283851344493673,0.7474985552119451,9,2,6,0.39863433484553445,0
37.8711475267025,28.966702245634004,1049.3255015422965,932.5548784193121,63.96268591169857,4.432977207511992,-74.33536099324805,121.53414885151525,50.35652543093962,44.50094505743824,9,1,8,0.33917362000224405,0
24.059847477915827,43.67872541961489,954.4911298995615,118.64376574158031,67.21648772609632,2.0547127617505496,-56.66150199673126,138.68091772400803,58.46405640428865,12.247675418297804,9,3,10,0.43626886111556273,0
29.514708756951087,84.96585482282349,1026.1007923495392,933.7494230014701,33.58302955011784,3.0215220991073943,-88.84235806600185,77.23080457557484,92.02767890881996,36.484981372336044,0,2,15,0.6326662538183997,1
30.80660719798826,35.723092829069635,987.1724066402343,683.8664518353432,54.658928952297465,3.1500934030941368,-32.238447956798296,173.95071467622097,5.010936509780616,40.55076874660347,4,3,18,0.12112802699775316,0
15.32736141470834,46.051691668625935,989.245818622948,531.5721526867312,116.00845205398404,2.0869147090023663,-35.96754698906378,114.09551106450718,57.39260853502809,42.94931955160584,1,4,1,0.2726305088675055,1
31.588434300417767,50.24538180609372,1025.4264973347022,32.65906078449588,115.82693470467206,0.7215602184374076,-88.31348746758715,88.46204830906281,85.37762985994291,49.57971178320834,8,0,14,0.5076480860176246,0
19.450899171743785,50.758349278611654,1041.8426432145409,475.5961918220083,61.70943488272854,0.46779703456167776,-91.51911771173101,14.380886176355286,24.268580039111736,14.701985501999953,6,3,2,0.3155733081799751,2
39.026757936736374,62.905770774616784,1045.0928594502548,407.7481050027323,33.87900980534916,0.0833577529981655,-94.02140620342144,93.47320422058783,87.64160561754134,35.51216709636296,9,4,3,0.9910853381353594,0
18.716568193827825,86.01530864212953,1007.7122586038321,161.21881197512255,46.11854453953634,4.367671321226073,-36.33894351743582,164.32643232233033,2.0024365865017533,5.769992914041411,7,1,19,0.43143146703748825,1
25.365603093175594,36.84848982827535,985.7121159300502,656.4096035006569,65.2996014090186,1.1823745611934728,-86.44633331431774,123.29366262604178,73.27221745045959,20.34046456784247,5,3,6,0.8697991535922163,2
17.133741701966095,28.505096341064267,1028.754908585878,971.1509073682857,115.30017281723067,1.0575337464088403,-70.86005500189518,166.60032829209456,93.31801079474843,42.39858466562952,8,4,11,0.8965098356138644,0
39.92185629614868,33.82293429019561,975.1001383262301,562.1888110645251,42.70791571834664,3.6801770021303275,-68.5804044043598,99.30832244926182,65.75404639784222,18.38290230295542,5,0,3,0.8360069997223499,0
27.554875258281065,82.08474301464886,1006.4074028833518,714.7532764439458,98.7164259301391,1.6000805654369588,-58.06922690505027,24.573879313801886,43.95902147364676,29.554769026780704,6,3,9,0.04689824094516781,1
29.884625433001094,65.20675688586442,985.8578461524874,68.45045256601678,39.781428543722285,2.530223462059183,-94.97852593768025,3.7143293213403332,4.583613545624531,25.188672186231702,6,4,5,0.9477467316133514,0
16.676911934710688,40.01347524674121,1015.6631073707877,417.66699581699476,118.31318196521491,0.8125553264872815,-84.12689678196388,61.34068979699965,92.01936995093061,32.297576555602255,8,3,13,0.12874256213317692,2
33.749011759979446,77.11628572780322,974.0398912893506,116.35848516449587,64.34548491982216,4.7987286073098465,-34.79567291567518,139.9001038280607,47.08259264688832,48.644719469384746,7,0,2,0.034403627714294505,0
20.247639827389644,80.29589974544052,969.1592945734826,612.7958355365104,99.77110850091505,4.2579070000861865,-36.411292491200136,158.26172088439705,2.9967747591612066,2.786776325070106,0,3,16,0.4143696079065575,0
37.45135723601784,79.25600370831947,1041.8239086675437,938.4821582141545,60.833197453001866,4.318948114825016,-45.30965468160154,59.854814089445554,69.0131250257433,28.698075875081486,3,3,10,0.19463403275785607,2
20.12849101205018,84.32485735476881,960.1803682949537,661.7777324716385,86.49019894429279,2.033868742860026,-98.64191280672492,99.63513025576617,48.235541632268195,43.15143896251424,6,4,9,0.18419652966323619,1
19.767193016591662,37.65687141213531,1000.5957907734931,76.80304831442153,47.28144762660331,3.811806068535864,-77.10952620527286,84.80266198238225,12.522097212496833,24.069135587421375,7,2,9,0.2878196133761506,1
15.913741696202372,72.85293501223947,972.0852782963009,354.66620498508286,43.14189173672663,0.7193807769489008,-56.04288852599645,82.69403408593415,21.505753750094936,3.926359297078641,6,3,9,0.24840560524685484,0
26.80167362774998,52.2377648091898,953.8929963325668,550.6633794408515,114.42577256113182,0.04309501295890139,-80.7366851758567,47.03839392682995,6.542618977539043,28.026967620838544,2,2,2,0.6847954021501531,0
29.121028331565412,78.9398987023043,953.6018818291426,403.2077561332522,112.58825501139901,0.09986466289014062,-36.328931346235585,28.137849900862218,57.471924616886504,16.60369454119102,3,1,14,0.18677730663607006,2
16.642715985708808,70.99434740131292,967.5221772105828,833.6440104751723,109.87220461915942,2.9330086870228023,-55.627737671729065,40.14102308801141,62.24074497727573,7.747089266896795,6,3,16,0.5431183051972586,0
34.38819041737526,74.35132125498072,1036.6770354506,814.6710047099892,86.28901051499341,2.276974526239704,-94.96652978784881,12.011145045505874,50.6236556057089,42.45172566417365,7,2,17,0.9864265461435298,0
26.332220868700688,65.93132863767501,978.2478743977026,611.8310201032215,102.74413900946504,2.590076744542599,-36.36960878150079,40.42801762289183,81.72850308696123,26.07997564955608,6,1,18,0.43238242095628887,0
28.1097567331895,32.42001386287948,1045.0459170575296,373.4579451327053,36.213324322023745,0.037315702086097025,-32.95633392766442,2.830978627450512,86.11478124867055,46.66382061895333,5,4,18,0.6418731087954365,0
26.019068673455706,58.15188432278568,1008.1622292989193,255.33637376324413,60.131013770161125,2.1134330982871283,-94.56013071257922,125.82442172655968,61.60087722864436,40.30082523015345,8,3,11,0.9693716777298736,1
25.01907652188315,88.92688176671557,993.6614189768766,105.87431821312931,58.233281228144065,3.590340806004304,-62.73478355970796,63.95870607014889,1.3743723227723117,34.648589688683366,8,4,4,0.13763899804136426,2
28.991008282705447,85.61716465479833,1008.0088834669455,354.89768348655406,87.20807897573519,2.2134685098371794,-78.76450024500807,194.65579757395483,69.5534426091988,0.2512751682655967,6,1,15,0.4186070092930494,1
18.88100614826781,23.022161505790816,1001.6698385226268,413.1725172077195,62.03619961235765,3.661096031561111,-72.50126464630183,39.549693104483275,41.858121770343125,21.3911728319125,7,4,14,0.8501924001952541,1
19.548203262381776,31.537037101060598,1025.8776253757326,675.8229251040736,43.36561034793127,1.165094821984174,-87.42441474312606,69.81988549160918,56.59919257431606,9.874314082601614,5,4,14,0.9323056827448798,1
36.54464052533793,29.22101414181933,978.2496065972853,658.1598242975734,83.68203678721893,4.065710022408627,-59.534952859131124,72.21039056966511,64.94315214168655,45.53989555244339,0,0,5,0.6012360579589051,1
38.65288655334082,70.81859369897069,985.3050391600302,70.10813964125695,103.29455286021734,2.9421562022672614,-32.94144527257765,2.6818477164296475,35.088637771274975,8.729199233818013,0,1,11,0.14342060254022337,1
24.332732906993826,77.24497308998616,1039.4094302533251,395.2593154311578,64.3911145013976,1.053815497149531,-64.78491798098736,168.00238265485234,91.71814066666225,14.303002582964275,5,4,1,0.901471583947655,0
21.768616828588844,34.94579564174703,1044.6456513150406,181.77886721736192,41.904184358863354,1.1836023792691646,-94.19597930238632,7.36689756872062,13.484089188303143,25.84183838672496,1,2,19,0.17444656619094256,0
31.099988580975396,55.40968850662803,1039.2558227486475,156.81270531680568,47.701937758154074,3.140152322847685,-56.59990665658141,188.09578711111902,67.18402954737564,13.168180949903963,7,1,8,0.35287784833211855,2
25.21835427745241,78.849211960784,991.9447993957314,827.3021497372459,51.373497465244554,4.149697966062217,-76.18439038841201,178.52279586763052,0.5355220376623848,10.493233863956059,0,0,3,0.37550797776226175,0
15.634658891508622,71.29610813363755,1028.036550300688,41.91521671625753,56.990783369508264,2.0781389101457757,-40.08523672860915,107.56886130110675,92.47264542997756,29.95496625513762,1,3,4,0.44729153987262804,0
18.90381493415476,57.95660438442938,997.6335733301099,419.18287590212134,87.85155634556781,1.2915021456379612,-69.57252961784708,109.17551940734712,11.33916291048534,4.446476137751193,7,4,7,0.7901658159309496,1
32.89930572118494,61.3243383321141,999.7539852146102,168.20365576651818,84.08509360839471,4.335058034553002,-86.50122737404281,131.10180666827512,9.578934591742707,2.9083879360462364,5,2,9,0.8021443781024846,1
31.473098547753786,55.5852382841396,970.4680109057284,879.330215678474,92.64718754103353,3.3463414587541744,-86.62260641161986,78.02295237504251,33.3674625419192,18.61226475930357,9,0,6,0.7196550732781142,1
15.677399812587087,40.828391592317445,1009.1130303258517,557.0405132750351,62.62517860783618,2.2404274364153824,-46.18650734951878,129.79723439617325,37.419271975304156,36.03322272539312,1,1,13,0.022128674421581618,0
20.549304048323737,59.55153950013113,968.6135897753348,231.38063637684803,104.15978866919805,2.439500976396509,-81.4088681184848,9.908909349008887,21.50857722505558,27.7403379136974,1,4,4,0.5648451022171516,2
20.776869914701784,68.22197114350635,983.1564699067194,502.4272871663764,48.36788950401842,1.021282339681982,-46.29366240885439,11.755477842595587,58.55365392661976,21.143823423338944,6,0,15,0.7474929558814,1
31.79731858996821,81.13260411025654,1035.5030201619936,731.4863597031158,72.21366727663386,3.1340131503242197,-85.58788824633804,91.98885350428932,44.34711839439217,28.28757821122912,4,0,14,0.4446252400615428,2
15.492763443859104,64.54039477854737,970.7075809210855,958.1180089194338,102.08448493872872,1.7937125527144433,-77.48195419090834,110.37483792010096,3.5141413452046333,18.27257423266368,4,2,4,0.9449360453653964,0
17.602714549614348,73.27850759302106,957.1158285173433,220.44600424541895,46.21427829593573,4.9782258833717465,-67.41591192922104,177.67571042682798,32.03324101930453,46.80731677160564,7,3,2,0.823810521880351,0
34.997902134329735,31.20501444682011,956.9007592612817,886.1817721293452,39.88768023667046,2.400917576309439,-33.97629052145845,21.827466147671355,81.06224806595974,2.7452445455387164,6,3,9,0.6381550654868308,0
19.463616551358342,52.309023209385295,1044.0784520503107,934.3041141674903,109.53155709191907,2.429428030948066,-34.77880026723227,164.706937511584,69.00118333270066,33.66957395149176,8,3,4,0.062425183682513374,0
31.31865269629687,20.653213387896532,1000.6920437961835,916.4205445320662,60.86366964832763,2.8292589370533596,-85.51896872043986,42.79942012112185,72.51459827263005,44.56413324138752,3,1,14,0.6523462475831382,0
20.954569526168164,37.26752051651361,990.9412071817019,635.4143568619098,91.54831124181288,4.583780015593733,-74.9246671129849,79.42264605349634,69.841880715944,40.19423543676267,9,0,17,0.9115796012522189,0
17.48603481898363,70.85232005791033,1031.087858100792,629.8206544347076,32.28137438375446,4.004090499298751,-89.54204280823593,64.00388453065517,31.16620483616503,9.202051741072337,3,1,7,0.3794453868809514,1
21.07930477498635,89.42669659445544,1033.5825927910516,403.2106331838228,92.10421995685047,2.255650348989207,-64.3010444480552,80.6308993002144,10.056425815469911,14.796317449014417,1,0,1,0.838132525605361,1
33.05667329639148,26.942466971105112,983.2191033115605,752.3978823037879,58.44911803922734,3.5934963298639797,-67.75922145137335,30.948604116444525,27.319471684906294,35.85239693535524,2,2,7,0.313161142862179,1
36.39241170265714,48.10460211029017,1019.3618057473795,531.2940183509319,35.016676822869755,2.9311774939038084,-36.94678862844873,101.21044480630744,83.19535148849741,4.213527959038277,0,2,7,0.5701032915473028,0
35.75549661417479,76.00496780894116,1027.1122815851886,677.4380712282945,84.88314853933053,2.4618352435062447,-34.899623554624924,160.5268753764421,98.0490326985288,40.593084991629205,0,1,3,0.6484244183707824,0
24.92958824046137,34.28249442402292,1015.4650686865955,428.45790384879547,51.67234344658559,0.9615788639217526,-73.15028262948955,88.86526806540049,49.43531677268198,35.94534723023951,6,1,18,0.6779950375588949,0
31.702128414266156,58.85594645116004,965.1595074800099,731.4964640431391,64.8126517846692,2.319681317274455,-65.57834398867074,98.63210160374162,1.069065456811918,36.48033246176713,4,2,17,0.8825493144643481,0
20.124607385395525,71.31499072207723,1037.5883083517058,824.471517604549,37.25227310578622,1.2290929351128732,-37.26346255977069,169.90474947098153,14.090476732209481,5.012068513379569,2,4,0,0.23462226700628208,0
22.328693256525334,63.118981518212536,1003.9094552736009,146.43625660281612,43.24469259854508,4.574210749258273,-43.530453457845695,141.50556481296812,32.275849474094954,35.888027240811546,6,3,19,0.2623695852889747,0
37.40839546302799,33.16173142307913,978.2472426370003,832.929715574228,56.817951194625934,1.6770340674817348,-99.74405820587455,98.60042729543716,57.900676324435686,33.9909062609985,1,3,14,0.7040409933107368,2
15.325048087768401,44.87691980800176,992.5228185437694,540.2965317903072,38.078355050414146,4.761320072666861,-77.59583050714923,52.28143398964676,7.601855215950866,41.546124541092524,2,2,17,0.1771938124840381,2
17.1377132713617,74.8654249139778,953.7571090398908,844.6659090902243,111.97436382176836,2.6652764504735558,-70.4758030644712,177.10042262214836,94.34139414111718,2.0797978128234753,0,3,11,0.4642704049639603,1
20.197156378650682,58.79585598924116,962.7866801222417,431.3017063410146,30.544233886558057,3.157721893380802,-83.91986014217377,115.82705993642111,36.57185896111164,1.1555334233896097,7,4,0,0.02003438407721514,2
15.663305096845493,20.366072948003893,1026.5546750515862,379.04048538303505,73.54741969778803,2.714702222446639,-86.02998688728428,45.00837441202798,91.26716337068981,18.650354993928037,1,4,6,0.1409793369901141,1
19.535885877244933,73.26935320196657,950.0011634755366,915.0607325172224,41.09227123192963,0.6469030848335044,-97.35508453830242,54.55483077496406,78.07412809542647,7.439414192457644,6,0,18,0.6788463850288614,2
29.576039024242306,22.471794845816735,991.6565828482292,251.1692675484013,57.69111805301537,1.8791060950397047,-54.96411924511676,160.82348469831294,75.56818352430655,27.919223878511097,8,1,0,0.747461603481754,1
25.53561376481245,72.20136479118625,1002.2510181085588,844.2123252861431,113.3453603836439,0.49573056138811966,-81.62427966617841,9.784966855403637,60.711286020244984,45.86744507533744,5,3,6,0.11531903323787684,1
37.31679277692437,34.173639211566616,955.4634420000972,484.02057250940413,44.55250979465882,3.114770220916909,-96.33569750980809,198.4263452187352,62.71570332347928,19.573986516700785,1,4,1,0.227709550411197,1
35.436089043461024,87.06514360835662,1047.3078162972333,514.0954425512597,116.92490877464994,2.234370976002195,-83.83144826303554,26.939984263243563,63.836523198103194,42.247518863630205,1,1,6,0.0989044465370511,0
23.5454337924469,45.75585259114591,972.6125331249672,308.468281489484,48.52149392904795,3.889924857854684,-43.866023301471145,159.41763655399055,62.90926656385566,0.012043725893323698,8,1,18,0.4334128439251168,1
21.485585835782313,42.88521314366554,980.4198719636281,573.0422006190157,96.74094976201467,1.1023524049968492,-40.395757284741734,79.56028803756489,55.417450316696296,8.425732172959211,9,0,12,0.12611607074463327,2
24.49231020418167,30.422163523271127,980.3942512255028,325.2111962762113,79.20095384075805,0.8228302921466746,-66.18536283646881,98.9510204742059,98.6427604464406,1.521176982704281,7,1,4,0.43729601716689004,1
29.757373562870193,41.39229508431504,973.041666211735,39.26941424165231,109.60308548370833,2.0316611548188392,-70.87505307139196,176.249464915451,73.25582768582704,16.407359025753433,8,1,18,0.7320982558011316,0
21.701591020571907,81.36555332797404,950.1473822086311,271.99860534435606,79.85939299528178,4.632926916091906,-31.550241454875277,83.16932672825344,77.71694420041287,45.40947978482514,3,2,0,0.6833886331434175,0
30.603722696228353,89.7434036339073,1022.9344794087997,6.379043406590679,78.11032972406778,3.5521090750620585,-85.9604738288351,107.96125698097366,87.25903522685906,4.847606179949388,3,0,0,0.2804604868518452,2
25.23529130478101,45.78166713547938,1046.6845499799285,978.3547870568566,47.59122003315599,2.0946181239645933,-84.9248502001774,10.810632819424818,21.642412296312333,30.32048883719002,1,0,17,0.6737625492469325,2
28.801179521299506,51.40274416681798,972.4293483285045,965.7472098197475,44.960642584649285,2.5863608487715526,-79.56929760745201,1.4671472996231776,8.472035493596572,22.57479695597221,9,3,0,0.9277121308995769,0
25.903163228382915,70.54496567419159,1016.3047191803422,395.15529747230505,112.48402360039628,0.4210650558854917,-87.90698772032388,49.71517472734345,48.34115421620001,46.923410618290625,0,1,4,0.3475243870849155,2
22.361643988547943,82.03370463255521,1024.1896326958715,728.370854339646,59.50543789650307,4.922879481880566,-73.44440812570694,136.43603549083468,51.45666149236539,6.125957126854692,9,3,8,0.3291191536976066,2
38.71133267405392,61.51310339307489,1034.8425379090525,345.80609841042497,63.48740294666064,3.332036523474595,-36.24160411071723,25.131713778468203,82.93525981699678,10.601392525111446,3,4,11,0.5714386514820174,0
34.09014485399402,47.40679887244805,992.2629197013609,671.093157085976,98.38412925855495,1.4270203423171124,-56.9256511559998,23.638629802105335,44.43397957030534,1.4770984305746637,9,1,8,0.24550181102747182,2
18.502829394161314,48.88352885940366,980.2930905640429,805.4300430459791,60.49411341805266,2.929041971076222,-71.16374159714155,82.78116099914476,57.12821725187685,21.696762481568687,9,4,17,0.651578927980252,0
36.711699397447816,68.69327025477648,982.5295134023031,946.7562446922408,115.68562019751025,0.5474118303449699,-34.59124438001497,129.91957068303708,52.754386757494494,13.891644978232714,7,2,10,0.832261770672481,1
27.18577995623784,20.22527845229951,1021.2621333098513,400.212275849672,96.41349920989202,4.829183344037918,-96.60750372669244,142.70232645733816,3.9164580973633667,43.49529669451604,1,1,0,0.45931850509863204,1
37.363805672352285,63.371253622188846,1031.6779466505636,783.2979829560477,83.76863183160779,0.8739249394168297,-85.28066754686971,36.51168414557658,61.55996817003171,30.24704065988775,7,3,18,0.6795073249283824,1
34.996381398682885,44.884510730895016,968.1613967756603,265.92845063211877,109.28056444902772,3.2401515902760707,-60.38779764287687,16.83804132703645,82.8215242488478,30.704536898785083,0,3,9,0.6518854238829953,1
25.630337611730837,75.59381318939589,987.0941008157765,990.3323037936483,34.46453175145345,1.227272312694652,-56.91131637647746,188.1390097551633,15.834304752772804,26.59553484406512,0,1,1,0.038665561847589514,0
15.561732708002936,26.509344787619252,1040.1940196749151,25.769598764351144,53.13564229702879,3.587806913242679,-97.23097454061708,52.872610129858245,59.47374021926692,4.59251686146005,3,3,6,0.1834162951757764,2
21.71693398462365,61.17415868638734,1030.6693519694738,603.5288065011209,71.8532700798819,3.884106836201405,-71.78728694650076,170.81595302413604,59.4016933901968,22.250934186267763,6,1,19,0.8935300018181299,2
28.540855366521672,53.668102292028664,1048.4858402762475,659.5059816513271,50.42806855243689,3.367098644557163,-54.55922246183891,172.83479864210085,16.50207790923024,49.97525948542582,8,0,1,0.9388921473650194,1
30.836955495653683,64.96278681336591,1025.424825968208,688.0455570741289,96.95146685719368,3.0724973012759627,-51.13506175176189,154.73199576074634,12.434011015700529,41.76146454230074,4,3,18,0.7804396399111774,0
21.447192135830058,24.539751613807784,989.3195201027922,120.387578789089,112.72872279483526,4.462345469760058,-55.33020682386115,34.59788772386145,98.00718910335083,44.672952708355794,1,1,5,0.9212481483276946,0
18.483901851820605,60.59886511996919,1009.0637833994638,938.5297834731305,68.1393107937831,0.3931335549487902,-77.56057429473529,164.53849039158587,39.432545048338454,41.16131796232497,6,1,9,0.3061486509185748,0
35.873255919982476,59.30392115716666,1016.101425424732,181.1832790500828,60.79193401007055,1.654573828900976,-93.45359134814633,154.08086128907576,22.819430699480577,5.152084671549134,1,3,8,0.247710971779047,2
39.61005451758881,59.24620660913197,957.8455816317124,622.7534032398411,116.53956589238096,1.24143739815423,-70.10212875064661,119.7478750311372,17.21532199099206,11.37241270323998,8,0,7,0.38430018756052,0
28.142254557567146,62.24413666175184,1004.4496959103865,222.67607912308495,70.03671895447867,4.940069810327108,-90.98718938423612,68.10320499862159,66.79341118696519,0.15608256782048135,8,3,10,0.05534199855045285,2
19.291982146207587,67.35275560584535,1020.932082847261,307.2164170212709,74.01435604043549,1.9469488983343675,-33.6663439035533,53.239212249042275,60.98358520299516,15.175506243905573,2,1,8,0.8098716190413278,2
21.807683162984226,76.34922997765389,966.732130400106,546.4585417281244,61.648488510771486,3.6630634962019935,-66.73803937841602,25.255953203991435,64.390857086443,5.430370117324629,7,0,19,0.9841754851150772,1
15.459766913686668,38.887450408975,1028.0631717425558,417.19341856457646,111.85936257109245,3.423625819405023,-77.79185779501927,102.44165631327341,8.891802148394081,23.63966726507915,3,4,19,0.8240292924366098,1
37.857470164012476,77.75345871260434,1008.3772780514112,160.22560097650629,81.20599349536657,1.0604061873868886,-46.35871502167699,117.46691422645945,89.36410489149385,33.8563744286951,2,2,8,0.5549753348525481,1
17.94377707225353,54.877897758441755,1045.2221785697595,170.93640242084828,98.59571284634802,1.1949884010577567,-65.14359851924152,72.50845911264166,38.98771304122393,43.72526475190385,0,3,7,0.2952819704829498,1
29.41291188785634,25.39407953940318,954.2422298206892,418.14478816279967,103.06260465157978,1.4064228177651705,-78.2976183191285,95.59645446849284,31.40560370239276,37.46085825454491,4,1,14,0.1976978885435806,0
21.85138051718015,24.098565047078544,976.5326137555467,757.2829782755007,60.766413772553236,2.055636391296896,-43.16225803264388,73.33937701648406,46.28990858004915,46.92927978892526,3,0,1,0.36406287179665997,2
28.854450062894834,43.39668230872425,1010.1553879299825,897.9646468477886,69.03248981883421,1.171625328252634,-39.29934942992146,128.56020540681953,39.06759996818807,2.6949145196894397,0,0,0,0.6669695295482063,1
31.285509708796607,74.94278839780273,979.655991220593,84.12766225938284,106.36245969656382,0.09825741373423902,-52.88942835979261,180.3505823515161,86.37134261360067,0.608991770827072,9,4,8,0.4470615555408236,1
35.74354509268004,69.5376654318641,1021.4424164071243,393.1039075594011,62.69298165082292,4.396965284035978,-96.7124904314633,33.620132147342034,92.93317142226942,33.06690569181063,7,3,8,0.9340598200844861,1
20.16053179401508,75.20304752706845,1025.900528252193,100.24556372287662,101.45416201066662,4.82804915690442,-60.35739838834275,76.90035317072156,30.414976323315663,14.467620511112312,7,0,12,0.8542203429657325,0
15.274895716462012,56.208833950912656,960.2515964066474,16.592480632597884,114.68930903169934,1.7078519351578398,-46.56935616019029,29.0328521862214,86.40718716524948,12.675050805288656,7,4,7,0.10240061596289896,0
18.422140751720182,50.81392985688434,1001.3854464206768,661.7186826439566,86.08893357612062,1.6925343971273643,-90.44478915414925,125.36381031115857,78.1741606403534,16.544354384689715,2,1,4,0.13152522388570997,2
37.50046604620263,30.321676869439877,1000.8890555591056,602.4494419665878,96.74645587067,0.035459063871854934,-83.99304740307777,146.04523138823055,93.08768646724171,13.489802894618208,5,4,2,0.6762391853001108,0
36.847251939062886,42.97349275265181,986.9280770215541,163.0191138148862,102.45875808370214,3.4012534416518703,-38.22534264523045,186.45063378689372,24.650456187370196,25.571820315079364,6,3,3,0.23076838998035432,1
29.935327554257707,50.381355632171264,1043.292486256967,233.8128330930641,106.05356840069783,4.127199478743144,-98.59147947028482,56.495513325932016,57.73821909708582,22.007422361206626,8,4,16,0.7910298770117512,0
30.012921510841334,26.202030077573205,1032.750631987322,23.70775364451838,65.55480040711163,0.7330415018000158,-47.30910035218168,190.0920299672206,27.527004015570423,25.621427568832818,4,0,15,0.5913581423263531,0
31.625916863656386,35.442836689784784,1019.7209381909637,834.9472056944037,34.61371132583984,0.7983317468357537,-66.8358695239904,13.589271692314284,82.42703959938899,33.63568057502181,8,0,15,0.22983052773335,0
19.38428196558624,61.87577058446172,1021.4326635734998,974.6905960485515,66.16886441130656,3.950416249857189,-68.72594888122752,120.99975880955304,0.6318866380493193,19.356525448557417,5,2,19,0.4786867974805912,2
37.860298648123994,71.49641799674329,996.1716143813119,135.4595367946908,90.63806068056809,3.0814537417707233,-99.5032427253579,12.369411149322666,56.52543437235098,12.56538435710784,9,4,2,0.40607629236703335,1
25.469263122301825,89.88432579750648,1042.0994521096577,231.47521376529812,70.53153472027135,0.22430278813858506,-42.642123832345504,178.86106336462703,33.98642278406461,8.310026840437274,9,1,5,0.8731593591894047,1
24.578463206237437,85.31793319404903,1019.4595427253286,868.4095239469341,97.40668357743587,3.1127349523114085,-74.81225695544035,106.43200235694077,32.336102337074244,17.473705976631276,9,3,0,0.03216247497705027,2
27.97294263207094,64.9795639674634,1022.8981061655817,926.4637979561849,62.12841865217975,1.5445886142188303,-62.146405808962,134.20032180179643,64.5261417541052,37.0903237623086,3,2,15,0.8958438904667899,0
16.174149169376378,49.487363730585045,1036.1690903787346,419.6273828068103,87.12697269936265,1.8436257773542297,-52.58895195650384,166.48321125618006,85.16329648646798,37.835245505573475,0,4,14,0.6520826828797434,0
19.157084218901986,64.5324155295763,977.4071589342191,50.62247226907412,46.77778243685771,3.8486570914844007,-50.8159296493459,30.911813874309782,60.958619600193295,33.34526933421051,0,1,6,0.7375381875483787,1
33.45084041065926,74.99561326561624,1030.7070903866702,39.391833692819404,97.44324929804613,4.054675963363053,-33.081395882174945,8.679720825688635,85.33198056680757,11.701408765343729,9,2,1,0.0026074633926337354,1
17.069966698128162,28.283533364637112,969.5240602956492,573.9498660690105,79.11263719317233,2.001783134199153,-62.80620327343736,175.89734803665758,26.533251476914895,29.404312292734886,4,0,9,0.6282394340372324,0
30.078802736659703,48.693342278740175,984.5341952244888,392.89510889317904,48.365794969194056,4.735764680031774,-72.01963143179007,63.67171226432757,51.998235291021615,28.5344830788424,2,3,14,0.588486163711026,2
21.133727742033024,78.7861599944932,983.5610454269843,28.652427577654514,56.27200561480265,2.0323135897603612,-33.240746145580445,26.66680267750589,45.1086002528009,24.213309905486273,4,4,5,0.5372055563862999,2
24.732390351049414,46.868306635313076,1047.8525468389141,583.2523923125568,97.3747837723649,3.8591801761505495,-55.05228354821352,94.22378618033022,1.2633254603593123,27.498949319193212,4,1,1,0.785866856705885,0
22.217343419267497,60.03105898590306,1035.6537223747928,11.302536589022472,73.43411120953687,2.4193863228212953,-79.12947506064111,120.06290906350775,55.72553309975994,24.589531631183405,0,0,16,0.5558710963965052,0
23.89181791162373,61.143855260353874,1020.1169861590259,787.3719581492729,49.4428296353765,4.48766163261042,-91.14750282175002,7.163150081079515,66.18627998220288,28.27281830370541,7,2,0,0.8570971895598576,2
32.97614762960614,32.91333771935476,1022.705676161539,306.4328227033716,117.05440713332679,4.538806218250893,-41.02118489743731,55.70423599316046,59.23224900146511,35.77529773105644,4,3,0,0.23263148640963838,0
22.428042890579377,45.356480915660185,1006.2072794402571,40.2580030092321,94.36125178351992,0.4370840393554193,-74.64728780440939,7.5271749811023065,73.65436188846381,5.481409720171987,4,2,3,0.8059825889716998,0
29.16011600742243,43.415790211935246,1044.7090667108519,588.3522209831533,116.14213492858165,4.682466656551129,-53.76711950448982,84.6467424499043,57.17681889246241,37.481287607451186,8,2,19,0.17931277282480573,1
26.90126005497749,21.833769597244537,999.6258752882361,397.6844144330547,68.4394540824309,4.1276742076020785,-67.04285064438713,179.12490578418263,6.768350459590616,6.79430750637971,7,1,15,0.8131177919689799,0
31.591779134066204,21.693423472394866,988.0517709869895,973.8004133571495,72.75903066225484,3.9565535715633344,-86.07491541434732,196.54782988722027,11.732907856062672,3.3313999205187352,0,0,7,0.9404635188285677,0
38.420743483118954,78.21879305730414,966.3035336931591,544.1986625037022,110.81596945665173,1.0045566984276122,-57.881937396567444,127.77246314722187,59.68781029664085,48.80398431107338,2,4,0,0.3356941423103841,0
33.31430243025626,39.11495669809687,1028.6205652261058,275.2391810370083,77.25444062208462,4.025596043773325,-95.75218517345223,33.16590106313377,27.570421278166656,47.84958844352207,6,1,18,0.5298863139801888,1
20.37350946476892,56.26551363671708,1023.4443932075592,709.4388646339747,93.65510207151004,4.250663673425184,-71.06602780901655,181.26402860986184,8.056548390573107,3.0218272470282024,0,3,10,0.6583290229231477,1
15.779578376532116,40.910790151214115,988.4355038524135,271.4920025427113,52.6955589745977,1.4457516722707546,-61.73695422354303,103.73331681681204,43.017314070509826,22.16267207374811,0,2,16,0.07947166585449461,0
21.556601107495627,85.84754715807384,952.519341395923,904.2432914075652,70.20538218323765,4.761300391811619,-69.47671181169946,31.5961131084807,55.476827548557175,9.312246914988737,4,3,9,0.49408071820412025,0
29.87694826750637,38.150773120604164,1033.8997327718012,374.72197050737645,41.11048792293196,0.24930073199582126,-47.592947732430645,184.42360722088063,32.9417242361257,24.267244856720904,8,1,11,0.36058497658824673,1
16.28564533710626,50.07597689172546,951.1417983454073,549.8685627762052,48.53820322892655,0.7495462662356983,-42.04525318182813,151.7363410938975,72.07132685235521,41.50886214997937,5,1,8,0.8724556312513081,2
27.40915618003091,81.09111753392213,1020.3699779629051,50.57310382422886,30.084907374086796,2.6879056902575718,-46.012984817677534,146.60934927190715,64.41268374931434,47.53058873714451,9,4,6,0.8766795187083262,2
29.92107122292223,78.93534967542661,1047.0257109726058,426.1212379522308,33.53385464837942,2.8789623556115487,-97.28309365317385,142.12696005508653,33.348554273058035,31.712632672576866,1,2,11,0.7007795395472368,0
23.356097270424023,33.02709924923941,993.7661328148204,832.363539660995,117.95554408592363,3.2257504165045168,-86.41098606878194,40.86762439819202,75.5117656379652,17.695283360590853,8,1,14,0.6557244745924983,1
34.272805093645545,76.18503168569973,973.4973404995952,805.6488053633419,51.81183256230861,0.08484564657733229,-62.4374743515358,42.99033164979769,64.90463474905025,30.166278282229918,5,3,7,0.7336884592758568,1
17.664956328344296,52.073082071652486,1020.4871010043382,224.31855885352624,89.69796385536017,4.801833873110652,-34.56245716893392,137.97030668702374,63.780793333918425,15.600065305422516,4,4,16,0.36598690100280706,2
16.87844454339522,53.80782104597486,1031.7128142015586,226.07907101056267,105.51897289196503,0.22294046367071996,-41.55302574635182,44.72482727196898,55.387427308628105,45.49118204160302,4,3,4,0.40451924675062545,1
33.20471890509008,29.343598069116062,1004.6430316077847,817.3053122132368,79.55944133129078,0.7153097636170119,-41.022584415373885,88.29566766380673,1.2378278420464244,43.520023155291845,2,2,13,0.5537047228887053,0
27.38728290515496,25.642105962998727,1046.7035275256146,930.3984201693255,43.783005007556056,0.0700725876302849,-78.77542643682276,156.61836329319434,69.68106762934121,27.91158751398305,5,4,1,0.9380281273644674,1
32.2100599106934,70.95575148816357,955.1668721657961,95.36092127300356,95.53047936025497,2.8342921664704734,-69.93864720449082,157.00655110147034,37.66657493180474,16.23994576901803,3,4,15,0.7239998741195626,0
25.870683465093656,54.75228066487098,1000.4795598304528,450.0586394262253,84.02262690896248,4.661334419604861,-67.05058368788438,91.19909273264606,94.26671004484969,14.669483779148917,9,4,16,0.5509892444962233,0
21.16005083097767,50.57954918306257,1021.845394732255,337.454278964229,95.81255304126375,3.329735830402321,-88.98398916550627,158.64579771677379,81.81667863061281,1.670899735252973,1,0,2,0.7704130148967145,1
35.477557941855,71.06557600566777,1036.264047114918,870.6884554574393,99.27719605713784,4.113287342402137,-97.82523088288806,167.8857374434133,58.810677506178095,40.79104255126476,2,4,0,0.37089031223842506,2
34.985396974224486,73.58590292937768,967.925561190779,83.52491468001877,117.78693309162706,0.06640601729290041,-33.716797037763826,131.3003745055678,25.29297998374502,22.519160651950397,8,3,17,0.7304667011443706,0
32.367411771360665,31.12357173685475,1030.000348176368,211.1259425580374,81.62069520240391,2.7100764923986302,-83.15011900355452,46.45674460937561,20.451367588438895,16.256646420013222,8,3,17,0.41067624828270033,1
21.803628430749068,62.71576046343489,1005.2707075718545,752.4683375864944,60.747700142154166,2.2978148875276094,-83.2035767393458,55.52834429672396,34.10444528398716,23.555517749887695,5,2,3,0.2796614070149861,0
29.755766671727176,29.474785759437985,989.6553681989964,51.29384898121558,88.36181012102134,2.4948397211039652,-94.16346623618684,63.653389926338335,47.70913756364386,40.9368995227326,9,1,14,0.6097240475222925,2
24.02434742350067,72.5962560220332,963.1715028579093,492.53538071428926,36.159663831836355,0.36106592667593973,-35.0044573639355,24.24401743905645,29.67694445289082,6.230710385376059,9,1,18,0.6868775596501845,1
17.289551833165852,65.98686093869976,1036.5295758908912,442.10703467972,110.76575864894276,3.4221768053465373,-59.41840195421596,55.35876445361908,51.541456589709036,42.882799412091366,8,0,18,0.4592935611795642,0
37.93283938655607,86.96302347584206,965.7273208179715,334.40117898874865,40.744291020437714,2.516102074293172,-53.30742000122523,42.69432563819389,16.620505508767277,44.8754417554177,3,4,9,0.5655007313555015,0
18.420465772974033,24.827061144949482,980.9787859209099,394.57231531892376,59.505855409723644,3.82574424930632,-36.18961789158632,91.61042121191183,97.77351000126744,47.335395751694406,4,0,4,0.6940660748559568,0
38.75593384552006,23.993830480587803,979.0045531962437,529.9405869302329,103.41708425635088,2.4264531703085765,-75.80658817694473,181.77907202658074,10.881663041002888,19.87439962113139,9,2,18,0.7677100515575095,0
26.150144323948894,39.75309522852401,1037.1414034190855,161.3673583883831,83.75811404976406,0.7469081811321604,-56.49448822033411,21.791583034037657,93.20121955147177,10.857020201883593,5,2,10,0.8955714790830762,0
